ISO-10303-21;
HEADER;
FILE_DESCRIPTION (( 'STEP AP214' ),
    '1' );
FILE_NAME ('JigDown.STEP',
    '2026-08-22T08:27:30',
    ( '' ),
    ( '' ),
    'SwSTEP 2.0',
    'SolidWorks 2025',
    '' );
FILE_SCHEMA (( 'AUTOMOTIVE_DESIGN' ));
ENDSEC;

DATA;
#1 = CIRCLE ( 'NONE', #294, 2.707106781186562561 ) ;
#2 = EDGE_LOOP ( 'NONE', ( #1852, #2089, #2079, #2078 ) ) ;
#3 = LINE ( 'NONE', #1636, #518 ) ;
#4 = AXIS2_PLACEMENT_3D ( 'NONE', #1651, #1790, #174 ) ;
#5 = AXIS2_PLACEMENT_3D ( 'NONE', #997, #671, #1343 ) ;
#6 = CIRCLE ( 'NONE', #1751, 7.000000000000001776 ) ;
#7 = LINE ( 'NONE', #1785, #908 ) ;
#8 = VERTEX_POINT ( 'NONE', #2108 ) ;
#9 = EDGE_CURVE ( 'NONE', #295, #1560, #631, .T. ) ;
#10 = CARTESIAN_POINT ( 'NONE',  ( 77.00000000000000000, 2.999999999999999112, -15.00000000000000000 ) ) ;
#11 = CARTESIAN_POINT ( 'NONE',  ( 43.00000000000000000, 5.000000000000000000, 3.414213562373110022 ) ) ;
#12 = ORIENTED_EDGE ( 'NONE', *, *, #2045, .T. ) ;
#13 = CARTESIAN_POINT ( 'NONE',  ( 64.00000000000000000, 2.999999999999999112, -11.99999999999999645 ) ) ;
#14 = CARTESIAN_POINT ( 'NONE',  ( 37.00000000000000711, 4.292893218813452094, 0.000000000000000000 ) ) ;
#15 = DIRECTION ( 'NONE',  ( 0.000000000000000000, 0.000000000000000000, -1.000000000000000000 ) ) ;
#16 = DIRECTION ( 'NONE',  ( -0.000000000000000000, 0.000000000000000000, -1.000000000000000000 ) ) ;
#17 = EDGE_LOOP ( 'NONE', ( #1962, #49 ) ) ;
#18 = CARTESIAN_POINT ( 'NONE',  ( -2.215844100508403525, 4.000000000000000888, -0.9230033927357985668 ) ) ;
#19 = EDGE_CURVE ( 'NONE', #193, #89, #1615, .T. ) ;
#20 = ORIENTED_EDGE ( 'NONE', *, *, #924, .F. ) ;
#21 = CARTESIAN_POINT ( 'NONE',  ( 0.000000000000000000, 0.000000000000000000, 0.000000000000000000 ) ) ;
#22 = CARTESIAN_POINT ( 'NONE',  ( 0.000000000000000000, 4.000000000000000000, -7.000000000000002665 ) ) ;
#23 = DIRECTION ( 'NONE',  ( -0.000000000000000000, -1.000000000000000000, 0.000000000000000000 ) ) ;
#24 = ORIENTED_EDGE ( 'NONE', *, *, #1858, .F. ) ;
#25 = CIRCLE ( 'NONE', #907, 4.000000000000017764 ) ;
#26 = PLANE ( 'NONE',  #642 ) ;
#27 = ORIENTED_EDGE ( 'NONE', *, *, #421, .T. ) ;
#28 = TOROIDAL_SURFACE ( 'NONE', #2027, 3.414213562373110911, 1.000000000000000000 ) ;
#29 = CARTESIAN_POINT ( 'NONE',  ( 67.00000000000000000, 4.000000000000000000, 13.99999999999998224 ) ) ;
#30 = AXIS2_PLACEMENT_3D ( 'NONE', #1847, #1382, #374 ) ;
#31 = CYLINDRICAL_SURFACE ( 'NONE', #1129, 1.000000000000000000 ) ;
#32 = DIRECTION ( 'NONE',  ( 0.000000000000000000, 0.000000000000000000, -1.000000000000000000 ) ) ;
#33 = CIRCLE ( 'NONE', #945, 1.999999999999984457 ) ;
#34 = CARTESIAN_POINT ( 'NONE',  ( 61.00000000000000000, 2.999999999999999112, 6.999999999999993783 ) ) ;
#35 = AXIS2_PLACEMENT_3D ( 'NONE', #1117, #1769, #626 ) ;
#36 = VERTEX_POINT ( 'NONE', #10 ) ;
#37 = AXIS2_PLACEMENT_3D ( 'NONE', #1220, #543, #2026 ) ;
#38 = CYLINDRICAL_SURFACE ( 'NONE', #1381, 2.000000000000001776 ) ;
#39 = CARTESIAN_POINT ( 'NONE',  ( 35.00000000000000000, 4.000000000000000000, 0.000000000000000000 ) ) ;
#40 = FACE_OUTER_BOUND ( 'NONE', #1569, .T. ) ;
#41 = ORIENTED_EDGE ( 'NONE', *, *, #1789, .T. ) ;
#42 = DIRECTION ( 'NONE',  ( 0.000000000000000000, 0.000000000000000000, 1.000000000000000000 ) ) ;
#43 = CARTESIAN_POINT ( 'NONE',  ( 43.00000000000000000, 4.292893218813452094, -2.707106781186563449 ) ) ;
#44 = CARTESIAN_POINT ( 'NONE',  ( 77.00000000000000000, 4.000000000000000000, 12.00000000000000000 ) ) ;
#45 = EDGE_CURVE ( 'NONE', #1186, #1921, #1880, .T. ) ;
#46 = DIRECTION ( 'NONE',  ( -0.000000000000000000, -0.000000000000000000, -1.000000000000000000 ) ) ;
#47 = EDGE_CURVE ( 'NONE', #1394, #547, #1775, .T. ) ;
#48 = CARTESIAN_POINT ( 'NONE',  ( 64.00000000000000000, 1.000000000000000888, -10.00000000000000178 ) ) ;
#49 = ORIENTED_EDGE ( 'NONE', *, *, #586, .T. ) ;
#50 = ADVANCED_FACE ( 'NONE', ( #1463 ), #307, .F. ) ;
#51 = CARTESIAN_POINT ( 'NONE',  ( 4.518808320163048009, 4.000000000000000888, 1.570135535717034569 ) ) ;
#52 = ORIENTED_EDGE ( 'NONE', *, *, #1252, .T. ) ;
#53 = CARTESIAN_POINT ( 'NONE',  ( 79.00000000000000000, 0.000000000000000000, 12.00000000000000000 ) ) ;
#54 = CARTESIAN_POINT ( 'NONE',  ( 61.00000000000000000, 0.000000000000000000, -7.000000000000002665 ) ) ;
#55 = ADVANCED_FACE ( 'NONE', ( #1623 ), #826, .T. ) ;
#56 = PLANE ( 'NONE',  #1016 ) ;
#57 = ORIENTED_EDGE ( 'NONE', *, *, #2008, .T. ) ;
#58 = ORIENTED_EDGE ( 'NONE', *, *, #994, .T. ) ;
#59 = EDGE_CURVE ( 'NONE', #1514, #1865, #800, .T. ) ;
#60 = CARTESIAN_POINT ( 'NONE',  ( -1.427315949404550643, 4.000000000000000000, 2.335116941245062971 ) ) ;
#61 = EDGE_LOOP ( 'NONE', ( #84, #286, #1112, #1754 ) ) ;
#62 = DIRECTION ( 'NONE',  ( -0.000000000000000000, -1.000000000000000000, -0.000000000000000000 ) ) ;
#63 = FACE_OUTER_BOUND ( 'NONE', #100, .T. ) ;
#64 = AXIS2_PLACEMENT_3D ( 'NONE', #1630, #155, #1723 ) ;
#65 = DIRECTION ( 'NONE',  ( 0.000000000000000000, 0.000000000000000000, 1.000000000000000000 ) ) ;
#66 = ORIENTED_EDGE ( 'NONE', *, *, #266, .T. ) ;
#67 = VECTOR ( 'NONE', #104, 1000.000000000000114 ) ;
#68 = VECTOR ( 'NONE', #1582, 1000.000000000000000 ) ;
#69 = AXIS2_PLACEMENT_3D ( 'NONE', #328, #173, #345 ) ;
#70 = DIRECTION ( 'NONE',  ( 0.000000000000000000, 0.000000000000000000, -1.000000000000000000 ) ) ;
#71 = EDGE_CURVE ( 'NONE', #1855, #1186, #1772, .T. ) ;
#72 = TOROIDAL_SURFACE ( 'NONE', #135, 3.414213562373110022, 1.000000000000000000 ) ;
#73 = ORIENTED_EDGE ( 'NONE', *, *, #2021, .F. ) ;
#74 = AXIS2_PLACEMENT_3D ( 'NONE', #940, #1585, #113 ) ;
#75 = EDGE_CURVE ( 'NONE', #466, #251, #808, .T. ) ;
#76 = LINE ( 'NONE', #1871, #571 ) ;
#77 = CARTESIAN_POINT ( 'NONE',  ( 43.00000000000000711, 5.414213562373113575, 0.000000000000000000 ) ) ;
#78 = CARTESIAN_POINT ( 'NONE',  ( 77.00000000000000000, 4.000000000000000000, -12.00000000000000000 ) ) ;
#79 = ORIENTED_EDGE ( 'NONE', *, *, #757, .F. ) ;
#80 = EDGE_LOOP ( 'NONE', ( #597, #1505, #719, #608 ) ) ;
#81 = ADVANCED_FACE ( 'NONE', ( #618 ), #449, .F. ) ;
#82 = DIRECTION ( 'NONE',  ( 1.000000000000000000, 0.000000000000000000, -0.000000000000000000 ) ) ;
#83 = PLANE ( 'NONE',  #573 ) ;
#84 = ORIENTED_EDGE ( 'NONE', *, *, #1750, .T. ) ;
#85 = CARTESIAN_POINT ( 'NONE',  ( 7.488325421545968756E-16, 0.000000000000000000, 6.000000000000000000 ) ) ;
#86 = CARTESIAN_POINT ( 'NONE',  ( 67.00000000000000000, 2.999999999999999112, 14.99999999999999822 ) ) ;
#87 = VERTEX_POINT ( 'NONE', #95 ) ;
#88 = CARTESIAN_POINT ( 'NONE',  ( 4.776187096557508838, 3.999999999999999112, 0.9231884400614480679 ) ) ;
#89 = VERTEX_POINT ( 'NONE', #2098 ) ;
#90 = CYLINDRICAL_SURFACE ( 'NONE', #201, 2.999999999999999112 ) ;
#91 = CARTESIAN_POINT ( 'NONE',  ( 0.000000000000000000, 5.000000000000000000, -3.414213562373109578 ) ) ;
#92 = DIRECTION ( 'NONE',  ( 1.000000000000000000, 0.000000000000000000, 1.084202172485504434E-16 ) ) ;
#93 = EDGE_CURVE ( 'NONE', #810, #1217, #1739, .T. ) ;
#94 = CIRCLE ( 'NONE', #639, 2.999999999999999112 ) ;
#95 = CARTESIAN_POINT ( 'NONE',  ( 45.70710678118656745, 4.292893218813453871, 0.000000000000000000 ) ) ;
#96 = AXIS2_PLACEMENT_3D ( 'NONE', #794, #289, #498 ) ;
#97 = EDGE_LOOP ( 'NONE', ( #1379, #1788, #325, #1425 ) ) ;
#98 = VECTOR ( 'NONE', #250, 1000.000000000000114 ) ;
#99 = CARTESIAN_POINT ( 'NONE',  ( 77.00000000000000000, 1.000000000000000888, 15.00000000000000000 ) ) ;
#100 = EDGE_LOOP ( 'NONE', ( #439, #1910, #124, #1648 ) ) ;
#101 = VECTOR ( 'NONE', #1641, 1000.000000000000000 ) ;
#102 = AXIS2_PLACEMENT_3D ( 'NONE', #1767, #103, #750 ) ;
#103 = DIRECTION ( 'NONE',  ( -0.000000000000000000, -0.000000000000000000, -1.000000000000000000 ) ) ;
#104 = DIRECTION ( 'NONE',  ( 0.000000000000000000, -0.7071067811865474617, 0.7071067811865474617 ) ) ;
#105 = EDGE_CURVE ( 'NONE', #1235, #1727, #115, .T. ) ;
#106 = DIRECTION ( 'NONE',  ( 0.000000000000000000, 1.000000000000000000, 0.000000000000000000 ) ) ;
#107 = ORIENTED_EDGE ( 'NONE', *, *, #2105, .F. ) ;
#108 = EDGE_CURVE ( 'NONE', #877, #1771, #1263, .T. ) ;
#109 = DIRECTION ( 'NONE',  ( -0.7071067811865425767, -0.7071067811865524577, -0.000000000000000000 ) ) ;
#110 = ORIENTED_EDGE ( 'NONE', *, *, #1199, .T. ) ;
#111 = SHAPE_DEFINITION_REPRESENTATION ( #1397, #616 ) ;
#112 = ORIENTED_EDGE ( 'NONE', *, *, #1448, .F. ) ;
#113 = DIRECTION ( 'NONE',  ( 0.000000000000000000, 0.000000000000000000, -1.000000000000000000 ) ) ;
#114 = EDGE_CURVE ( 'NONE', #1791, #1171, #25, .T. ) ;
#115 = LINE ( 'NONE', #944, #1848 ) ;
#116 = ORIENTED_EDGE ( 'NONE', *, *, #117, .T. ) ;
#117 = EDGE_CURVE ( 'NONE', #2056, #89, #2025, .T. ) ;
#118 = ORIENTED_EDGE ( 'NONE', *, *, #1592, .F. ) ;
#119 = ORIENTED_EDGE ( 'NONE', *, *, #2051, .F. ) ;
#120 = DIRECTION ( 'NONE',  ( -0.000000000000000000, -1.000000000000000000, 0.000000000000000000 ) ) ;
#121 = DIRECTION ( 'NONE',  ( -1.000000000000000000, 0.000000000000000000, 0.000000000000000000 ) ) ;
#122 = VECTOR ( 'NONE', #140, 1000.000000000000000 ) ;
#123 = CARTESIAN_POINT ( 'NONE',  ( 40.00000000000000711, 13.99999999999999822, 2.000000000000000000 ) ) ;
#124 = ORIENTED_EDGE ( 'NONE', *, *, #1689, .F. ) ;
#125 = VECTOR ( 'NONE', #92, 1000.000000000000000 ) ;
#126 = VECTOR ( 'NONE', #2036, 1000.000000000000114 ) ;
#127 = ORIENTED_EDGE ( 'NONE', *, *, #246, .F. ) ;
#128 = AXIS2_PLACEMENT_3D ( 'NONE', #878, #1540, #70 ) ;
#129 = ADVANCED_FACE ( 'NONE', ( #1899 ), #1088, .T. ) ;
#130 = CIRCLE ( 'NONE', #1476, 2.999999999999999112 ) ;
#131 = ORIENTED_EDGE ( 'NONE', *, *, #764, .T. ) ;
#132 = UNCERTAINTY_MEASURE_WITH_UNIT (LENGTH_MEASURE( 1.000000000000000082E-05 ), #386, 'distance_accuracy_value', 'NONE');
#133 = AXIS2_PLACEMENT_3D ( 'NONE', #489, #46, #1028 ) ;
#134 = PLANE ( 'NONE',  #232 ) ;
#135 = AXIS2_PLACEMENT_3D ( 'NONE', #1162, #1493, #15 ) ;
#136 = CARTESIAN_POINT ( 'NONE',  ( 65.00000000000000000, 0.000000000000000000, -10.00000000000000178 ) ) ;
#137 = DIRECTION ( 'NONE',  ( -1.000000000000000000, 0.000000000000000000, 0.000000000000000000 ) ) ;
#138 = ORIENTED_EDGE ( 'NONE', *, *, #1799, .T. ) ;
#139 = CARTESIAN_POINT ( 'NONE',  ( 64.00000000000000000, 1.000000000000000888, -11.99999999999999645 ) ) ;
#140 = DIRECTION ( 'NONE',  ( 6.938893903907228378E-16, 1.000000000000000000, 0.000000000000000000 ) ) ;
#141 = ADVANCED_FACE ( 'NONE', ( #278 ), #1072, .F. ) ;
#142 = VERTEX_POINT ( 'NONE', #1453 ) ;
#143 = CARTESIAN_POINT ( 'NONE',  ( 79.00000000000000000, 0.000000000000000000, 12.00000000000000000 ) ) ;
#144 = DIRECTION ( 'NONE',  ( -1.000000000000000000, -4.336808689942013792E-16, 0.000000000000000000 ) ) ;
#145 = FACE_OUTER_BOUND ( 'NONE', #17, .T. ) ;
#146 = ORIENTED_EDGE ( 'NONE', *, *, #602, .F. ) ;
#147 = DIRECTION ( 'NONE',  ( 0.000000000000000000, 0.000000000000000000, 1.000000000000000000 ) ) ;
#148 = FACE_OUTER_BOUND ( 'NONE', #459, .T. ) ;
#149 = CARTESIAN_POINT ( 'NONE',  ( 1.047194600404859344, 4.000000000000000000, -3.500615630623666430 ) ) ;
#150 = VERTEX_POINT ( 'NONE', #1251 ) ;
#151 = DIRECTION ( 'NONE',  ( -1.000000000000000000, 0.000000000000000000, -0.000000000000000000 ) ) ;
#152 = CARTESIAN_POINT ( 'NONE',  ( 64.00000000000000000, 1.000000000000000888, -10.00000000000000178 ) ) ;
#153 = CARTESIAN_POINT ( 'NONE',  ( 67.00000000000000000, 4.000000000000000000, -13.99999999999998046 ) ) ;
#154 = EDGE_CURVE ( 'NONE', #2117, #557, #1535, .T. ) ;
#155 = DIRECTION ( 'NONE',  ( -1.533293416683374138E-16, -0.7071067811865475727, -0.7071067811865475727 ) ) ;
#156 = ORIENTED_EDGE ( 'NONE', *, *, #991, .T. ) ;
#157 = AXIS2_PLACEMENT_3D ( 'NONE', #915, #786, #1580 ) ;
#158 = EDGE_LOOP ( 'NONE', ( #1319, #1997, #317, #1293 ) ) ;
#159 = VECTOR ( 'NONE', #1679, 1000.000000000000000 ) ;
#160 = DIRECTION ( 'NONE',  ( -0.000000000000000000, -0.000000000000000000, -1.000000000000000000 ) ) ;
#161 = DIRECTION ( 'NONE',  ( 0.000000000000000000, 0.7071067811865489050, 0.7071067811865462405 ) ) ;
#162 = EDGE_LOOP ( 'NONE', ( #371, #367, #1526, #651 ) ) ;
#163 = CARTESIAN_POINT ( 'NONE',  ( 80.00000000000000000, 2.999999999999999112, 12.00000000000000000 ) ) ;
#164 = AXIS2_PLACEMENT_3D ( 'NONE', #1529, #1695, #706 ) ;
#165 = CARTESIAN_POINT ( 'NONE',  ( -3.035766082959405315E-15, 4.000000000000000000, -13.99999999999996803 ) ) ;
#166 = VECTOR ( 'NONE', #620, 1000.000000000000000 ) ;
#167 = DIRECTION ( 'NONE',  ( 0.000000000000000000, -0.7071067811865469066, -0.7071067811865481278 ) ) ;
#168 = ADVANCED_FACE ( 'NONE', ( #1731 ), #596, .F. ) ;
#169 = DIRECTION ( 'NONE',  ( 0.7071067811865525687, 0.7071067811865425767, 0.000000000000000000 ) ) ;
#170 = EDGE_LOOP ( 'NONE', ( #239, #462, #535, #1165 ) ) ;
#171 = PRODUCT_DEFINITION ( 'ๆ', '', #1650, #318 ) ;
#172 = DIRECTION ( 'NONE',  ( 0.7071067811865425767, -0.7071067811865524577, 0.000000000000000000 ) ) ;
#173 = DIRECTION ( 'NONE',  ( -6.938893903907229364E-16, 1.000000000000000000, 0.000000000000000000 ) ) ;
#174 = DIRECTION ( 'NONE',  ( -1.000000000000000000, 0.000000000000000000, 0.000000000000000000 ) ) ;
#175 = ORIENTED_EDGE ( 'NONE', *, *, #1188, .T. ) ;
#176 = DIRECTION ( 'NONE',  ( 0.000000000000000000, -0.7071067811865475727, -0.7071067811865475727 ) ) ;
#177 = DIRECTION ( 'NONE',  ( -1.000000000000000000, 0.000000000000000000, 2.168404344971008868E-16 ) ) ;
#178 = DIRECTION ( 'NONE',  ( 0.000000000000000000, -0.7071067811865425767, -0.7071067811865525687 ) ) ;
#179 = DIRECTION ( 'NONE',  ( -1.000000000000000000, 0.000000000000000000, 0.000000000000000000 ) ) ;
#180 = DIRECTION ( 'NONE',  ( -0.7071067811865475727, -0.7071067811865475727, -0.000000000000000000 ) ) ;
#181 = EDGE_LOOP ( 'NONE', ( #2043, #1122, #274, #526 ) ) ;
#182 = ORIENTED_EDGE ( 'NONE', *, *, #1816, .T. ) ;
#183 = CARTESIAN_POINT ( 'NONE',  ( 4.402513590474975480, 4.000000000000000000, -1.775984271346577881 ) ) ;
#184 = EDGE_CURVE ( 'NONE', #819, #1791, #587, .T. ) ;
#185 = ORIENTED_EDGE ( 'NONE', *, *, #755, .F. ) ;
#186 = CARTESIAN_POINT ( 'NONE',  ( 67.00000000000000000, 2.999999999999999112, 11.99999999999999822 ) ) ;
#187 = CARTESIAN_POINT ( 'NONE',  ( 64.00000000000000000, 1.000000000000000888, 9.999999999999994671 ) ) ;
#188 = LINE ( 'NONE', #841, #1211 ) ;
#189 = CARTESIAN_POINT ( 'NONE',  ( 37.00000000000000711, 5.414213562373112687, 0.000000000000000000 ) ) ;
#190 = ORIENTED_EDGE ( 'NONE', *, *, #1419, .T. ) ;
#191 = DIRECTION ( 'NONE',  ( -6.938893903907229364E-16, 1.000000000000000000, -0.000000000000000000 ) ) ;
#192 = CARTESIAN_POINT ( 'NONE',  ( 3.984164325811239138, 3.999999999999999112, -2.330149586897870329 ) ) ;
#193 = VERTEX_POINT ( 'NONE', #903 ) ;
#194 = AXIS2_PLACEMENT_3D ( 'NONE', #123, #925, #1428 ) ;
#195 = EDGE_CURVE ( 'NONE', #539, #1583, #567, .T. ) ;
#196 = LINE ( 'NONE', #1988, #303 ) ;
#197 = AXIS2_PLACEMENT_3D ( 'NONE', #1290, #634, #1640 ) ;
#198 = CARTESIAN_POINT ( 'NONE',  ( 65.00000000000001421, 4.000000000000000000, 11.99999999999999822 ) ) ;
#199 = EDGE_CURVE ( 'NONE', #1342, #193, #1301, .T. ) ;
#200 = DIRECTION ( 'NONE',  ( 0.000000000000000000, -1.000000000000000000, 0.000000000000000000 ) ) ;
#201 = AXIS2_PLACEMENT_3D ( 'NONE', #737, #583, #1904 ) ;
#202 = CARTESIAN_POINT ( 'NONE',  ( 64.00000000000000000, 4.000000000000000000, 6.999999999999993783 ) ) ;
#203 = VECTOR ( 'NONE', #1556, 1000.000000000000000 ) ;
#204 = EDGE_LOOP ( 'NONE', ( #52, #217, #1801, #951 ) ) ;
#205 = COLOUR_RGB ( '',0.7921568627450980005, 0.8196078431372548767, 0.9333333333333333481 ) ;
#206 = CARTESIAN_POINT ( 'NONE',  ( 37.00000000000000711, 5.414213562373109134, -3.000000000000000000 ) ) ;
#207 = EDGE_CURVE ( 'NONE', #1832, #142, #773, .T. ) ;
#208 = ORIENTED_EDGE ( 'NONE', *, *, #184, .F. ) ;
#209 = CARTESIAN_POINT ( 'NONE',  ( 37.00000000000000000, 14.00000000000000000, 0.000000000000000000 ) ) ;
#210 = LINE ( 'NONE', #1370, #845 ) ;
#211 = DIRECTION ( 'NONE',  ( 0.000000000000000000, 0.000000000000000000, -1.000000000000000000 ) ) ;
#212 = FACE_BOUND ( 'NONE', #1948, .T. ) ;
#213 = ORIENTED_EDGE ( 'NONE', *, *, #342, .F. ) ;
#214 = ORIENTED_EDGE ( 'NONE', *, *, #994, .F. ) ;
#215 = CARTESIAN_POINT ( 'NONE',  ( 45.29289321881345387, 4.707106781186564781, 0.000000000000000000 ) ) ;
#216 = CARTESIAN_POINT ( 'NONE',  ( 4.872830997621179883, 4.000000000000000000, 0.4630793527866791104 ) ) ;
#217 = ORIENTED_EDGE ( 'NONE', *, *, #1887, .F. ) ;
#218 = CYLINDRICAL_SURFACE ( 'NONE', #914, 3.000000000000000888 ) ;
#219 = LINE ( 'NONE', #53, #1094 ) ;
#220 = FACE_OUTER_BOUND ( 'NONE', #406, .T. ) ;
#221 = VERTEX_POINT ( 'NONE', #1611 ) ;
#222 = ADVANCED_FACE ( 'NONE', ( #1244 ), #28, .F. ) ;
#223 = DIRECTION ( 'NONE',  ( 1.000000000000000000, -0.000000000000000000, -0.000000000000000000 ) ) ;
#224 = VERTEX_POINT ( 'NONE', #1981 ) ;
#225 =( NAMED_UNIT ( * ) SI_UNIT ( $, .STERADIAN. ) SOLID_ANGLE_UNIT ( ) );
#226 = LINE ( 'NONE', #1037, #126 ) ;
#227 = AXIS2_PLACEMENT_3D ( 'NONE', #667, #16, #179 ) ;
#228 = DIRECTION ( 'NONE',  ( -1.000000000000000000, 0.000000000000000000, 1.084202172485504434E-16 ) ) ;
#229 = VECTOR ( 'NONE', #1081, 1000.000000000000000 ) ;
#230 = DIRECTION ( 'NONE',  ( 0.000000000000000000, -0.000000000000000000, -1.000000000000000000 ) ) ;
#231 = ORIENTED_EDGE ( 'NONE', *, *, #1499, .F. ) ;
#232 = AXIS2_PLACEMENT_3D ( 'NONE', #785, #1620, #561 ) ;
#233 = VECTOR ( 'NONE', #401, 1000.000000000000000 ) ;
#234 = ORIENTED_EDGE ( 'NONE', *, *, #1187, .F. ) ;
#235 = VECTOR ( 'NONE', #191, 1000.000000000000000 ) ;
#236 = CARTESIAN_POINT ( 'NONE',  ( 3.643588269131507129, 4.000000000000000888, 2.653798559788807410 ) ) ;
#237 = CIRCLE ( 'NONE', #1998, 4.000000000000017764 ) ;
#238 = ADVANCED_FACE ( 'NONE', ( #1153, #659 ), #956, .F. ) ;
#239 = ORIENTED_EDGE ( 'NONE', *, *, #358, .T. ) ;
#240 = VECTOR ( 'NONE', #676, 1000.000000000000000 ) ;
#241 = LINE ( 'NONE', #48, #1536 ) ;
#242 = ORIENTED_EDGE ( 'NONE', *, *, #586, .F. ) ;
#243 = CARTESIAN_POINT ( 'NONE',  ( 0.8099143932540119328, 4.000000000000000000, 3.478798113166628792 ) ) ;
#244 = LINE ( 'NONE', #1902, #233 ) ;
#245 = VERTEX_POINT ( 'NONE', #352 ) ;
#246 = EDGE_CURVE ( 'NONE', #1727, #1632, #1166, .T. ) ;
#247 = CARTESIAN_POINT ( 'NONE',  ( 65.00000000000000000, 0.000000000000000000, 11.99999999999999822 ) ) ;
#248 = DIRECTION ( 'NONE',  ( 0.000000000000000000, 1.000000000000000000, 0.000000000000000000 ) ) ;
#249 = EDGE_LOOP ( 'NONE', ( #242, #693, #1155, #1386 ) ) ;
#250 = DIRECTION ( 'NONE',  ( 0.7071067811865474617, -0.7071067811865474617, 0.000000000000000000 ) ) ;
#251 = VERTEX_POINT ( 'NONE', #809 ) ;
#252 = EDGE_CURVE ( 'NONE', #1482, #1235, #292, .T. ) ;
#253 = ADVANCED_FACE ( 'NONE', ( #2106 ), #670, .F. ) ;
#254 = CARTESIAN_POINT ( 'NONE',  ( 64.00000000000000000, 1.000000000000000888, -11.99999999999999645 ) ) ;
#255 = EDGE_CURVE ( 'NONE', #2012, #867, #1666, .T. ) ;
#256 = DIRECTION ( 'NONE',  ( -1.000000000000000000, 8.673617379884027583E-16, 0.000000000000000000 ) ) ;
#257 = DIRECTION ( 'NONE',  ( 0.000000000000000000, 0.000000000000000000, 1.000000000000000000 ) ) ;
#258 = DIRECTION ( 'NONE',  ( -0.7071067811865474617, -0.7071067811865474617, 0.000000000000000000 ) ) ;
#259 = CONICAL_SURFACE ( 'NONE', #1435, 2.000000000000001776, 0.7853981633974470578 ) ;
#260 = EDGE_LOOP ( 'NONE', ( #759, #560, #724, #969 ) ) ;
#261 = VECTOR ( 'NONE', #1661, 1000.000000000000114 ) ;
#262 = DIRECTION ( 'NONE',  ( 0.000000000000000000, 0.000000000000000000, -1.000000000000000000 ) ) ;
#263 = CONICAL_SURFACE ( 'NONE', #1890, 1.999999999999984457, 0.7853981633974557175 ) ;
#264 = ORIENTED_EDGE ( 'NONE', *, *, #1750, .F. ) ;
#265 = AXIS2_PLACEMENT_3D ( 'NONE', #77, #555, #1872 ) ;
#266 = EDGE_CURVE ( 'NONE', #1842, #867, #977, .T. ) ;
#267 = ORIENTED_EDGE ( 'NONE', *, *, #976, .F. ) ;
#268 = CYLINDRICAL_SURFACE ( 'NONE', #1352, 3.000000000000000000 ) ;
#269 = LINE ( 'NONE', #1768, #125 ) ;
#270 = DIRECTION ( 'NONE',  ( 0.000000000000000000, 0.000000000000000000, -1.000000000000000000 ) ) ;
#271 = CARTESIAN_POINT ( 'NONE',  ( 1.842431943322183185, 2.000000000000000000, 0.000000000000000000 ) ) ;
#272 = VERTEX_POINT ( 'NONE', #501 ) ;
#273 = DIRECTION ( 'NONE',  ( -0.000000000000000000, -1.000000000000000000, -0.000000000000000000 ) ) ;
#274 = ORIENTED_EDGE ( 'NONE', *, *, #1499, .T. ) ;
#275 = ORIENTED_EDGE ( 'NONE', *, *, #1913, .T. ) ;
#276 = CARTESIAN_POINT ( 'NONE',  ( 33.99999999999998579, 4.000000000000000000, 0.000000000000000000 ) ) ;
#277 = CARTESIAN_POINT ( 'NONE',  ( 67.00000000000000000, 0.000000000000000000, -11.99999999999999645 ) ) ;
#278 = FACE_OUTER_BOUND ( 'NONE', #1044, .T. ) ;
#279 = ORIENTED_EDGE ( 'NONE', *, *, #93, .T. ) ;
#280 = EDGE_CURVE ( 'NONE', #819, #2060, #7, .T. ) ;
#281 = CARTESIAN_POINT ( 'NONE',  ( 78.99999999999998579, 4.000000000000000000, 0.000000000000000000 ) ) ;
#282 = ADVANCED_FACE ( 'NONE', ( #649 ), #637, .F. ) ;
#283 = ORIENTED_EDGE ( 'NONE', *, *, #1599, .T. ) ;
#284 = APPLICATION_PROTOCOL_DEFINITION ( 'draft international standard', 'automotive_design', 1998, #929 ) ;
#285 = DIRECTION ( 'NONE',  ( 0.000000000000000000, 0.7071067811865439090, -0.7071067811865512365 ) ) ;
#286 = ORIENTED_EDGE ( 'NONE', *, *, #2018, .T. ) ;
#287 = CYLINDRICAL_SURFACE ( 'NONE', #102, 1.099999999999996758 ) ;
#288 = FACE_OUTER_BOUND ( 'NONE', #1414, .T. ) ;
#289 = DIRECTION ( 'NONE',  ( 0.000000000000000000, -1.000000000000000000, 0.000000000000000000 ) ) ;
#290 = DIRECTION ( 'NONE',  ( 0.000000000000000000, 0.000000000000000000, 1.000000000000000000 ) ) ;
#291 = ORIENTED_EDGE ( 'NONE', *, *, #1715, .T. ) ;
#292 = CIRCLE ( 'NONE', #941, 2.000000000000001776 ) ;
#293 = DIRECTION ( 'NONE',  ( -0.000000000000000000, -1.000000000000000000, -0.000000000000000000 ) ) ;
#294 = AXIS2_PLACEMENT_3D ( 'NONE', #14, #1990, #657 ) ;
#295 = VERTEX_POINT ( 'NONE', #1329 ) ;
#296 = CIRCLE ( 'NONE', #1378, 2.999999999999999112 ) ;
#297 = AXIS2_PLACEMENT_3D ( 'NONE', #1401, #1730, #1898 ) ;
#298 = LINE ( 'NONE', #484, #2092 ) ;
#299 = VERTEX_POINT ( 'NONE', #1643 ) ;
#300 = DIRECTION ( 'NONE',  ( 0.7071067811865474617, 0.7071067811865474617, 0.000000000000000000 ) ) ;
#301 = VECTOR ( 'NONE', #909, 999.9999999999998863 ) ;
#302 = DIRECTION ( 'NONE',  ( -0.000000000000000000, -1.000000000000000000, 0.000000000000000000 ) ) ;
#303 = VECTOR ( 'NONE', #487, 1000.000000000000114 ) ;
#304 = CARTESIAN_POINT ( 'NONE',  ( 37.00000000000000000, 14.00000000000000000, 2.000000000000000000 ) ) ;
#305 = LINE ( 'NONE', #1656, #1053 ) ;
#306 = ORIENTED_EDGE ( 'NONE', *, *, #2115, .T. ) ;
#307 = PLANE ( 'NONE',  #2023 ) ;
#308 = DIRECTION ( 'NONE',  ( 0.000000000000000000, 0.000000000000000000, 1.000000000000000000 ) ) ;
#309 = ORIENTED_EDGE ( 'NONE', *, *, #1774, .F. ) ;
#310 = DIRECTION ( 'NONE',  ( 0.000000000000000000, 0.000000000000000000, -1.000000000000000000 ) ) ;
#311 = PLANE ( 'NONE',  #331 ) ;
#312 = DIRECTION ( 'NONE',  ( -0.000000000000000000, -1.000000000000000000, -0.000000000000000000 ) ) ;
#313 = FACE_OUTER_BOUND ( 'NONE', #158, .T. ) ;
#314 = ORIENTED_EDGE ( 'NONE', *, *, #663, .T. ) ;
#315 = ORIENTED_EDGE ( 'NONE', *, *, #154, .T. ) ;
#316 = CARTESIAN_POINT ( 'NONE',  ( 1.748197940526669436, 4.000000000000000000, -3.476528999210776405 ) ) ;
#317 = ORIENTED_EDGE ( 'NONE', *, *, #812, .F. ) ;
#318 = PRODUCT_DEFINITION_CONTEXT ( 'detailed design', #929, 'design' ) ;
#319 = FACE_OUTER_BOUND ( 'NONE', #967, .T. ) ;
#320 = CARTESIAN_POINT ( 'NONE',  ( 0.000000000000000000, 4.000000000000000000, -7.000000000000002665 ) ) ;
#321 = EDGE_CURVE ( 'NONE', #1530, #1022, #842, .T. ) ;
#322 = DIRECTION ( 'NONE',  ( -1.000000000000000000, 0.000000000000000000, 2.168404344971008868E-16 ) ) ;
#323 = EDGE_CURVE ( 'NONE', #1498, #1810, #2120, .T. ) ;
#324 = DIRECTION ( 'NONE',  ( -1.000000000000000000, 0.000000000000000000, 0.000000000000000000 ) ) ;
#325 = ORIENTED_EDGE ( 'NONE', *, *, #1281, .F. ) ;
#326 = AXIS2_PLACEMENT_3D ( 'NONE', #1272, #1598, #753 ) ;
#327 = ORIENTED_EDGE ( 'NONE', *, *, #1700, .T. ) ;
#328 = CARTESIAN_POINT ( 'NONE',  ( 37.00000000000000711, 4.000000000000001776, 0.000000000000000000 ) ) ;
#329 = AXIS2_PLACEMENT_3D ( 'NONE', #397, #2046, #1228 ) ;
#330 = CARTESIAN_POINT ( 'NONE',  ( 4.135652734375970141, 4.000000000000000000, -2.154679041153434227 ) ) ;
#331 = AXIS2_PLACEMENT_3D ( 'NONE', #988, #1958, #1335 ) ;
#332 = ORIENTED_EDGE ( 'NONE', *, *, #470, .F. ) ;
#333 = CARTESIAN_POINT ( 'NONE',  ( 43.00000000000000000, 5.000000000000015099, 2.000000000000000000 ) ) ;
#334 = CIRCLE ( 'NONE', #1024, 1.000000000000000000 ) ;
#335 = EDGE_CURVE ( 'NONE', #1560, #1201, #979, .T. ) ;
#336 = CARTESIAN_POINT ( 'NONE',  ( 43.00000000000000000, 5.000000000000000000, 0.000000000000000000 ) ) ;
#337 = DIRECTION ( 'NONE',  ( -8.659560562354990790E-17, 0.7071067811865425767, -0.7071067811865525687 ) ) ;
#338 = VECTOR ( 'NONE', #1699, 1000.000000000000000 ) ;
#339 = DIRECTION ( 'NONE',  ( 0.000000000000000000, 0.000000000000000000, 1.000000000000000000 ) ) ;
#340 = ORIENTED_EDGE ( 'NONE', *, *, #493, .T. ) ;
#341 = AXIS2_PLACEMENT_3D ( 'NONE', #186, #1193, #1846 ) ;
#342 = EDGE_CURVE ( 'NONE', #1048, #1235, #305, .T. ) ;
#343 = CARTESIAN_POINT ( 'NONE',  ( 37.00000000000000711, 4.707106781186562117, -2.292893218813453426 ) ) ;
#344 = ORIENTED_EDGE ( 'NONE', *, *, #1875, .F. ) ;
#345 = DIRECTION ( 'NONE',  ( -1.000000000000000000, -8.673617379884027583E-16, 0.000000000000000000 ) ) ;
#346 = CARTESIAN_POINT ( 'NONE',  ( -1.844727059332603281, 4.000000000000000888, -1.779173512102066868 ) ) ;
#347 = ORIENTED_EDGE ( 'NONE', *, *, #1419, .F. ) ;
#348 = DIRECTION ( 'NONE',  ( -1.000000000000000000, 0.000000000000000000, 0.000000000000000000 ) ) ;
#349 = FACE_OUTER_BOUND ( 'NONE', #1644, .T. ) ;
#350 = CARTESIAN_POINT ( 'NONE',  ( 80.00000000000000000, 1.000000000000000888, -12.00000000000000000 ) ) ;
#351 = CARTESIAN_POINT ( 'NONE',  ( 43.00000000000000000, 4.707106781186565669, 0.000000000000000000 ) ) ;
#352 = CARTESIAN_POINT ( 'NONE',  ( 43.00000000000000000, 4.707106781186565669, -2.292893218813449430 ) ) ;
#353 = ORIENTED_EDGE ( 'NONE', *, *, #114, .T. ) ;
#354 = DIRECTION ( 'NONE',  ( 0.000000000000000000, 1.000000000000000000, -0.000000000000000000 ) ) ;
#355 = ADVANCED_FACE ( 'NONE', ( #145 ), #1494, .T. ) ;
#356 = DIRECTION ( 'NONE',  ( 6.938893903907228378E-16, 1.000000000000000000, 0.000000000000000000 ) ) ;
#357 = DIRECTION ( 'NONE',  ( -1.000000000000000000, 0.000000000000000000, 0.000000000000000000 ) ) ;
#358 = EDGE_CURVE ( 'NONE', #789, #919, #1318, .T. ) ;
#359 = DIRECTION ( 'NONE',  ( 0.000000000000000000, -0.7071067811865416886, -0.7071067811865533459 ) ) ;
#360 = ORIENTED_EDGE ( 'NONE', *, *, #1985, .F. ) ;
#361 = DIRECTION ( 'NONE',  ( -1.000000000000000000, 0.000000000000000000, 0.000000000000000000 ) ) ;
#362 = DIRECTION ( 'NONE',  ( 0.000000000000000000, -0.7071067811865482389, 0.7071067811865469066 ) ) ;
#363 = DIRECTION ( 'NONE',  ( -1.000000000000000000, 0.000000000000000000, -1.084202172485504434E-16 ) ) ;
#364 = FACE_OUTER_BOUND ( 'NONE', #181, .T. ) ;
#365 = EDGE_LOOP ( 'NONE', ( #231, #1278, #454, #1538 ) ) ;
#366 = ADVANCED_FACE ( 'NONE', ( #313 ), #966, .T. ) ;
#367 = ORIENTED_EDGE ( 'NONE', *, *, #71, .F. ) ;
#368 = AXIS2_PLACEMENT_3D ( 'NONE', #1297, #1953, #621 ) ;
#369 = ADVANCED_FACE ( 'NONE', ( #364 ), #1393, .F. ) ;
#370 = LINE ( 'NONE', #1020, #912 ) ;
#371 = ORIENTED_EDGE ( 'NONE', *, *, #45, .F. ) ;
#372 = AXIS2_PLACEMENT_3D ( 'NONE', #1993, #1164, #339 ) ;
#373 = AXIS2_PLACEMENT_3D ( 'NONE', #1654, #464, #1141 ) ;
#374 = DIRECTION ( 'NONE',  ( 1.000000000000000000, 8.673617379884027583E-16, 0.000000000000000000 ) ) ;
#375 = DIRECTION ( 'NONE',  ( 1.084202172485504434E-16, 0.000000000000000000, -1.000000000000000000 ) ) ;
#376 = VECTOR ( 'NONE', #653, 1000.000000000000000 ) ;
#377 = DIRECTION ( 'NONE',  ( 1.000000000000000000, 0.000000000000000000, -1.084202172485504434E-16 ) ) ;
#378 = CONICAL_SURFACE ( 'NONE', #1344, 1.999999999999998224, 0.7853981633974487231 ) ;
#379 = ORIENTED_EDGE ( 'NONE', *, *, #1460, .F. ) ;
#380 = CIRCLE ( 'NONE', #1478, 2.292893218813450762 ) ;
#381 = DIRECTION ( 'NONE',  ( -0.000000000000000000, -1.000000000000000000, -0.000000000000000000 ) ) ;
#382 = FACE_BOUND ( 'NONE', #426, .T. ) ;
#383 = DIRECTION ( 'NONE',  ( 7.666467083416870691E-17, -0.7071067811865475727, 0.7071067811865475727 ) ) ;
#384 = ORIENTED_EDGE ( 'NONE', *, *, #1862, .F. ) ;
#385 = CARTESIAN_POINT ( 'NONE',  ( 37.00000000000000711, 4.707106781186563005, 2.292893218813451650 ) ) ;
#386 =( LENGTH_UNIT ( ) NAMED_UNIT ( * ) SI_UNIT ( .MILLI., .METRE. ) );
#387 = CARTESIAN_POINT ( 'NONE',  ( 43.00000000000000000, 4.000000000000000000, 0.000000000000000000 ) ) ;
#388 = EDGE_CURVE ( 'NONE', #1192, #871, #467, .T. ) ;
#389 = ORIENTED_EDGE ( 'NONE', *, *, #1913, .F. ) ;
#390 = ORIENTED_EDGE ( 'NONE', *, *, #2008, .F. ) ;
#391 = LINE ( 'NONE', #1043, #847 ) ;
#392 = LINE ( 'NONE', #860, #261 ) ;
#393 = ORIENTED_EDGE ( 'NONE', *, *, #1135, .F. ) ;
#394 = CARTESIAN_POINT ( 'NONE',  ( 80.00000000000000000, 1.000000000000000888, -12.00000000000000000 ) ) ;
#395 = EDGE_CURVE ( 'NONE', #1589, #819, #1568, .T. ) ;
#396 = CARTESIAN_POINT ( 'NONE',  ( 34.70710678118655323, 4.707106781186563893, 0.000000000000000000 ) ) ;
#397 = CARTESIAN_POINT ( 'NONE',  ( 67.00000000000000000, 4.000000000000000000, -11.99999999999999645 ) ) ;
#398 = EDGE_LOOP ( 'NONE', ( #1944, #1348, #982, #1177 ) ) ;
#399 = ORIENTED_EDGE ( 'NONE', *, *, #1187, .T. ) ;
#400 = CARTESIAN_POINT ( 'NONE',  ( -2.216420633399161400, 4.000000000000000000, 0.9213690720647214061 ) ) ;
#401 = DIRECTION ( 'NONE',  ( 1.000000000000000000, 0.000000000000000000, 1.084202172485504434E-16 ) ) ;
#402 = EDGE_LOOP ( 'NONE', ( #1387, #1253, #389, #450 ) ) ;
#403 = AXIS2_PLACEMENT_3D ( 'NONE', #1915, #1928, #121 ) ;
#404 = CONICAL_SURFACE ( 'NONE', #1375, 3.000000000000016431, 0.7853981633974487231 ) ;
#405 = LINE ( 'NONE', #1851, #540 ) ;
#406 = EDGE_LOOP ( 'NONE', ( #2047, #1084, #1076, #1806 ) ) ;
#407 = AXIS2_PLACEMENT_3D ( 'NONE', #1893, #433, #416 ) ;
#408 = TOROIDAL_SURFACE ( 'NONE', #776, 3.000000000000007994, 2.000000000000000000 ) ;
#409 = ORIENTED_EDGE ( 'NONE', *, *, #538, .F. ) ;
#410 = ADVANCED_FACE ( 'NONE', ( #1039 ), #525, .F. ) ;
#411 = AXIS2_PLACEMENT_3D ( 'NONE', #712, #2063, #1238 ) ;
#412 = CARTESIAN_POINT ( 'NONE',  ( -1.496355261637133838, 0.9499999999999989564, 0.000000000000000000 ) ) ;
#413 = CIRCLE ( 'NONE', #341, 3.000000000000000888 ) ;
#414 = ORIENTED_EDGE ( 'NONE', *, *, #19, .F. ) ;
#415 = CIRCLE ( 'NONE', #1687, 2.000000000000001776 ) ;
#416 = DIRECTION ( 'NONE',  ( 0.000000000000000000, 0.000000000000000000, -1.000000000000000000 ) ) ;
#417 = LINE ( 'NONE', #2037, #301 ) ;
#418 = DIRECTION ( 'NONE',  ( -0.9539392014169456591, -0.2999999999999999889, 0.000000000000000000 ) ) ;
#419 = FACE_OUTER_BOUND ( 'NONE', #1558, .T. ) ;
#420 = DIRECTION ( 'NONE',  ( 1.000000000000000000, 0.000000000000000000, -2.168404344971008868E-16 ) ) ;
#421 = EDGE_CURVE ( 'NONE', #619, #758, #241, .T. ) ;
#422 = ORIENTED_EDGE ( 'NONE', *, *, #1092, .F. ) ;
#423 = CARTESIAN_POINT ( 'NONE',  ( -2.145201781547901643, 4.000000000000000000, 1.145355263593539341 ) ) ;
#424 = ADVANCED_FACE ( 'NONE', ( #1701 ), #875, .T. ) ;
#425 = ADVANCED_FACE ( 'NONE', ( #220 ), #739, .F. ) ;
#426 = EDGE_LOOP ( 'NONE', ( #2107, #116 ) ) ;
#427 = FACE_OUTER_BOUND ( 'NONE', #1622, .T. ) ;
#428 = CARTESIAN_POINT ( 'NONE',  ( 8.572527594031473190E-16, 4.000000000000000000, 7.000000000000000888 ) ) ;
#429 = DIRECTION ( 'NONE',  ( 1.000000000000000000, 0.000000000000000000, 0.000000000000000000 ) ) ;
#430 = ORIENTED_EDGE ( 'NONE', *, *, #720, .F. ) ;
#431 = LINE ( 'NONE', #788, #68 ) ;
#432 = ORIENTED_EDGE ( 'NONE', *, *, #1087, .F. ) ;
#433 = DIRECTION ( 'NONE',  ( -0.000000000000000000, -1.000000000000000000, 0.000000000000000000 ) ) ;
#434 = CARTESIAN_POINT ( 'NONE',  ( 5.181219148281493325, 3.050000000000001155, 4.286263797015736595E-16 ) ) ;
#435 = CARTESIAN_POINT ( 'NONE',  ( 34.99999999999999289, 13.99999999999999822, 0.000000000000000000 ) ) ;
#436 = VECTOR ( 'NONE', #169, 999.9999999999998863 ) ;
#437 = DIRECTION ( 'NONE',  ( -8.673617379884026597E-16, 1.000000000000000000, 0.000000000000000000 ) ) ;
#438 = CONICAL_SURFACE ( 'NONE', #96, 1.999999999999988010, 0.7853981633974539411 ) ;
#439 = ORIENTED_EDGE ( 'NONE', *, *, #470, .T. ) ;
#440 = DIRECTION ( 'NONE',  ( 0.000000000000000000, 0.000000000000000000, -1.000000000000000000 ) ) ;
#441 = CARTESIAN_POINT ( 'NONE',  ( 77.00000000000000000, 0.000000000000000000, 14.00000000000000178 ) ) ;
#442 = AXIS2_PLACEMENT_3D ( 'NONE', #468, #1557, #257 ) ;
#443 = ORIENTED_EDGE ( 'NONE', *, *, #2105, .T. ) ;
#444 = CARTESIAN_POINT ( 'NONE',  ( 0.000000000000000000, 0.000000000000000000, 0.000000000000000000 ) ) ;
#445 = AXIS2_PLACEMENT_3D ( 'NONE', #1115, #615, #953 ) ;
#446 = ORIENTED_EDGE ( 'NONE', *, *, #1554, .F. ) ;
#447 = LINE ( 'NONE', #1105, #240 ) ;
#448 = CARTESIAN_POINT ( 'NONE',  ( 67.00000000000000000, 4.000000000000000000, 11.99999999999999822 ) ) ;
#449 = PLANE ( 'NONE',  #1566 ) ;
#450 = ORIENTED_EDGE ( 'NONE', *, *, #195, .F. ) ;
#451 = DIRECTION ( 'NONE',  ( 0.000000000000000000, 0.000000000000000000, -1.000000000000000000 ) ) ;
#452 = EDGE_LOOP ( 'NONE', ( #1086, #506, #432, #1670 ) ) ;
#453 = DIRECTION ( 'NONE',  ( 0.000000000000000000, 1.000000000000000000, -0.000000000000000000 ) ) ;
#454 = ORIENTED_EDGE ( 'NONE', *, *, #1726, .F. ) ;
#455 = DIRECTION ( 'NONE',  ( 0.000000000000000000, 0.000000000000000000, -1.000000000000000000 ) ) ;
#456 = CARTESIAN_POINT ( 'NONE',  ( 0.000000000000000000, 1.000000000000000888, -7.000000000000002665 ) ) ;
#457 = EDGE_CURVE ( 'NONE', #221, #471, #405, .T. ) ;
#458 = DIRECTION ( 'NONE',  ( 0.000000000000000000, 0.000000000000000000, 1.000000000000000000 ) ) ;
#459 = EDGE_LOOP ( 'NONE', ( #138, #702, #697, #1321 ) ) ;
#460 = CARTESIAN_POINT ( 'NONE',  ( 38.90000000000001279, 13.99999999999999822, 2.000000000000000000 ) ) ;
#461 = LINE ( 'NONE', #780, #1507 ) ;
#462 = ORIENTED_EDGE ( 'NONE', *, *, #1537, .F. ) ;
#463 = CARTESIAN_POINT ( 'NONE',  ( 77.00000000000000000, 4.000000000000000000, -15.00000000000000000 ) ) ;
#464 = DIRECTION ( 'NONE',  ( 0.000000000000000000, -0.000000000000000000, -1.000000000000000000 ) ) ;
#465 = DIRECTION ( 'NONE',  ( -1.000000000000000000, 4.336808689942013792E-16, 0.000000000000000000 ) ) ;
#466 = VERTEX_POINT ( 'NONE', #692 ) ;
#467 = CIRCLE ( 'NONE', #569, 3.414213562373110022 ) ;
#468 = CARTESIAN_POINT ( 'NONE',  ( 0.000000000000000000, 1.000000000000000888, 0.000000000000000000 ) ) ;
#469 = CIRCLE ( 'NONE', #1470, 2.707106781186562561 ) ;
#470 = EDGE_CURVE ( 'NONE', #1498, #87, #1014, .T. ) ;
#471 = VERTEX_POINT ( 'NONE', #1059 ) ;
#472 = AXIS2_PLACEMENT_3D ( 'NONE', #1180, #1867, #1347 ) ;
#473 = VECTOR ( 'NONE', #1629, 1000.000000000000000 ) ;
#474 = ORIENTED_EDGE ( 'NONE', *, *, #1320, .F. ) ;
#475 = CARTESIAN_POINT ( 'NONE',  ( 37.00000000000000711, 5.414213562373110911, 2.000000000000000000 ) ) ;
#476 = DIRECTION ( 'NONE',  ( 0.000000000000000000, 0.000000000000000000, -1.000000000000000000 ) ) ;
#477 = VECTOR ( 'NONE', #1172, 1000.000000000000114 ) ;
#478 = CARTESIAN_POINT ( 'NONE',  ( 64.00000000000000000, 1.000000000000000888, 14.99999999999999822 ) ) ;
#479 = DIRECTION ( 'NONE',  ( -3.469446951953614189E-16, -1.000000000000000000, -0.000000000000000000 ) ) ;
#480 = ORIENTED_EDGE ( 'NONE', *, *, #1703, .F. ) ;
#481 = DIRECTION ( 'NONE',  ( 1.000000000000000000, 0.000000000000000000, 0.000000000000000000 ) ) ;
#482 = CARTESIAN_POINT ( 'NONE',  ( 80.00000000000000000, 4.000000000000000000, -12.00000000000000000 ) ) ;
#483 = ADVANCED_FACE ( 'NONE', ( #1030 ), #1163, .F. ) ;
#484 = CARTESIAN_POINT ( 'NONE',  ( 77.00000000000000000, 0.000000000000000000, 14.00000000000000178 ) ) ;
#485 = ORIENTED_EDGE ( 'NONE', *, *, #388, .F. ) ;
#486 = EDGE_CURVE ( 'NONE', #2103, #879, #1385, .T. ) ;
#487 = DIRECTION ( 'NONE',  ( 0.000000000000000000, 0.7071067811865474617, 0.7071067811865474617 ) ) ;
#488 = DIRECTION ( 'NONE',  ( 1.000000000000000000, 0.000000000000000000, 0.000000000000000000 ) ) ;
#489 = CARTESIAN_POINT ( 'NONE',  ( 40.00000000000000711, 13.99999999999999822, 4.286263797015737088E-16 ) ) ;
#490 = DIRECTION ( 'NONE',  ( 0.7071067811865525687, -0.7071067811865425767, 0.000000000000000000 ) ) ;
#491 = ORIENTED_EDGE ( 'NONE', *, *, #755, .T. ) ;
#492 = ORIENTED_EDGE ( 'NONE', *, *, #108, .F. ) ;
#493 = EDGE_CURVE ( 'NONE', #299, #1657, #856, .T. ) ;
#494 = CARTESIAN_POINT ( 'NONE',  ( 0.8164192673332976158, 4.000000000000000888, -3.479618498158204787 ) ) ;
#495 = LINE ( 'NONE', #1157, #1206 ) ;
#496 = ORIENTED_EDGE ( 'NONE', *, *, #1219, .T. ) ;
#497 = DIRECTION ( 'NONE',  ( 0.000000000000000000, 0.000000000000000000, 1.000000000000000000 ) ) ;
#498 = DIRECTION ( 'NONE',  ( 0.000000000000000000, 0.000000000000000000, -1.000000000000000000 ) ) ;
#499 = ADVANCED_FACE ( 'NONE', ( #2028 ), #605, .F. ) ;
#500 = LINE ( 'NONE', #1814, #1060 ) ;
#501 = CARTESIAN_POINT ( 'NONE',  ( 77.00000000000000000, 2.999999999999999112, 15.00000000000000000 ) ) ;
#502 = ORIENTED_EDGE ( 'NONE', *, *, #358, .F. ) ;
#503 = AXIS2_PLACEMENT_3D ( 'NONE', #577, #1259, #290 ) ;
#504 = DIRECTION ( 'NONE',  ( 0.000000000000000000, 0.000000000000000000, 1.000000000000000000 ) ) ;
#505 = AXIS2_PLACEMENT_3D ( 'NONE', #1549, #1883, #65 ) ;
#506 = ORIENTED_EDGE ( 'NONE', *, *, #335, .F. ) ;
#507 = DIRECTION ( 'NONE',  ( -1.000000000000000000, 0.000000000000000000, 0.000000000000000000 ) ) ;
#508 = AXIS2_PLACEMENT_3D ( 'NONE', #846, #1984, #507 ) ;
#509 = VERTEX_POINT ( 'NONE', #34 ) ;
#510 = LINE ( 'NONE', #333, #477 ) ;
#511 = AXIS2_PLACEMENT_3D ( 'NONE', #529, #1191, #1844 ) ;
#512 = DIRECTION ( 'NONE',  ( -7.666467083416816456E-17, -0.7071067811865524577, -0.7071067811865425767 ) ) ;
#513 = CIRCLE ( 'NONE', #1544, 1.000000000000000000 ) ;
#514 = DIRECTION ( 'NONE',  ( -0.000000000000000000, -1.000000000000000000, 0.000000000000000000 ) ) ;
#515 = AXIS2_PLACEMENT_3D ( 'NONE', #658, #514, #1678 ) ;
#516 = DIRECTION ( 'NONE',  ( -0.9539392014169456591, -0.2999999999999998779, 0.000000000000000000 ) ) ;
#517 = EDGE_LOOP ( 'NONE', ( #267, #993, #474, #1581 ) ) ;
#518 = VECTOR ( 'NONE', #151, 1000.000000000000000 ) ;
#519 = EDGE_CURVE ( 'NONE', #589, #557, #1197, .T. ) ;
#520 = ORIENTED_EDGE ( 'NONE', *, *, #2118, .T. ) ;
#521 = LINE ( 'NONE', #1802, #1313 ) ;
#522 = CARTESIAN_POINT ( 'NONE',  ( 80.00000000000000000, 1.000000000000000888, 15.00000000000000000 ) ) ;
#523 = CARTESIAN_POINT ( 'NONE',  ( 43.00000000000000000, 4.292893218813452094, 2.707106781186562561 ) ) ;
#524 = ADVANCED_FACE ( 'NONE', ( #556, #212, #1525 ), #56, .F. ) ;
#525 = PLANE ( 'NONE',  #1885 ) ;
#526 = ORIENTED_EDGE ( 'NONE', *, *, #1309, .T. ) ;
#527 = ADVANCED_FACE ( 'NONE', ( #884 ), #1639, .F. ) ;
#528 = CARTESIAN_POINT ( 'NONE',  ( 78.99999999999998579, 4.000000000000000000, 12.00000000000000000 ) ) ;
#529 = CARTESIAN_POINT ( 'NONE',  ( 0.000000000000000000, 5.000000000000000000, 3.414213562373110467 ) ) ;
#530 = ORIENTED_EDGE ( 'NONE', *, *, #1364, .F. ) ;
#531 = PLANE ( 'NONE',  #1963 ) ;
#532 = FACE_OUTER_BOUND ( 'NONE', #402, .T. ) ;
#533 = CARTESIAN_POINT ( 'NONE',  ( 8.572527594031473190E-16, 2.999999999999999112, 7.000000000000000888 ) ) ;
#534 = DIRECTION ( 'NONE',  ( 0.000000000000000000, 0.000000000000000000, 1.000000000000000000 ) ) ;
#535 = ORIENTED_EDGE ( 'NONE', *, *, #991, .F. ) ;
#536 = CARTESIAN_POINT ( 'NONE',  ( 65.00000000000000000, 0.000000000000000000, 11.99999999999999822 ) ) ;
#537 = CARTESIAN_POINT ( 'NONE',  ( 64.00000000000000000, 2.999999999999999112, -10.00000000000000178 ) ) ;
#538 = EDGE_CURVE ( 'NONE', #824, #471, #2081, .T. ) ;
#539 = VERTEX_POINT ( 'NONE', #435 ) ;
#540 = VECTOR ( 'NONE', #377, 1000.000000000000000 ) ;
#541 = CIRCLE ( 'NONE', #1539, 1.000000000000000000 ) ;
#542 = CARTESIAN_POINT ( 'NONE',  ( 61.00000000000000000, 0.000000000000000000, 5.999999999999993783 ) ) ;
#543 = DIRECTION ( 'NONE',  ( -1.000000000000000000, -0.000000000000000000, 0.000000000000000000 ) ) ;
#544 = CIRCLE ( 'NONE', #609, 2.000000000000000000 ) ;
#545 = DIRECTION ( 'NONE',  ( -1.000000000000000000, -3.469446951953614682E-16, 0.000000000000000000 ) ) ;
#546 = CIRCLE ( 'NONE', #5, 2.292893218813450762 ) ;
#547 = VERTEX_POINT ( 'NONE', #1737 ) ;
#548 = AXIS2_PLACEMENT_3D ( 'NONE', #1363, #1969, #2005 ) ;
#549 = EDGE_CURVE ( 'NONE', #1711, #87, #770, .T. ) ;
#550 = PLANE ( 'NONE',  #164 ) ;
#551 = ORIENTED_EDGE ( 'NONE', *, *, #486, .F. ) ;
#552 = EDGE_CURVE ( 'NONE', #557, #1277, #269, .T. ) ;
#553 = CARTESIAN_POINT ( 'NONE',  ( 67.00000000000000000, 4.000000000000000000, 11.99999999999999822 ) ) ;
#554 = CYLINDRICAL_SURFACE ( 'NONE', #30, 2.000000000000001776 ) ;
#555 = DIRECTION ( 'NONE',  ( 3.469446951953614189E-16, 1.000000000000000000, 0.000000000000000000 ) ) ;
#556 = FACE_BOUND ( 'NONE', #1255, .T. ) ;
#557 = VERTEX_POINT ( 'NONE', #2096 ) ;
#558 = ORIENTED_EDGE ( 'NONE', *, *, #1026, .T. ) ;
#559 = CARTESIAN_POINT ( 'NONE',  ( 2.858355312351941180, 4.000000000000000000, 3.153334476560875732 ) ) ;
#560 = ORIENTED_EDGE ( 'NONE', *, *, #1108, .F. ) ;
#561 = DIRECTION ( 'NONE',  ( 0.000000000000000000, -0.000000000000000000, -1.000000000000000000 ) ) ;
#562 = DIRECTION ( 'NONE',  ( 0.000000000000000000, -1.000000000000000000, 0.000000000000000000 ) ) ;
#563 = ORIENTED_EDGE ( 'NONE', *, *, #837, .F. ) ;
#564 = ORIENTED_EDGE ( 'NONE', *, *, #1816, .F. ) ;
#565 = CARTESIAN_POINT ( 'NONE',  ( 2.421159834521491749, 4.000000000000000888, 3.326009376779319737 ) ) ;
#566 = ORIENTED_EDGE ( 'NONE', *, *, #1736, .F. ) ;
#567 = CIRCLE ( 'NONE', #811, 2.000000000000001776 ) ;
#568 = DIRECTION ( 'NONE',  ( 0.000000000000000000, 0.000000000000000000, -1.000000000000000000 ) ) ;
#569 = AXIS2_PLACEMENT_3D ( 'NONE', #387, #684, #1355 ) ;
#570 = CARTESIAN_POINT ( 'NONE',  ( 64.00000000000000000, 2.999999999999999112, 11.99999999999999822 ) ) ;
#571 = VECTOR ( 'NONE', #721, 1000.000000000000000 ) ;
#572 = DIRECTION ( 'NONE',  ( -1.000000000000000000, -3.469446951953614682E-16, 0.000000000000000000 ) ) ;
#573 = AXIS2_PLACEMENT_3D ( 'NONE', #727, #180, #1994 ) ;
#574 = DIRECTION ( 'NONE',  ( -0.000000000000000000, -0.000000000000000000, -1.000000000000000000 ) ) ;
#575 = ADVANCED_FACE ( 'NONE', ( #1896 ), #1812, .F. ) ;
#576 = AXIS2_PLACEMENT_3D ( 'NONE', #968, #1646, #504 ) ;
#577 = CARTESIAN_POINT ( 'NONE',  ( 80.00000000000000000, 4.000000000000000000, -15.00000000000000000 ) ) ;
#578 = ORIENTED_EDGE ( 'NONE', *, *, #864, .F. ) ;
#579 = EDGE_CURVE ( 'NONE', #867, #2017, #1338, .T. ) ;
#580 = VECTOR ( 'NONE', #1905, 1000.000000000000000 ) ;
#581 = CARTESIAN_POINT ( 'NONE',  ( 0.1260404514788195651, 4.000000000000000000, 3.327459761761923485 ) ) ;
#582 = ORIENTED_EDGE ( 'NONE', *, *, #199, .T. ) ;
#583 = DIRECTION ( 'NONE',  ( 0.000000000000000000, -1.000000000000000000, 0.000000000000000000 ) ) ;
#584 = LINE ( 'NONE', #85, #1274 ) ;
#585 = DIRECTION ( 'NONE',  ( 3.469446951953614189E-16, 1.000000000000000000, -0.000000000000000000 ) ) ;
#586 = EDGE_CURVE ( 'NONE', #1186, #1855, #844, .T. ) ;
#587 = LINE ( 'NONE', #1916, #1709 ) ;
#588 = EDGE_CURVE ( 'NONE', #2103, #619, #94, .T. ) ;
#589 = VERTEX_POINT ( 'NONE', #86 ) ;
#590 = FACE_OUTER_BOUND ( 'NONE', #765, .T. ) ;
#591 = CARTESIAN_POINT ( 'NONE',  ( 61.00000000000000000, 0.000000000000000000, -6.000000000000001776 ) ) ;
#592 = ORIENTED_EDGE ( 'NONE', *, *, #280, .F. ) ;
#593 = DIRECTION ( 'NONE',  ( 0.000000000000000000, -1.000000000000000000, 0.000000000000000000 ) ) ;
#594 = CARTESIAN_POINT ( 'NONE',  ( 61.00000000000000000, 0.000000000000000000, -5.999999999999998224 ) ) ;
#595 = LINE ( 'NONE', #1671, #235 ) ;
#596 = PLANE ( 'NONE',  #503 ) ;
#597 = ORIENTED_EDGE ( 'NONE', *, *, #1051, .F. ) ;
#598 = LINE ( 'NONE', #139, #98 ) ;
#599 = EDGE_LOOP ( 'NONE', ( #340, #1606, #190, #946 ) ) ;
#600 = ADVANCED_FACE ( 'NONE', ( #1411 ), #1203, .F. ) ;
#601 = ORIENTED_EDGE ( 'NONE', *, *, #1952, .T. ) ;
#602 = EDGE_CURVE ( 'NONE', #1022, #1832, #710, .T. ) ;
#603 = FACE_OUTER_BOUND ( 'NONE', #985, .T. ) ;
#604 = DIRECTION ( 'NONE',  ( 0.000000000000000000, 0.000000000000000000, -1.000000000000000000 ) ) ;
#605 = CONICAL_SURFACE ( 'NONE', #709, 4.000000000000017764, 0.7853981633974566057 ) ;
#606 = DIRECTION ( 'NONE',  ( 0.000000000000000000, 0.000000000000000000, -1.000000000000000000 ) ) ;
#607 = AXIS2_PLACEMENT_3D ( 'NONE', #1459, #942, #1302 ) ;
#608 = ORIENTED_EDGE ( 'NONE', *, *, #252, .F. ) ;
#609 = AXIS2_PLACEMENT_3D ( 'NONE', #1634, #1624, #790 ) ;
#610 = CARTESIAN_POINT ( 'NONE',  ( 61.00000000000000000, 0.000000000000000000, -10.00000000000000178 ) ) ;
#611 = ORIENTED_EDGE ( 'NONE', *, *, #1976, .T. ) ;
#612 = EDGE_CURVE ( 'NONE', #1491, #221, #1906, .T. ) ;
#613 = VECTOR ( 'NONE', #1936, 1000.000000000000000 ) ;
#614 = EDGE_LOOP ( 'NONE', ( #1432, #1429, #1765, #1757 ) ) ;
#615 = DIRECTION ( 'NONE',  ( -0.000000000000000000, -0.000000000000000000, -1.000000000000000000 ) ) ;
#616 = ADVANCED_BREP_SHAPE_REPRESENTATION ( 'JigDown', ( #1825, #1578 ), #1243 ) ;
#617 = DIRECTION ( 'NONE',  ( -0.000000000000000000, -1.000000000000000000, 0.000000000000000000 ) ) ;
#618 = FACE_OUTER_BOUND ( 'NONE', #1714, .T. ) ;
#619 = VERTEX_POINT ( 'NONE', #254 ) ;
#620 = DIRECTION ( 'NONE',  ( -1.000000000000000000, 0.000000000000000000, 1.084202172485504434E-16 ) ) ;
#621 = DIRECTION ( 'NONE',  ( -1.000000000000000000, 0.000000000000000000, 0.000000000000000000 ) ) ;
#622 = CARTESIAN_POINT ( 'NONE',  ( 43.00000000000001421, 14.00000000000000355, -2.000000000000000000 ) ) ;
#623 = ORIENTED_EDGE ( 'NONE', *, *, #1689, .T. ) ;
#624 = DIRECTION ( 'NONE',  ( -1.000000000000000000, 4.336808689942013792E-16, 0.000000000000000000 ) ) ;
#625 = LINE ( 'NONE', #165, #1236 ) ;
#626 = DIRECTION ( 'NONE',  ( 0.000000000000000000, 0.000000000000000000, -1.000000000000000000 ) ) ;
#627 = EDGE_CURVE ( 'NONE', #920, #2117, #1280, .T. ) ;
#628 = CARTESIAN_POINT ( 'NONE',  ( 43.00000000000000000, 5.414213562373110911, 0.000000000000000000 ) ) ;
#629 = ORIENTED_EDGE ( 'NONE', *, *, #1096, .T. ) ;
#630 = DIRECTION ( 'NONE',  ( -1.000000000000000000, 0.000000000000000000, 0.000000000000000000 ) ) ;
#631 = LINE ( 'NONE', #1964, #2082 ) ;
#632 = DIRECTION ( 'NONE',  ( 0.7071067811865525687, 0.7071067811865425767, 0.000000000000000000 ) ) ;
#633 = ORIENTED_EDGE ( 'NONE', *, *, #1051, .T. ) ;
#634 = DIRECTION ( 'NONE',  ( 0.000000000000000000, 0.000000000000000000, 1.000000000000000000 ) ) ;
#635 = CARTESIAN_POINT ( 'NONE',  ( 64.00000000000000000, 2.999999999999999112, 14.99999999999999822 ) ) ;
#636 = ADVANCED_FACE ( 'NONE', ( #751 ), #1563, .F. ) ;
#637 = CYLINDRICAL_SURFACE ( 'NONE', #372, 2.999999999999999112 ) ;
#638 = ORIENTED_EDGE ( 'NONE', *, *, #1266, .F. ) ;
#639 = AXIS2_PLACEMENT_3D ( 'NONE', #742, #894, #1596 ) ;
#640 = CIRCLE ( 'NONE', #1954, 2.000000000000001776 ) ;
#641 = ORIENTED_EDGE ( 'NONE', *, *, #1151, .T. ) ;
#642 = AXIS2_PLACEMENT_3D ( 'NONE', #673, #383, #1512 ) ;
#643 = CARTESIAN_POINT ( 'NONE',  ( 77.00000000000000000, 4.000000000000000000, -12.00000000000000000 ) ) ;
#644 = EDGE_LOOP ( 'NONE', ( #2041, #935, #1015, #443 ) ) ;
#645 = LINE ( 'NONE', #163, #2000 ) ;
#646 = MECHANICAL_DESIGN_GEOMETRIC_PRESENTATION_REPRESENTATION (  '', ( #1647 ), #917 ) ;
#647 = CARTESIAN_POINT ( 'NONE',  ( 78.99999999999998579, 4.000000000000000000, -12.00000000000000000 ) ) ;
#648 = CARTESIAN_POINT ( 'NONE',  ( 40.00000000000000711, 13.99999999999999822, 2.000000000000000000 ) ) ;
#649 = FACE_OUTER_BOUND ( 'NONE', #365, .T. ) ;
#650 = ADVANCED_FACE ( 'NONE', ( #911 ), #259, .T. ) ;
#651 = ORIENTED_EDGE ( 'NONE', *, *, #1158, .F. ) ;
#652 = ORIENTED_EDGE ( 'NONE', *, *, #757, .T. ) ;
#653 = DIRECTION ( 'NONE',  ( 6.938893903907229364E-16, -1.000000000000000000, 0.000000000000000000 ) ) ;
#654 = DIRECTION ( 'NONE',  ( -1.000000000000000000, -0.000000000000000000, 0.000000000000000000 ) ) ;
#655 = ORIENTED_EDGE ( 'NONE', *, *, #921, .T. ) ;
#656 = LINE ( 'NONE', #2013, #1787 ) ;
#657 = DIRECTION ( 'NONE',  ( 0.000000000000000000, 0.000000000000000000, -1.000000000000000000 ) ) ;
#658 = CARTESIAN_POINT ( 'NONE',  ( 77.00000000000000000, 0.000000000000000000, 12.00000000000000000 ) ) ;
#659 = FACE_BOUND ( 'NONE', #1307, .T. ) ;
#660 = EDGE_LOOP ( 'NONE', ( #1110, #937, #309, #939 ) ) ;
#661 = CARTESIAN_POINT ( 'NONE',  ( 2.203353404575594698, 4.000000000000000000, -3.388971444324933913 ) ) ;
#662 = EDGE_LOOP ( 'NONE', ( #57, #745, #857, #1658 ) ) ;
#663 = EDGE_CURVE ( 'NONE', #1402, #224, #1575, .T. ) ;
#664 = DIRECTION ( 'NONE',  ( 0.000000000000000000, 0.000000000000000000, -1.000000000000000000 ) ) ;
#665 = FACE_OUTER_BOUND ( 'NONE', #1705, .T. ) ;
#666 = LINE ( 'NONE', #1337, #1136 ) ;
#667 = CARTESIAN_POINT ( 'NONE',  ( 40.00000000000000711, 13.99999999999999822, 2.000000000000000000 ) ) ;
#668 = VERTEX_POINT ( 'NONE', #594 ) ;
#669 = CARTESIAN_POINT ( 'NONE',  ( 64.00000000000000000, 4.000000000000000000, -10.00000000000000178 ) ) ;
#670 = TOROIDAL_SURFACE ( 'NONE', #1503, 40.00000000000000000, 3.500000000000000444 ) ;
#671 = DIRECTION ( 'NONE',  ( 3.469446951953614682E-16, -1.000000000000000000, -0.000000000000000000 ) ) ;
#672 = CARTESIAN_POINT ( 'NONE',  ( 4.896581363063800652, 4.000000000000000000, 4.286268318826770994E-16 ) ) ;
#673 = CARTESIAN_POINT ( 'NONE',  ( 64.00000000000000000, 1.000000000000000888, 6.999999999999993783 ) ) ;
#674 = CONICAL_SURFACE ( 'NONE', #816, 4.000000000000003553, 0.7853981633974496113 ) ;
#675 = ORIENTED_EDGE ( 'NONE', *, *, #199, .F. ) ;
#676 = DIRECTION ( 'NONE',  ( 1.000000000000000000, -0.000000000000000000, -0.000000000000000000 ) ) ;
#677 = VECTOR ( 'NONE', #1798, 1000.000000000000000 ) ;
#678 = DIRECTION ( 'NONE',  ( 0.000000000000000000, 0.000000000000000000, -1.000000000000000000 ) ) ;
#679 = DIRECTION ( 'NONE',  ( -0.7071067811865525687, -0.7071067811865425767, 0.000000000000000000 ) ) ;
#680 = EDGE_CURVE ( 'NONE', #87, #1405, #469, .T. ) ;
#681 = CIRCLE ( 'NONE', #853, 1.099999999999996758 ) ;
#682 = LINE ( 'NONE', #533, #1511 ) ;
#683 = AXIS2_PLACEMENT_3D ( 'NONE', #1182, #1837, #42 ) ;
#684 = DIRECTION ( 'NONE',  ( -0.000000000000000000, -1.000000000000000000, 0.000000000000000000 ) ) ;
#685 = EDGE_LOOP ( 'NONE', ( #1917, #898, #291, #1314 ) ) ;
#686 = CARTESIAN_POINT ( 'NONE',  ( 61.00000000000000000, 4.000000000000000000, 6.999999999999993783 ) ) ;
#687 = CARTESIAN_POINT ( 'NONE',  ( 4.872040866999465258, 4.000000000000000000, -0.4675395542051348774 ) ) ;
#688 = EDGE_LOOP ( 'NONE', ( #1550, #1207, #20, #208 ) ) ;
#689 = CARTESIAN_POINT ( 'NONE',  ( 0.000000000000000000, 1.000000000000000888, -7.000000000000002665 ) ) ;
#690 = DIRECTION ( 'NONE',  ( 0.000000000000000000, 0.000000000000000000, -1.000000000000000000 ) ) ;
#691 = CARTESIAN_POINT ( 'NONE',  ( 67.00000000000000000, 1.000000000000000888, -14.99999999999999645 ) ) ;
#692 = CARTESIAN_POINT ( 'NONE',  ( 37.00000000000000711, 4.292893218813452094, -2.707106781186563893 ) ) ;
#693 = ORIENTED_EDGE ( 'NONE', *, *, #45, .T. ) ;
#694 = EDGE_CURVE ( 'NONE', #1589, #879, #1269, .T. ) ;
#695 = DIRECTION ( 'NONE',  ( 0.000000000000000000, 0.000000000000000000, -1.000000000000000000 ) ) ;
#696 = CARTESIAN_POINT ( 'NONE',  ( 4.133811250961724859, 4.000000000000000888, 2.157100936940618663 ) ) ;
#697 = ORIENTED_EDGE ( 'NONE', *, *, #266, .F. ) ;
#698 = DIRECTION ( 'NONE',  ( -8.673617379884026597E-16, 1.000000000000000000, 0.000000000000000000 ) ) ;
#699 = LINE ( 'NONE', #394, #1056 ) ;
#700 = SURFACE_STYLE_USAGE ( .BOTH. , #1069 ) ;
#701 = DIRECTION ( 'NONE',  ( 1.000000000000000000, 0.000000000000000000, 1.084202172485504434E-16 ) ) ;
#702 = ORIENTED_EDGE ( 'NONE', *, *, #579, .F. ) ;
#703 = ADVANCED_FACE ( 'NONE', ( #665 ), #2055, .F. ) ;
#704 = ADVANCED_FACE ( 'NONE', ( #1781 ), #311, .F. ) ;
#705 = ORIENTED_EDGE ( 'NONE', *, *, #1715, .F. ) ;
#706 = DIRECTION ( 'NONE',  ( -1.000000000000000000, 0.000000000000000000, 0.000000000000000000 ) ) ;
#707 = EDGE_CURVE ( 'NONE', #193, #1342, #1304, .T. ) ;
#708 = EDGE_LOOP ( 'NONE', ( #1879, #1971, #1966, #1594 ) ) ;
#709 = AXIS2_PLACEMENT_3D ( 'NONE', #1518, #2016, #534 ) ;
#710 = CIRCLE ( 'NONE', #910, 2.000000000000001776 ) ;
#711 = DIRECTION ( 'NONE',  ( 0.000000000000000000, 0.000000000000000000, -1.000000000000000000 ) ) ;
#712 = CARTESIAN_POINT ( 'NONE',  ( 40.00000000000000711, 13.99999999999999822, 2.000000000000000000 ) ) ;
#713 = AXIS2_PLACEMENT_3D ( 'NONE', #206, #82, #1521 ) ;
#714 = ORIENTED_EDGE ( 'NONE', *, *, #825, .T. ) ;
#715 = CIRCLE ( 'NONE', #948, 3.000000000000009770 ) ;
#716 = EDGE_CURVE ( 'NONE', #1632, #1877, #640, .T. ) ;
#717 = EDGE_LOOP ( 'NONE', ( #1389, #27, #1735, #558 ) ) ;
#718 = CARTESIAN_POINT ( 'NONE',  ( 4.704797414770630404, 4.000000000000000000, 1.144784495247192835 ) ) ;
#719 = ORIENTED_EDGE ( 'NONE', *, *, #1062, .F. ) ;
#720 = EDGE_CURVE ( 'NONE', #877, #1877, #541, .T. ) ;
#721 = DIRECTION ( 'NONE',  ( 0.000000000000000000, 0.000000000000000000, 1.000000000000000000 ) ) ;
#722 = DIRECTION ( 'NONE',  ( 0.000000000000000000, 0.7071067811865469066, 0.7071067811865481278 ) ) ;
#723 = DIRECTION ( 'NONE',  ( -1.084202172485504434E-16, 0.000000000000000000, -1.000000000000000000 ) ) ;
#724 = ORIENTED_EDGE ( 'NONE', *, *, #1799, .F. ) ;
#725 = EDGE_LOOP ( 'NONE', ( #112, #582, #1886, #1819 ) ) ;
#726 = DIRECTION ( 'NONE',  ( 1.000000000000000000, 0.000000000000000000, 0.000000000000000000 ) ) ;
#727 = CARTESIAN_POINT ( 'NONE',  ( 64.00000000000000000, 1.000000000000000888, -7.000000000000002665 ) ) ;
#728 = ORIENTED_EDGE ( 'NONE', *, *, #1887, .T. ) ;
#729 = EDGE_CURVE ( 'NONE', #871, #87, #1713, .T. ) ;
#730 = DIRECTION ( 'NONE',  ( 0.000000000000000000, 0.000000000000000000, -1.000000000000000000 ) ) ;
#731 = DIRECTION ( 'NONE',  ( 0.000000000000000000, 0.000000000000000000, -1.000000000000000000 ) ) ;
#732 = EDGE_CURVE ( 'NONE', #1050, #1198, #813, .T. ) ;
#733 = ORIENTED_EDGE ( 'NONE', *, *, #1875, .T. ) ;
#734 = FACE_OUTER_BOUND ( 'NONE', #1223, .T. ) ;
#735 = ORIENTED_EDGE ( 'NONE', *, *, #579, .T. ) ;
#736 =( LENGTH_UNIT ( ) NAMED_UNIT ( * ) SI_UNIT ( .MILLI., .METRE. ) );
#737 = CARTESIAN_POINT ( 'NONE',  ( 77.00000000000000000, 4.000000000000000000, 12.00000000000000000 ) ) ;
#738 = ADVANCED_FACE ( 'NONE', ( #1946 ), #1127, .F. ) ;
#739 = CONICAL_SURFACE ( 'NONE', #505, 4.000000000000014211, 0.7853981633974552734 ) ;
#740 = CARTESIAN_POINT ( 'NONE',  ( 43.00000000000000000, 5.414213562373110911, 2.000000000000000000 ) ) ;
#741 = AXIS2_PLACEMENT_3D ( 'NONE', #1316, #302, #1968 ) ;
#742 = CARTESIAN_POINT ( 'NONE',  ( 67.00000000000000000, 1.000000000000000888, -11.99999999999999645 ) ) ;
#743 = FACE_OUTER_BOUND ( 'NONE', #1009, .T. ) ;
#744 = DIRECTION ( 'NONE',  ( 0.000000000000000000, 0.000000000000000000, -1.000000000000000000 ) ) ;
#745 = ORIENTED_EDGE ( 'NONE', *, *, #874, .F. ) ;
#746 = CIRCLE ( 'NONE', #515, 2.000000000000001776 ) ;
#747 = CARTESIAN_POINT ( 'NONE',  ( 64.00000000000000000, 2.999999999999999112, 6.999999999999993783 ) ) ;
#748 = AXIS2_PLACEMENT_3D ( 'NONE', #689, #176, #839 ) ;
#749 = ORIENTED_EDGE ( 'NONE', *, *, #834, .F. ) ;
#750 = DIRECTION ( 'NONE',  ( -1.000000000000000000, 0.000000000000000000, 0.000000000000000000 ) ) ;
#751 = FACE_OUTER_BOUND ( 'NONE', #1686, .T. ) ;
#752 = CARTESIAN_POINT ( 'NONE',  ( 41.10000000000000142, 13.99999999999999822, 2.000000000000000000 ) ) ;
#753 = DIRECTION ( 'NONE',  ( -1.000000000000000000, 0.000000000000000000, 2.168404344971008868E-16 ) ) ;
#754 = ORIENTED_EDGE ( 'NONE', *, *, #959, .F. ) ;
#755 = EDGE_CURVE ( 'NONE', #767, #1589, #625, .T. ) ;
#756 = DIRECTION ( 'NONE',  ( 0.000000000000000000, 0.000000000000000000, -1.000000000000000000 ) ) ;
#757 = EDGE_CURVE ( 'NONE', #1333, #224, #881, .T. ) ;
#758 = VERTEX_POINT ( 'NONE', #152 ) ;
#759 = ORIENTED_EDGE ( 'NONE', *, *, #1040, .T. ) ;
#760 = LINE ( 'NONE', #143, #1100 ) ;
#761 = CARTESIAN_POINT ( 'NONE',  ( 37.00000000000000711, 5.414213562373111799, 0.000000000000000000 ) ) ;
#762 = DIRECTION ( 'NONE',  ( 0.000000000000000000, 0.000000000000000000, 1.000000000000000000 ) ) ;
#763 = CARTESIAN_POINT ( 'NONE',  ( 37.00000000000000000, 14.00000000000000000, 0.000000000000000000 ) ) ;
#764 = EDGE_CURVE ( 'NONE', #251, #1139, #1, .T. ) ;
#765 = EDGE_LOOP ( 'NONE', ( #1488, #1876, #1617, #119 ) ) ;
#766 = CARTESIAN_POINT ( 'NONE',  ( 77.00000000000000000, 4.000000000000000000, -12.00000000000000000 ) ) ;
#767 = VERTEX_POINT ( 'NONE', #807 ) ;
#768 = ORIENTED_EDGE ( 'NONE', *, *, #342, .T. ) ;
#769 = CARTESIAN_POINT ( 'NONE',  ( 67.00000000000000000, 2.999999999999999112, -11.99999999999999645 ) ) ;
#770 = CIRCLE ( 'NONE', #2086, 2.707106781186564337 ) ;
#771 = DIRECTION ( 'NONE',  ( -1.000000000000000000, 3.469446951953614189E-16, 0.000000000000000000 ) ) ;
#772 = AXIS2_PLACEMENT_3D ( 'NONE', #336, #830, #974 ) ;
#773 = LINE ( 'NONE', #1441, #1264 ) ;
#774 = VECTOR ( 'NONE', #632, 999.9999999999998863 ) ;
#775 = ORIENTED_EDGE ( 'NONE', *, *, #2051, .T. ) ;
#776 = AXIS2_PLACEMENT_3D ( 'NONE', #1794, #1107, #1938 ) ;
#777 = EDGE_LOOP ( 'NONE', ( #1462, #1299, #1325, #655 ) ) ;
#778 = APPLICATION_PROTOCOL_DEFINITION ( 'draft international standard', 'automotive_design', 1998, #902 ) ;
#779 = VECTOR ( 'NONE', #1759, 1000.000000000000000 ) ;
#780 = CARTESIAN_POINT ( 'NONE',  ( 64.00000000000000000, 2.999999999999999112, -7.000000000000002665 ) ) ;
#781 = EDGE_LOOP ( 'NONE', ( #768, #1214, #1102, #641 ) ) ;
#782 = CIRCLE ( 'NONE', #1174, 2.000000000000001776 ) ;
#783 = ADVANCED_FACE ( 'NONE', ( #1608 ), #1018, .F. ) ;
#784 = CARTESIAN_POINT ( 'NONE',  ( -2.334973721498867505, 4.000000000000000000, 7.837333093370752287E-24 ) ) ;
#785 = CARTESIAN_POINT ( 'NONE',  ( 0.000000000000000000, 0.000000000000000000, 0.000000000000000000 ) ) ;
#786 = DIRECTION ( 'NONE',  ( 0.000000000000000000, -1.000000000000000000, 0.000000000000000000 ) ) ;
#787 = ORIENTED_EDGE ( 'NONE', *, *, #1698, .F. ) ;
#788 = CARTESIAN_POINT ( 'NONE',  ( 67.00000000000000000, 0.000000000000000000, 13.99999999999999645 ) ) ;
#789 = VERTEX_POINT ( 'NONE', #647 ) ;
#790 = DIRECTION ( 'NONE',  ( 0.000000000000000000, -1.734723475976807094E-15, -1.000000000000000000 ) ) ;
#791 = ADVANCED_FACE ( 'NONE', ( #1173 ), #1150, .F. ) ;
#792 = ORIENTED_EDGE ( 'NONE', *, *, #1096, .F. ) ;
#793 = LINE ( 'NONE', #1945, #779 ) ;
#794 = CARTESIAN_POINT ( 'NONE',  ( 77.00000000000000000, 4.000000000000000000, 12.00000000000000000 ) ) ;
#795 = ADVANCED_FACE ( 'NONE', ( #1978 ), #438, .T. ) ;
#796 = EDGE_CURVE ( 'NONE', #1124, #142, #1161, .T. ) ;
#797 = CARTESIAN_POINT ( 'NONE',  ( 61.00000000000000000, 1.000000000000000888, 9.999999999999994671 ) ) ;
#798 = CARTESIAN_POINT ( 'NONE',  ( 61.00000000000000000, 2.999999999999999112, -10.00000000000000178 ) ) ;
#799 = ORIENTED_EDGE ( 'NONE', *, *, #1911, .T. ) ;
#800 = LINE ( 'NONE', #2119, #1230 ) ;
#801 = DIRECTION ( 'NONE',  ( 0.000000000000000000, -1.000000000000000000, 0.000000000000000000 ) ) ;
#802 = CARTESIAN_POINT ( 'NONE',  ( 4.896581363063812198, 4.000000000000000000, -0.2319153963395103879 ) ) ;
#803 = DIRECTION ( 'NONE',  ( 0.000000000000000000, 0.000000000000000000, -1.000000000000000000 ) ) ;
#804 = ORIENTED_EDGE ( 'NONE', *, *, #108, .T. ) ;
#805 = ADVANCED_FACE ( 'NONE', ( #1450 ), #134, .T. ) ;
#806 = DIRECTION ( 'NONE',  ( -6.938893903907228378E-16, -1.000000000000000000, 0.000000000000000000 ) ) ;
#807 = CARTESIAN_POINT ( 'NONE',  ( 77.00000000000000000, 4.000000000000000000, -13.99999999999998401 ) ) ;
#808 = CIRCLE ( 'NONE', #2053, 2.707106781186563893 ) ;
#809 = CARTESIAN_POINT ( 'NONE',  ( 34.29289321881344677, 4.292893218813453871, 0.000000000000000000 ) ) ;
#810 = VERTEX_POINT ( 'NONE', #350 ) ;
#811 = AXIS2_PLACEMENT_3D ( 'NONE', #763, #437, #1098 ) ;
#812 = EDGE_CURVE ( 'NONE', #2103, #1832, #1516, .T. ) ;
#813 = CIRCLE ( 'NONE', #607, 3.414213562373110911 ) ;
#814 = ORIENTED_EDGE ( 'NONE', *, *, #1976, .F. ) ;
#815 = CYLINDRICAL_SURFACE ( 'NONE', #69, 2.000000000000001776 ) ;
#816 = AXIS2_PLACEMENT_3D ( 'NONE', #1809, #1286, #1216 ) ;
#817 = CARTESIAN_POINT ( 'NONE',  ( 3.474877094585774984, 3.999999999999999112, -2.814432695279928343 ) ) ;
#818 = AXIS2_PLACEMENT_3D ( 'NONE', #1856, #381, #1242 ) ;
#819 = VERTEX_POINT ( 'NONE', #1697 ) ;
#820 = CARTESIAN_POINT ( 'NONE',  ( 67.00000000000000000, 0.000000000000000000, 11.99999999999999822 ) ) ;
#821 = DIRECTION ( 'NONE',  ( 0.000000000000000000, 0.000000000000000000, 1.000000000000000000 ) ) ;
#822 = FACE_OUTER_BOUND ( 'NONE', #1133, .T. ) ;
#823 = DIRECTION ( 'NONE',  ( 0.000000000000000000, 0.000000000000000000, -1.000000000000000000 ) ) ;
#824 = VERTEX_POINT ( 'NONE', #542 ) ;
#825 = EDGE_CURVE ( 'NONE', #1865, #1050, #1744, .T. ) ;
#826 = PLANE ( 'NONE',  #938 ) ;
#827 = ADVANCED_FACE ( 'NONE', ( #1183 ), #1045, .T. ) ;
#828 = ORIENTED_EDGE ( 'NONE', *, *, #255, .F. ) ;
#829 = CARTESIAN_POINT ( 'NONE',  ( 7.347880794884118750E-16, 0.000000000000000000, 6.000000000000000000 ) ) ;
#830 = DIRECTION ( 'NONE',  ( -0.000000000000000000, -1.000000000000000000, 0.000000000000000000 ) ) ;
#831 = DIRECTION ( 'NONE',  ( 0.000000000000000000, -1.000000000000000000, 0.000000000000000000 ) ) ;
#832 = DIRECTION ( 'NONE',  ( -3.469446951953614682E-16, 1.000000000000000000, 0.000000000000000000 ) ) ;
#833 = ORIENTED_EDGE ( 'NONE', *, *, #1592, .T. ) ;
#834 = EDGE_CURVE ( 'NONE', #1657, #810, #699, .T. ) ;
#835 = ORIENTED_EDGE ( 'NONE', *, *, #1862, .T. ) ;
#836 = CARTESIAN_POINT ( 'NONE',  ( 4.705380576029222439, 4.000000000000000000, -1.143308918694630139 ) ) ;
#837 = EDGE_CURVE ( 'NONE', #1139, #877, #226, .T. ) ;
#838 = ORIENTED_EDGE ( 'NONE', *, *, #1410, .T. ) ;
#839 = DIRECTION ( 'NONE',  ( 1.000000000000000000, 0.000000000000000000, 0.000000000000000000 ) ) ;
#840 = DIRECTION ( 'NONE',  ( 0.000000000000000000, 0.000000000000000000, -1.000000000000000000 ) ) ;
#841 = CARTESIAN_POINT ( 'NONE',  ( 64.00000000000000000, 4.000000000000000000, 11.99999999999999822 ) ) ;
#842 = LINE ( 'NONE', #1817, #1850 ) ;
#843 = ORIENTED_EDGE ( 'NONE', *, *, #2067, .T. ) ;
#844 = CIRCLE ( 'NONE', #1126, 3.500000000000000444 ) ;
#845 = VECTOR ( 'NONE', #679, 999.9999999999998863 ) ;
#846 = CARTESIAN_POINT ( 'NONE',  ( 46.00000000000000000, 5.414213562373110022, 0.000000000000000000 ) ) ;
#847 = VECTOR ( 'NONE', #223, 1000.000000000000000 ) ;
#848 = ORIENTED_EDGE ( 'NONE', *, *, #1227, .F. ) ;
#849 = CYLINDRICAL_SURFACE ( 'NONE', #683, 1.000000000000000000 ) ;
#850 = AXIS2_PLACEMENT_3D ( 'NONE', #858, #1834, #913 ) ;
#851 = CARTESIAN_POINT ( 'NONE',  ( 0.000000000000000000, 1.000000000000000888, -7.000000000000002665 ) ) ;
#852 = CARTESIAN_POINT ( 'NONE',  ( 37.00000000000000711, 4.000000000000000000, 0.000000000000000000 ) ) ;
#853 = AXIS2_PLACEMENT_3D ( 'NONE', #1128, #762, #1783 ) ;
#854 = CARTESIAN_POINT ( 'NONE',  ( 37.00000000000000711, 5.414213562373109134, -2.000000000000000000 ) ) ;
#855 = VECTOR ( 'NONE', #2111, 1000.000000000000000 ) ;
#856 = LINE ( 'NONE', #1372, #1374 ) ;
#857 = ORIENTED_EDGE ( 'NONE', *, *, #1040, .F. ) ;
#858 = CARTESIAN_POINT ( 'NONE',  ( 61.00000000000000000, 0.000000000000000000, 9.999999999999994671 ) ) ;
#859 = CARTESIAN_POINT ( 'NONE',  ( -1.961166371006269449, 4.000000000000000000, 1.570654051629440939 ) ) ;
#860 = CARTESIAN_POINT ( 'NONE',  ( 64.00000000000000000, 1.000000000000000888, -10.00000000000000178 ) ) ;
#861 = VERTEX_POINT ( 'NONE', #1362 ) ;
#862 = CARTESIAN_POINT ( 'NONE',  ( 77.00000000000000000, 2.999999999999999112, 12.00000000000000000 ) ) ;
#863 = LINE ( 'NONE', #54, #338 ) ;
#864 = EDGE_CURVE ( 'NONE', #1217, #1786, #219, .T. ) ;
#865 = DIRECTION ( 'NONE',  ( -1.000000000000000000, 0.000000000000000000, 1.084202172485504434E-16 ) ) ;
#866 = ORIENTED_EDGE ( 'NONE', *, *, #93, .F. ) ;
#867 = VERTEX_POINT ( 'NONE', #198 ) ;
#868 = LINE ( 'NONE', #686, #203 ) ;
#869 = CARTESIAN_POINT ( 'NONE',  ( 1.507748020137440692, 4.000000000000000000, 3.499743296212232568 ) ) ;
#870 = CARTESIAN_POINT ( 'NONE',  ( 33.58578643762689353, 4.000000000000000000, 0.000000000000000000 ) ) ;
#871 = VERTEX_POINT ( 'NONE', #872 ) ;
#872 = CARTESIAN_POINT ( 'NONE',  ( 46.41421356237311358, 4.000000000000000000, 0.000000000000000000 ) ) ;
#873 = FILL_AREA_STYLE ('',( #1392 ) ) ;
#874 = EDGE_CURVE ( 'NONE', #8, #1519, #1437, .T. ) ;
#875 = CYLINDRICAL_SURFACE ( 'NONE', #1404, 2.999999999999999112 ) ;
#876 = ORIENTED_EDGE ( 'NONE', *, *, #1266, .T. ) ;
#877 = VERTEX_POINT ( 'NONE', #385 ) ;
#878 = CARTESIAN_POINT ( 'NONE',  ( 43.00000000000000000, 4.000000000000000000, 0.000000000000000000 ) ) ;
#879 = VERTEX_POINT ( 'NONE', #1218 ) ;
#880 = AXIS2_PLACEMENT_3D ( 'NONE', #448, #1555, #932 ) ;
#881 = CIRCLE ( 'NONE', #981, 6.000000000000000888 ) ;
#882 = LINE ( 'NONE', #1371, #1310 ) ;
#883 = CONICAL_SURFACE ( 'NONE', #1542, 3.000000000000014655, 0.7853981633974482790 ) ;
#884 = FACE_OUTER_BOUND ( 'NONE', #886, .T. ) ;
#885 = AXIS2_PLACEMENT_3D ( 'NONE', #1741, #1755, #262 ) ;
#886 = EDGE_LOOP ( 'NONE', ( #58, #492, #1004, #1900 ) ) ;
#887 = CONICAL_SURFACE ( 'NONE', #1960, 3.000000000000014655, 0.7853981633974482790 ) ;
#888 = ORIENTED_EDGE ( 'NONE', *, *, #2018, .F. ) ;
#889 = CARTESIAN_POINT ( 'NONE',  ( 0.000000000000000000, 4.000000000000000000, -3.000000000000014655 ) ) ;
#890 = ADVANCED_FACE ( 'NONE', ( #2014 ), #404, .T. ) ;
#891 = ORIENTED_EDGE ( 'NONE', *, *, #59, .T. ) ;
#892 = ADVANCED_FACE ( 'NONE', ( #532 ), #554, .T. ) ;
#893 = CARTESIAN_POINT ( 'NONE',  ( 0.000000000000000000, 2.999999999999999112, 0.000000000000000000 ) ) ;
#894 = DIRECTION ( 'NONE',  ( 0.000000000000000000, 1.000000000000000000, 0.000000000000000000 ) ) ;
#895 = ORIENTED_EDGE ( 'NONE', *, *, #602, .T. ) ;
#896 = EDGE_CURVE ( 'NONE', #919, #299, #76, .T. ) ;
#897 = CARTESIAN_POINT ( 'NONE',  ( 2.197812772430917772, 4.000000000000000000, 3.390402334384117200 ) ) ;
#898 = ORIENTED_EDGE ( 'NONE', *, *, #627, .T. ) ;
#899 = ADVANCED_FACE ( 'NONE', ( #2044 ), #1501, .F. ) ;
#900 = FACE_OUTER_BOUND ( 'NONE', #97, .T. ) ;
#901 = DIRECTION ( 'NONE',  ( 0.000000000000000000, 0.000000000000000000, 1.000000000000000000 ) ) ;
#902 = APPLICATION_CONTEXT ( 'automotive_design' ) ;
#903 = CARTESIAN_POINT ( 'NONE',  ( 38.90000000000001279, 13.99999999999999822, 2.000000000000000000 ) ) ;
#904 = ORIENTED_EDGE ( 'NONE', *, *, #2112, .T. ) ;
#905 = CARTESIAN_POINT ( 'NONE',  ( 61.00000000000000000, 2.999999999999999112, 6.999999999999994671 ) ) ;
#906 = ORIENTED_EDGE ( 'NONE', *, *, #1092, .T. ) ;
#907 = AXIS2_PLACEMENT_3D ( 'NONE', #934, #1762, #606 ) ;
#908 = VECTOR ( 'NONE', #1292, 999.9999999999998863 ) ;
#909 = DIRECTION ( 'NONE',  ( 0.000000000000000000, 0.7071067811865425767, -0.7071067811865525687 ) ) ;
#910 = AXIS2_PLACEMENT_3D ( 'NONE', #1250, #617, #1438 ) ;
#911 = FACE_OUTER_BOUND ( 'NONE', #1447, .T. ) ;
#912 = VECTOR ( 'NONE', #1205, 1000.000000000000000 ) ;
#913 = DIRECTION ( 'NONE',  ( 0.000000000000000000, 0.000000000000000000, -1.000000000000000000 ) ) ;
#914 = AXIS2_PLACEMENT_3D ( 'NONE', #553, #1838, #1011 ) ;
#915 = CARTESIAN_POINT ( 'NONE',  ( 0.000000000000000000, 4.000000000000000000, 0.000000000000000000 ) ) ;
#916 = ORIENTED_EDGE ( 'NONE', *, *, #694, .F. ) ;
#917 =( GEOMETRIC_REPRESENTATION_CONTEXT ( 3 ) GLOBAL_UNCERTAINTY_ASSIGNED_CONTEXT ( ( #132 ) ) GLOBAL_UNIT_ASSIGNED_CONTEXT ( ( #386, #1038, #1881 ) ) REPRESENTATION_CONTEXT ( 'NONE', 'WORKASPACE' ) );
#918 = FACE_OUTER_BOUND ( 'NONE', #928, .T. ) ;
#919 = VERTEX_POINT ( 'NONE', #1664 ) ;
#920 = VERTEX_POINT ( 'NONE', #187 ) ;
#921 = EDGE_CURVE ( 'NONE', #299, #272, #1605, .T. ) ;
#922 = CARTESIAN_POINT ( 'NONE',  ( 1.842431943322183185, 2.000000000000000000, 0.000000000000000000 ) ) ;
#923 = FACE_OUTER_BOUND ( 'NONE', #1424, .T. ) ;
#924 = EDGE_CURVE ( 'NONE', #1791, #1201, #210, .T. ) ;
#925 = DIRECTION ( 'NONE',  ( 0.000000000000000000, 0.000000000000000000, 1.000000000000000000 ) ) ;
#926 = ORIENTED_EDGE ( 'NONE', *, *, #321, .T. ) ;
#927 = CARTESIAN_POINT ( 'NONE',  ( 41.10000000000000142, 13.99999999999999822, 2.000000000000000000 ) ) ;
#928 = EDGE_LOOP ( 'NONE', ( #835, #379, #1805, #480 ) ) ;
#929 = APPLICATION_CONTEXT ( 'automotive_design' ) ;
#930 = ORIENTED_EDGE ( 'NONE', *, *, #105, .F. ) ;
#931 = DIRECTION ( 'NONE',  ( 0.7071067811865474617, 0.7071067811865474617, 0.000000000000000000 ) ) ;
#932 = DIRECTION ( 'NONE',  ( 0.000000000000000000, 0.000000000000000000, -1.000000000000000000 ) ) ;
#933 = ADVANCED_FACE ( 'NONE', ( #2024 ), #31, .F. ) ;
#934 = CARTESIAN_POINT ( 'NONE',  ( 61.00000000000000000, 4.000000000000000000, -10.00000000000000178 ) ) ;
#935 = ORIENTED_EDGE ( 'NONE', *, *, #1700, .F. ) ;
#936 = ADVANCED_FACE ( 'NONE', ( #2071 ), #883, .T. ) ;
#937 = ORIENTED_EDGE ( 'NONE', *, *, #825, .F. ) ;
#938 = AXIS2_PLACEMENT_3D ( 'NONE', #1797, #1456, #147 ) ;
#939 = ORIENTED_EDGE ( 'NONE', *, *, #764, .F. ) ;
#940 = CARTESIAN_POINT ( 'NONE',  ( 64.00000000000000000, 4.000000000000000000, -7.000000000000002665 ) ) ;
#941 = AXIS2_PLACEMENT_3D ( 'NONE', #628, #1143, #465 ) ;
#942 = DIRECTION ( 'NONE',  ( -0.000000000000000000, -1.000000000000000000, 0.000000000000000000 ) ) ;
#943 = AXIS2_PLACEMENT_3D ( 'NONE', #44, #1531, #1012 ) ;
#944 = CARTESIAN_POINT ( 'NONE',  ( 40.00000000000000711, 5.414213562373109134, -2.000000000000000000 ) ) ;
#945 = AXIS2_PLACEMENT_3D ( 'NONE', #643, #453, #803 ) ;
#946 = ORIENTED_EDGE ( 'NONE', *, *, #896, .T. ) ;
#947 = CYLINDRICAL_SURFACE ( 'NONE', #1854, 7.000000000000001776 ) ;
#948 = AXIS2_PLACEMENT_3D ( 'NONE', #648, #1353, #1485 ) ;
#949 = EDGE_LOOP ( 'NONE', ( #390, #1373, #502, #2066 ) ) ;
#950 = EDGE_CURVE ( 'NONE', #142, #1217, #1406, .T. ) ;
#951 = ORIENTED_EDGE ( 'NONE', *, *, #1309, .F. ) ;
#952 = ADVANCED_FACE ( 'NONE', ( #1089 ), #90, .T. ) ;
#953 = DIRECTION ( 'NONE',  ( -1.000000000000000000, 0.000000000000000000, 0.000000000000000000 ) ) ;
#954 = DIRECTION ( 'NONE',  ( -0.000000000000000000, -1.000000000000000000, 0.000000000000000000 ) ) ;
#955 = LINE ( 'NONE', #691, #1685 ) ;
#956 = PLANE ( 'NONE',  #227 ) ;
#957 = EDGE_LOOP ( 'NONE', ( #24, #131, #1652, #804 ) ) ;
#958 = CARTESIAN_POINT ( 'NONE',  ( 65.00000000000001421, 4.000000000000000000, 0.000000000000000000 ) ) ;
#959 = EDGE_CURVE ( 'NONE', #1810, #1394, #1818, .T. ) ;
#960 = FACE_OUTER_BOUND ( 'NONE', #614, .T. ) ;
#961 = ORIENTED_EDGE ( 'NONE', *, *, #395, .T. ) ;
#962 = EDGE_CURVE ( 'NONE', #1758, #547, #544, .T. ) ;
#963 = CARTESIAN_POINT ( 'NONE',  ( 77.00000000000000000, 4.000000000000000000, 15.00000000000000000 ) ) ;
#964 = DIRECTION ( 'NONE',  ( 1.000000000000000000, 0.000000000000000000, -1.084202172485504434E-16 ) ) ;
#965 = LINE ( 'NONE', #1303, #1409 ) ;
#966 = PLANE ( 'NONE',  #64 ) ;
#967 = EDGE_LOOP ( 'NONE', ( #1743, #996, #1119, #930 ) ) ;
#968 = CARTESIAN_POINT ( 'NONE',  ( 77.00000000000000000, 0.000000000000000000, -12.00000000000000000 ) ) ;
#969 = ORIENTED_EDGE ( 'NONE', *, *, #1599, .F. ) ;
#970 = CARTESIAN_POINT ( 'NONE',  ( 34.00000000000000000, 5.414213562373110911, 0.000000000000000000 ) ) ;
#971 = ORIENTED_EDGE ( 'NONE', *, *, #421, .F. ) ;
#972 = CARTESIAN_POINT ( 'NONE',  ( 41.10000000000000142, 13.99999999999999822, -2.000000000000000000 ) ) ;
#973 = CARTESIAN_POINT ( 'NONE',  ( 67.00000000000000000, 4.000000000000000000, -11.99999999999999645 ) ) ;
#974 = DIRECTION ( 'NONE',  ( 0.000000000000000000, 0.000000000000000000, -1.000000000000000000 ) ) ;
#975 = CARTESIAN_POINT ( 'NONE',  ( 80.00000000000000000, 2.999999999999999112, 15.00000000000000000 ) ) ;
#976 = EDGE_CURVE ( 'NONE', #251, #1050, #1407, .T. ) ;
#977 = LINE ( 'NONE', #1970, #436 ) ;
#978 = ORIENTED_EDGE ( 'NONE', *, *, #2076, .T. ) ;
#979 = CIRCLE ( 'NONE', #1468, 2.999999999999999112 ) ;
#980 = EDGE_CURVE ( 'NONE', #789, #767, #33, .T. ) ;
#981 = AXIS2_PLACEMENT_3D ( 'NONE', #21, #954, #1627 ) ;
#982 = ORIENTED_EDGE ( 'NONE', *, *, #1035, .T. ) ;
#983 = CARTESIAN_POINT ( 'NONE',  ( 1.513298831384501497, 4.000000000000000000, -3.499357152805261606 ) ) ;
#984 = AXIS2_PLACEMENT_3D ( 'NONE', #973, #1638, #678 ) ;
#985 = EDGE_LOOP ( 'NONE', ( #1935, #1995, #1668, #414 ) ) ;
#986 = CARTESIAN_POINT ( 'NONE',  ( 64.00000000000000000, 1.000000000000000888, 11.99999999999999822 ) ) ;
#987 = VECTOR ( 'NONE', #200, 1000.000000000000000 ) ;
#988 = CARTESIAN_POINT ( 'NONE',  ( 64.00000000000000000, 4.000000000000000000, -14.99999999999999645 ) ) ;
#989 = VECTOR ( 'NONE', #1967, 1000.000000000000000 ) ;
#990 = LINE ( 'NONE', #975, #101 ) ;
#991 = EDGE_CURVE ( 'NONE', #767, #36, #2109, .T. ) ;
#992 = DIRECTION ( 'NONE',  ( 0.000000000000000000, 0.000000000000000000, -1.000000000000000000 ) ) ;
#993 = ORIENTED_EDGE ( 'NONE', *, *, #75, .F. ) ;
#994 = EDGE_CURVE ( 'NONE', #1632, #1771, #1341, .T. ) ;
#995 = LINE ( 'NONE', #669, #1574 ) ;
#996 = ORIENTED_EDGE ( 'NONE', *, *, #1219, .F. ) ;
#997 = CARTESIAN_POINT ( 'NONE',  ( 37.00000000000000711, 4.707106781186563005, 0.000000000000000000 ) ) ;
#998 = CARTESIAN_POINT ( 'NONE',  ( -2.334973721498867505, 4.000000000000000000, 7.837333093370752287E-24 ) ) ;
#999 = ORIENTED_EDGE ( 'NONE', *, *, #1637, .T. ) ;
#1000 = DIRECTION ( 'NONE',  ( 0.000000000000000000, 0.7071067811865475727, 0.7071067811865475727 ) ) ;
#1001 = DIRECTION ( 'NONE',  ( 0.000000000000000000, 0.000000000000000000, -1.000000000000000000 ) ) ;
#1002 = DIRECTION ( 'NONE',  ( -3.469446951953614189E-16, -1.000000000000000000, 0.000000000000000000 ) ) ;
#1003 = CARTESIAN_POINT ( 'NONE',  ( 65.00000000000001421, 4.000000000000000000, 0.000000000000000000 ) ) ;
#1004 = ORIENTED_EDGE ( 'NONE', *, *, #720, .T. ) ;
#1005 = ORIENTED_EDGE ( 'NONE', *, *, #246, .T. ) ;
#1006 = DIRECTION ( 'NONE',  ( -0.7071067811865474617, 0.7071067811865476838, 0.000000000000000000 ) ) ;
#1007 = CARTESIAN_POINT ( 'NONE',  ( -1.959793236554866924, 3.999999999999999112, -1.573659967062772891 ) ) ;
#1008 = EDGE_CURVE ( 'NONE', #1099, #1277, #298, .T. ) ;
#1009 = EDGE_LOOP ( 'NONE', ( #1520, #601, #906, #1746 ) ) ;
#1010 = DIRECTION ( 'NONE',  ( -1.000000000000000000, 0.000000000000000000, 0.000000000000000000 ) ) ;
#1011 = DIRECTION ( 'NONE',  ( 0.000000000000000000, 0.000000000000000000, -1.000000000000000000 ) ) ;
#1012 = DIRECTION ( 'NONE',  ( 0.000000000000000000, 0.000000000000000000, -1.000000000000000000 ) ) ;
#1013 = CARTESIAN_POINT ( 'NONE',  ( 80.00000000000000000, 1.000000000000000888, 12.00000000000000000 ) ) ;
#1014 = LINE ( 'NONE', #1533, #1742 ) ;
#1015 = ORIENTED_EDGE ( 'NONE', *, *, #962, .F. ) ;
#1016 = AXIS2_PLACEMENT_3D ( 'NONE', #1213, #1221, #230 ) ;
#1017 = EDGE_LOOP ( 'NONE', ( #175, #1584, #214, #127 ) ) ;
#1018 = TOROIDAL_SURFACE ( 'NONE', #772, 3.414213562373111799, 1.000000000000000000 ) ;
#1019 = CARTESIAN_POINT ( 'NONE',  ( -0.9019767512711805990, 4.000000000000000000, -2.804366608145764772 ) ) ;
#1020 = CARTESIAN_POINT ( 'NONE',  ( 45.00000000000001421, 14.00000000000000178, 0.000000000000000000 ) ) ;
#1021 = VECTOR ( 'NONE', #1552, 1000.000000000000114 ) ;
#1022 = VERTEX_POINT ( 'NONE', #1147 ) ;
#1023 = EDGE_CURVE ( 'NONE', #1465, #2012, #1446, .T. ) ;
#1024 = AXIS2_PLACEMENT_3D ( 'NONE', #2088, #630, #1074 ) ;
#1025 = CARTESIAN_POINT ( 'NONE',  ( 64.00000000000000000, 4.000000000000000000, 14.99999999999999822 ) ) ;
#1026 = EDGE_CURVE ( 'NONE', #1201, #2060, #461, .T. ) ;
#1027 = AXIS2_PLACEMENT_3D ( 'NONE', #1502, #1184, #32 ) ;
#1028 = DIRECTION ( 'NONE',  ( -1.000000000000000000, 0.000000000000000000, 0.000000000000000000 ) ) ;
#1029 = CIRCLE ( 'NONE', #1276, 5.000000000000004441 ) ;
#1030 = FACE_OUTER_BOUND ( 'NONE', #1017, .T. ) ;
#1031 = ORIENTED_EDGE ( 'NONE', *, *, #1108, .T. ) ;
#1032 = CARTESIAN_POINT ( 'NONE',  ( 77.00000000000000000, 1.000000000000000888, 12.00000000000000000 ) ) ;
#1033 = CARTESIAN_POINT ( 'NONE',  ( -0.9057143270212638653, 4.000000000000000000, 2.801561735059321823 ) ) ;
#1034 = LINE ( 'NONE', #591, #1924 ) ;
#1035 = EDGE_CURVE ( 'NONE', #1711, #1514, #1745, .T. ) ;
#1036 = ORIENTED_EDGE ( 'NONE', *, *, #323, .F. ) ;
#1037 = CARTESIAN_POINT ( 'NONE',  ( 37.00000000000000711, 4.000000000000000000, 3.000000000000014655 ) ) ;
#1038 =( NAMED_UNIT ( * ) PLANE_ANGLE_UNIT ( ) SI_UNIT ( $, .RADIAN. ) );
#1039 = FACE_OUTER_BOUND ( 'NONE', #260, .T. ) ;
#1040 = EDGE_CURVE ( 'NONE', #272, #8, #495, .T. ) ;
#1041 = ORIENTED_EDGE ( 'NONE', *, *, #2032, .F. ) ;
#1042 = VERTEX_POINT ( 'NONE', #1616 ) ;
#1043 = CARTESIAN_POINT ( 'NONE',  ( 0.000000000000000000, 4.707106781186562117, -2.292893218813452982 ) ) ;
#1044 = EDGE_LOOP ( 'NONE', ( #156, #1445, #916, #185 ) ) ;
#1045 = PLANE ( 'NONE',  #2030 ) ;
#1046 = SURFACE_STYLE_FILL_AREA ( #873 ) ;
#1047 = CARTESIAN_POINT ( 'NONE',  ( 67.00000000000000000, 4.000000000000000000, -14.99999999999999645 ) ) ;
#1048 = VERTEX_POINT ( 'NONE', #622 ) ;
#1049 = ADVANCED_FACE ( 'NONE', ( #960 ), #674, .F. ) ;
#1050 = VERTEX_POINT ( 'NONE', #870 ) ;
#1051 = EDGE_CURVE ( 'NONE', #1498, #1482, #1888, .T. ) ;
#1052 = CARTESIAN_POINT ( 'NONE',  ( 3.981909119976502431, 4.000000000000000000, 2.332498122565729304 ) ) ;
#1053 = VECTOR ( 'NONE', #1176, 1000.000000000000000 ) ;
#1054 = FACE_OUTER_BOUND ( 'NONE', #2048, .T. ) ;
#1055 = ORIENTED_EDGE ( 'NONE', *, *, #1628, .T. ) ;
#1056 = VECTOR ( 'NONE', #1706, 1000.000000000000000 ) ;
#1057 = CIRCLE ( 'NONE', #128, 3.414213562373111799 ) ;
#1058 = CARTESIAN_POINT ( 'NONE',  ( 65.00000000000001421, 4.000000000000000000, -10.00000000000000178 ) ) ;
#1059 = CARTESIAN_POINT ( 'NONE',  ( 61.00000000000000000, 1.000000000000000888, 6.999999999999993783 ) ) ;
#1060 = VECTOR ( 'NONE', #178, 999.9999999999998863 ) ;
#1061 = EDGE_LOOP ( 'NONE', ( #41, #652, #629, #1474, #926, #895, #2007, #1262, #1934, #1260, #876, #775, #733, #1285 ) ) ;
#1062 = EDGE_CURVE ( 'NONE', #1235, #245, #1097, .T. ) ;
#1063 = AXIS2_PLACEMENT_3D ( 'NONE', #1175, #375, #363 ) ;
#1064 = EDGE_CURVE ( 'NONE', #758, #1530, #392, .T. ) ;
#1065 = EDGE_LOOP ( 'NONE', ( #1457, #1224, #1041, #638 ) ) ;
#1066 = DIRECTION ( 'NONE',  ( 0.000000000000000000, -0.7071067811865475727, 0.7071067811865475727 ) ) ;
#1067 = PRODUCT_RELATED_PRODUCT_CATEGORY ( 'part', '', ( #2077 ) ) ;
#1068 = ORIENTED_EDGE ( 'NONE', *, *, #184, .T. ) ;
#1069 = SURFACE_SIDE_STYLE ('',( #1046 ) ) ;
#1070 = DIRECTION ( 'NONE',  ( -3.469446951953614682E-16, 1.000000000000000000, -0.000000000000000000 ) ) ;
#1071 = PLANE ( 'NONE',  #1720 ) ;
#1072 = PLANE ( 'NONE',  #326 ) ;
#1073 = EDGE_LOOP ( 'NONE', ( #1612, #1631, #1055, #1114 ) ) ;
#1074 = DIRECTION ( 'NONE',  ( 0.000000000000000000, 0.000000000000000000, 1.000000000000000000 ) ) ;
#1075 = DIRECTION ( 'NONE',  ( 0.000000000000000000, 0.000000000000000000, -1.000000000000000000 ) ) ;
#1076 = ORIENTED_EDGE ( 'NONE', *, *, #1252, .F. ) ;
#1077 = DIRECTION ( 'NONE',  ( 1.000000000000000000, 0.000000000000000000, 0.000000000000000000 ) ) ;
#1078 = ADVANCED_FACE ( 'NONE', ( #2001 ), #26, .T. ) ;
#1079 = CARTESIAN_POINT ( 'NONE',  ( 43.00000000000000000, 5.414213562373116240, 2.999999999999996003 ) ) ;
#1080 = DIRECTION ( 'NONE',  ( 0.000000000000000000, -1.000000000000000000, 0.000000000000000000 ) ) ;
#1081 = DIRECTION ( 'NONE',  ( -0.000000000000000000, -1.000000000000000000, -0.000000000000000000 ) ) ;
#1082 = FACE_OUTER_BOUND ( 'NONE', #2029, .T. ) ;
#1083 = DIRECTION ( 'NONE',  ( -0.2999999999999999334, 0.9539392014169457701, 0.000000000000000000 ) ) ;
#1084 = ORIENTED_EDGE ( 'NONE', *, *, #1911, .F. ) ;
#1085 = DIRECTION ( 'NONE',  ( 0.000000000000000000, 0.000000000000000000, -1.000000000000000000 ) ) ;
#1086 = ORIENTED_EDGE ( 'NONE', *, *, #924, .T. ) ;
#1087 = EDGE_CURVE ( 'NONE', #1171, #1560, #1522, .T. ) ;
#1088 = CONICAL_SURFACE ( 'NONE', #157, 5.999999999999986677, 0.7853981633974552734 ) ;
#1089 = FACE_OUTER_BOUND ( 'NONE', #777, .T. ) ;
#1090 = AXIS2_PLACEMENT_3D ( 'NONE', #1504, #1691, #545 ) ;
#1091 = ADVANCED_FACE ( 'NONE', ( #40 ), #2011, .F. ) ;
#1092 = EDGE_CURVE ( 'NONE', #1482, #1758, #370, .T. ) ;
#1093 = DIRECTION ( 'NONE',  ( 0.000000000000000000, -1.000000000000000000, 0.000000000000000000 ) ) ;
#1094 = VECTOR ( 'NONE', #1545, 1000.000000000000000 ) ;
#1095 = CARTESIAN_POINT ( 'NONE',  ( 65.00000000000001421, 4.000000000000000000, 0.000000000000000000 ) ) ;
#1096 = EDGE_CURVE ( 'NONE', #224, #668, #1034, .T. ) ;
#1097 = CIRCLE ( 'NONE', #472, 1.000000000000000000 ) ;
#1098 = DIRECTION ( 'NONE',  ( -1.000000000000000000, -8.673617379884027583E-16, 0.000000000000000000 ) ) ;
#1099 = VERTEX_POINT ( 'NONE', #441 ) ;
#1100 = VECTOR ( 'NONE', #300, 1000.000000000000114 ) ;
#1101 = CARTESIAN_POINT ( 'NONE',  ( 7.347880794884101987E-16, 4.000000000000000000, 5.999999999999986677 ) ) ;
#1102 = ORIENTED_EDGE ( 'NONE', *, *, #1487, .T. ) ;
#1103 = EDGE_CURVE ( 'NONE', #1465, #509, #1473, .T. ) ;
#1104 = EDGE_LOOP ( 'NONE', ( #530, #1696, #264, #1167 ) ) ;
#1105 = CARTESIAN_POINT ( 'NONE',  ( 43.00000000000000000, 4.292893218813452094, 2.707106781186562561 ) ) ;
#1106 = DIRECTION ( 'NONE',  ( -0.2999999999999999334, 0.9539392014169457701, 0.000000000000000000 ) ) ;
#1107 = DIRECTION ( 'NONE',  ( -0.000000000000000000, -0.000000000000000000, -1.000000000000000000 ) ) ;
#1108 = EDGE_CURVE ( 'NONE', #2017, #8, #244, .T. ) ;
#1109 = DIRECTION ( 'NONE',  ( -1.000000000000000000, -0.000000000000000000, -0.000000000000000000 ) ) ;
#1110 = ORIENTED_EDGE ( 'NONE', *, *, #976, .T. ) ;
#1111 = FACE_OUTER_BOUND ( 'NONE', #1179, .T. ) ;
#1112 = ORIENTED_EDGE ( 'NONE', *, *, #1637, .F. ) ;
#1113 = CARTESIAN_POINT ( 'NONE',  ( 77.00000000000000000, 4.000000000000000000, -13.99999999999998401 ) ) ;
#1114 = ORIENTED_EDGE ( 'NONE', *, *, #1331, .F. ) ;
#1115 = CARTESIAN_POINT ( 'NONE',  ( 40.00000000000000711, 13.99999999999999822, 0.000000000000000000 ) ) ;
#1116 = CARTESIAN_POINT ( 'NONE',  ( 67.00000000000000000, 4.000000000000000000, -13.99999999999998046 ) ) ;
#1117 = CARTESIAN_POINT ( 'NONE',  ( 77.00000000000000000, 2.999999999999999112, -12.00000000000000000 ) ) ;
#1118 = DIRECTION ( 'NONE',  ( -1.000000000000000000, 0.000000000000000000, 0.000000000000000000 ) ) ;
#1119 = ORIENTED_EDGE ( 'NONE', *, *, #1188, .F. ) ;
#1120 = ADVANCED_FACE ( 'NONE', ( #1054 ), #83, .T. ) ;
#1121 = CARTESIAN_POINT ( 'NONE',  ( 67.00000000000000000, 0.000000000000000000, 11.99999999999999822 ) ) ;
#1122 = ORIENTED_EDGE ( 'NONE', *, *, #457, .T. ) ;
#1123 = DIRECTION ( 'NONE',  ( 1.000000000000000000, 0.000000000000000000, 0.000000000000000000 ) ) ;
#1124 = VERTEX_POINT ( 'NONE', #1667 ) ;
#1125 = LINE ( 'NONE', #1607, #855 ) ;
#1126 = AXIS2_PLACEMENT_3D ( 'NONE', #922, #1106, #418 ) ;
#1127 = PLANE ( 'NONE',  #1815 ) ;
#1128 = CARTESIAN_POINT ( 'NONE',  ( 40.00000000000000711, 13.99999999999999822, -2.000000000000000000 ) ) ;
#1129 = AXIS2_PLACEMENT_3D ( 'NONE', #1210, #2004, #1861 ) ;
#1130 = DIRECTION ( 'NONE',  ( -0.000000000000000000, -0.000000000000000000, -1.000000000000000000 ) ) ;
#1131 = CONICAL_SURFACE ( 'NONE', #1270, 2.000000000000001776, 0.7853981633974470578 ) ;
#1132 = EDGE_CURVE ( 'NONE', #861, #668, #2121, .T. ) ;
#1133 = EDGE_LOOP ( 'NONE', ( #551, #1523, #73, #1702 ) ) ;
#1134 = CONICAL_SURFACE ( 'NONE', #576, 1.999999999999998224, 0.7853981633974487231 ) ;
#1135 = EDGE_CURVE ( 'NONE', #539, #1632, #1633, .T. ) ;
#1136 = VECTOR ( 'NONE', #167, 1000.000000000000114 ) ;
#1137 = ORIENTED_EDGE ( 'NONE', *, *, #980, .T. ) ;
#1138 = DIRECTION ( 'NONE',  ( -1.000000000000000000, -8.673617379884027583E-16, 0.000000000000000000 ) ) ;
#1139 = VERTEX_POINT ( 'NONE', #1965 ) ;
#1140 = LINE ( 'NONE', #1573, #1722 ) ;
#1141 = DIRECTION ( 'NONE',  ( -1.000000000000000000, 0.000000000000000000, 0.000000000000000000 ) ) ;
#1142 = DIRECTION ( 'NONE',  ( -0.7071067811865475727, -0.7071067811865475727, -0.000000000000000000 ) ) ;
#1143 = DIRECTION ( 'NONE',  ( 3.469446951953614189E-16, 1.000000000000000000, -0.000000000000000000 ) ) ;
#1144 = EDGE_LOOP ( 'NONE', ( #999, #1454, #2093, #1159 ) ) ;
#1145 = CARTESIAN_POINT ( 'NONE',  ( 43.00000000000000711, 13.99999999999999645, 2.000000000000000000 ) ) ;
#1146 = CARTESIAN_POINT ( 'NONE',  ( 67.00000000000000000, 0.000000000000000000, 13.99999999999999645 ) ) ;
#1147 = CARTESIAN_POINT ( 'NONE',  ( 65.00000000000000000, 0.000000000000000000, -11.99999999999999645 ) ) ;
#1148 = VERTEX_POINT ( 'NONE', #1146 ) ;
#1149 = FACE_OUTER_BOUND ( 'NONE', #1273, .T. ) ;
#1150 = PLANE ( 'NONE',  #1853 ) ;
#1151 = EDGE_CURVE ( 'NONE', #1975, #1048, #1439, .T. ) ;
#1152 = CARTESIAN_POINT ( 'NONE',  ( 0.000000000000000000, 1.000000000000000888, 0.000000000000000000 ) ) ;
#1153 = FACE_OUTER_BOUND ( 'NONE', #1565, .T. ) ;
#1154 = ORIENTED_EDGE ( 'NONE', *, *, #707, .F. ) ;
#1155 = ORIENTED_EDGE ( 'NONE', *, *, #1178, .F. ) ;
#1156 = CARTESIAN_POINT ( 'NONE',  ( -2.145798931074218263, 4.000000000000000888, -1.144141922699106528 ) ) ;
#1157 = CARTESIAN_POINT ( 'NONE',  ( 77.00000000000000000, 2.999999999999999112, 15.00000000000000000 ) ) ;
#1158 = EDGE_CURVE ( 'NONE', #1921, #1042, #1294, .T. ) ;
#1159 = ORIENTED_EDGE ( 'NONE', *, *, #1833, .T. ) ;
#1160 = DIRECTION ( 'NONE',  ( -1.000000000000000000, 0.000000000000000000, 0.000000000000000000 ) ) ;
#1161 = LINE ( 'NONE', #1813, #2090 ) ;
#1162 = CARTESIAN_POINT ( 'NONE',  ( 37.00000000000000711, 5.000000000000000000, 0.000000000000000000 ) ) ;
#1163 = TOROIDAL_SURFACE ( 'NONE', #1090, 2.999999999999999556, 1.000000000000000000 ) ;
#1164 = DIRECTION ( 'NONE',  ( 0.000000000000000000, 1.000000000000000000, 0.000000000000000000 ) ) ;
#1165 = ORIENTED_EDGE ( 'NONE', *, *, #980, .F. ) ;
#1166 = CIRCLE ( 'NONE', #1712, 2.000000000000001776 ) ;
#1167 = ORIENTED_EDGE ( 'NONE', *, *, #335, .T. ) ;
#1168 = AXIS2_PLACEMENT_3D ( 'NONE', #11, #654, #308 ) ;
#1169 = CARTESIAN_POINT ( 'NONE',  ( -2.310628359560679801, 4.000000000000000000, -0.4681366235654206287 ) ) ;
#1170 = CIRCLE ( 'NONE', #1821, 4.000000000000003553 ) ;
#1171 = VERTEX_POINT ( 'NONE', #1189 ) ;
#1172 = DIRECTION ( 'NONE',  ( 0.000000000000000000, -0.7071067811865474617, 0.7071067811865474617 ) ) ;
#1173 = FACE_OUTER_BOUND ( 'NONE', #61, .T. ) ;
#1174 = AXIS2_PLACEMENT_3D ( 'NONE', #1914, #1449, #624 ) ;
#1175 = CARTESIAN_POINT ( 'NONE',  ( 80.00000000000000000, 4.000000000000000000, 15.00000000000000000 ) ) ;
#1176 = DIRECTION ( 'NONE',  ( -6.938893903907228378E-16, -1.000000000000000000, -0.000000000000000000 ) ) ;
#1177 = ORIENTED_EDGE ( 'NONE', *, *, #1222, .F. ) ;
#1178 = EDGE_CURVE ( 'NONE', #1042, #1921, #1597, .T. ) ;
#1179 = EDGE_LOOP ( 'NONE', ( #279, #1680, #1673, #118 ) ) ;
#1180 = CARTESIAN_POINT ( 'NONE',  ( 43.00000000000000000, 5.414213562373111799, -3.000000000000000000 ) ) ;
#1181 = VERTEX_POINT ( 'NONE', #1388 ) ;
#1182 = CARTESIAN_POINT ( 'NONE',  ( 40.00000000000000711, 5.414213562373109134, -3.000000000000000000 ) ) ;
#1183 = FACE_OUTER_BOUND ( 'NONE', #1065, .T. ) ;
#1184 = DIRECTION ( 'NONE',  ( 0.000000000000000000, 1.000000000000000000, 0.000000000000000000 ) ) ;
#1185 = DIRECTION ( 'NONE',  ( 0.000000000000000000, 0.000000000000000000, 1.000000000000000000 ) ) ;
#1186 = VERTEX_POINT ( 'NONE', #412 ) ;
#1187 = EDGE_CURVE ( 'NONE', #150, #920, #1204, .T. ) ;
#1188 = EDGE_CURVE ( 'NONE', #1727, #1360, #2057, .T. ) ;
#1189 = CARTESIAN_POINT ( 'NONE',  ( 61.00000000000000000, 4.000000000000000000, -5.999999999999984901 ) ) ;
#1190 = ADVANCED_FACE ( 'NONE', ( #734 ), #1368, .F. ) ;
#1191 = DIRECTION ( 'NONE',  ( -1.000000000000000000, 0.000000000000000000, 0.000000000000000000 ) ) ;
#1192 = VERTEX_POINT ( 'NONE', #1878 ) ;
#1193 = DIRECTION ( 'NONE',  ( 0.000000000000000000, -1.000000000000000000, 0.000000000000000000 ) ) ;
#1194 = CARTESIAN_POINT ( 'NONE',  ( 67.00000000000000000, 1.000000000000000888, -14.99999999999999645 ) ) ;
#1195 = FACE_OUTER_BOUND ( 'NONE', #1593, .T. ) ;
#1196 = VECTOR ( 'NONE', #1479, 1000.000000000000000 ) ;
#1197 = LINE ( 'NONE', #1710, #1987 ) ;
#1198 = VERTEX_POINT ( 'NONE', #1559 ) ;
#1199 = EDGE_CURVE ( 'NONE', #1405, #466, #1396, .T. ) ;
#1200 = VECTOR ( 'NONE', #1461, 1000.000000000000000 ) ;
#1201 = VERTEX_POINT ( 'NONE', #537 ) ;
#1202 = DIRECTION ( 'NONE',  ( 0.000000000000000000, 1.000000000000000000, 0.000000000000000000 ) ) ;
#1203 = TOROIDAL_SURFACE ( 'NONE', #1268, 2.999999999999994671, 1.000000000000000000 ) ;
#1204 = LINE ( 'NONE', #1684, #1021 ) ;
#1205 = DIRECTION ( 'NONE',  ( 6.938893903907228378E-16, 1.000000000000000000, 0.000000000000000000 ) ) ;
#1206 = VECTOR ( 'NONE', #285, 1000.000000000000000 ) ;
#1207 = ORIENTED_EDGE ( 'NONE', *, *, #1026, .F. ) ;
#1208 = ADVANCED_FACE ( 'NONE', ( #1859, #382 ), #550, .T. ) ;
#1209 = AXIS2_PLACEMENT_3D ( 'NONE', #209, #698, #1138 ) ;
#1210 = CARTESIAN_POINT ( 'NONE',  ( 40.00000000000000711, 5.414213562373110911, 3.000000000000000000 ) ) ;
#1211 = VECTOR ( 'NONE', #1517, 1000.000000000000000 ) ;
#1212 = CARTESIAN_POINT ( 'NONE',  ( 45.00000000000001421, 14.00000000000000178, 0.000000000000000000 ) ) ;
#1213 = CARTESIAN_POINT ( 'NONE',  ( 0.000000000000000000, 4.000000000000000000, 0.000000000000000000 ) ) ;
#1214 = ORIENTED_EDGE ( 'NONE', *, *, #105, .T. ) ;
#1215 = CARTESIAN_POINT ( 'NONE',  ( 0.3536473082438953419, 4.000000000000000000, 3.392957635256392823 ) ) ;
#1216 = DIRECTION ( 'NONE',  ( 0.000000000000000000, 0.000000000000000000, -1.000000000000000000 ) ) ;
#1217 = VERTEX_POINT ( 'NONE', #1866 ) ;
#1218 = CARTESIAN_POINT ( 'NONE',  ( 67.00000000000000000, 2.999999999999999112, -14.99999999999999645 ) ) ;
#1219 = EDGE_CURVE ( 'NONE', #1360, #245, #391, .T. ) ;
#1220 = CARTESIAN_POINT ( 'NONE',  ( 37.00000000000000711, 5.000000000000000000, 3.414213562373110022 ) ) ;
#1221 = DIRECTION ( 'NONE',  ( 0.000000000000000000, -1.000000000000000000, 0.000000000000000000 ) ) ;
#1222 = EDGE_CURVE ( 'NONE', #871, #1514, #1057, .T. ) ;
#1223 = EDGE_LOOP ( 'NONE', ( #623, #110, #2099, #496 ) ) ;
#1224 = ORIENTED_EDGE ( 'NONE', *, *, #552, .F. ) ;
#1225 = CARTESIAN_POINT ( 'NONE',  ( -2.334973721498867505, 4.000000000000000000, 7.837333093370752287E-24 ) ) ;
#1226 = ORIENTED_EDGE ( 'NONE', *, *, #1158, .T. ) ;
#1227 = EDGE_CURVE ( 'NONE', #619, #1022, #598, .T. ) ;
#1228 = DIRECTION ( 'NONE',  ( 0.000000000000000000, 0.000000000000000000, -1.000000000000000000 ) ) ;
#1229 = VERTEX_POINT ( 'NONE', #1942 ) ;
#1230 = VECTOR ( 'NONE', #1109, 1000.000000000000000 ) ;
#1231 = ORIENTED_EDGE ( 'NONE', *, *, #627, .F. ) ;
#1232 = AXIS2_PLACEMENT_3D ( 'NONE', #1931, #1564, #429 ) ;
#1233 = CARTESIAN_POINT ( 'NONE',  ( -1.092059993196383250, 4.000000000000000000, 2.655571654132550030 ) ) ;
#1234 = AXIS2_PLACEMENT_3D ( 'NONE', #1486, #479, #1947 ) ;
#1235 = VERTEX_POINT ( 'NONE', #1444 ) ;
#1236 = VECTOR ( 'NONE', #177, 1000.000000000000000 ) ;
#1237 = AXIS2_PLACEMENT_3D ( 'NONE', #889, #1066, #726 ) ;
#1238 = DIRECTION ( 'NONE',  ( -1.000000000000000000, 0.000000000000000000, 0.000000000000000000 ) ) ;
#1239 = CIRCLE ( 'NONE', #1509, 3.000000000000000000 ) ;
#1240 = CARTESIAN_POINT ( 'NONE',  ( 61.00000000000000000, 0.000000000000000000, 5.999999999999993783 ) ) ;
#1241 = AXIS2_PLACEMENT_3D ( 'NONE', #1524, #831, #1840 ) ;
#1242 = DIRECTION ( 'NONE',  ( 0.000000000000000000, 0.000000000000000000, -1.000000000000000000 ) ) ;
#1243 =( GEOMETRIC_REPRESENTATION_CONTEXT ( 3 ) GLOBAL_UNCERTAINTY_ASSIGNED_CONTEXT ( ( #1279 ) ) GLOBAL_UNIT_ASSIGNED_CONTEXT ( ( #736, #1870, #225 ) ) REPRESENTATION_CONTEXT ( 'NONE', 'WORKASPACE' ) );
#1244 = FACE_OUTER_BOUND ( 'NONE', #517, .T. ) ;
#1245 = ORIENTED_EDGE ( 'NONE', *, *, #1675, .F. ) ;
#1246 = EDGE_CURVE ( 'NONE', #758, #861, #296, .T. ) ;
#1247 = CARTESIAN_POINT ( 'NONE',  ( -0.3065575239898848392, 4.000000000000000000, 3.156744513469347702 ) ) ;
#1248 = EDGE_LOOP ( 'NONE', ( #399, #446, #409, #1366 ) ) ;
#1249 = CARTESIAN_POINT ( 'NONE',  ( 43.00000000000000000, 4.000000000000000000, 0.000000000000000000 ) ) ;
#1250 = CARTESIAN_POINT ( 'NONE',  ( 67.00000000000000000, 0.000000000000000000, -11.99999999999999645 ) ) ;
#1251 = CARTESIAN_POINT ( 'NONE',  ( 65.00000000000000000, 0.000000000000000000, 9.999999999999994671 ) ) ;
#1252 = EDGE_CURVE ( 'NONE', #509, #1181, #1614, .T. ) ;
#1253 = ORIENTED_EDGE ( 'NONE', *, *, #716, .T. ) ;
#1254 = PLANE ( 'NONE',  #1996 ) ;
#1255 = EDGE_LOOP ( 'NONE', ( #1534, #1226 ) ) ;
#1256 = ADVANCED_FACE ( 'NONE', ( #1430 ), #947, .T. ) ;
#1257 = FACE_OUTER_BOUND ( 'NONE', #717, .T. ) ;
#1258 = CARTESIAN_POINT ( 'NONE',  ( 43.00000000000000000, 4.292893218813452094, 0.000000000000000000 ) ) ;
#1259 = DIRECTION ( 'NONE',  ( -1.000000000000000000, 0.000000000000000000, 0.000000000000000000 ) ) ;
#1260 = ORIENTED_EDGE ( 'NONE', *, *, #1703, .T. ) ;
#1261 = ADVANCED_FACE ( 'NONE', ( #918 ), #1131, .T. ) ;
#1262 = ORIENTED_EDGE ( 'NONE', *, *, #950, .T. ) ;
#1263 = CIRCLE ( 'NONE', #1336, 2.292893218813450762 ) ;
#1264 = VECTOR ( 'NONE', #420, 1000.000000000000000 ) ;
#1265 = ORIENTED_EDGE ( 'NONE', *, *, #321, .F. ) ;
#1266 = EDGE_CURVE ( 'NONE', #1099, #1148, #431, .T. ) ;
#1267 = DIRECTION ( 'NONE',  ( 0.000000000000000000, 0.000000000000000000, 1.000000000000000000 ) ) ;
#1268 = AXIS2_PLACEMENT_3D ( 'NONE', #1427, #585, #771 ) ;
#1269 = LINE ( 'NONE', #1116, #1681 ) ;
#1270 = AXIS2_PLACEMENT_3D ( 'NONE', #2100, #1773, #1933 ) ;
#1271 = VECTOR ( 'NONE', #574, 1000.000000000000000 ) ;
#1272 = CARTESIAN_POINT ( 'NONE',  ( -3.035766082959405315E-15, 4.000000000000000000, -13.99999999999996803 ) ) ;
#1273 = EDGE_LOOP ( 'NONE', ( #1932, #792, #1796, #888 ) ) ;
#1274 = VECTOR ( 'NONE', #228, 1000.000000000000000 ) ;
#1275 = DIRECTION ( 'NONE',  ( 0.000000000000000000, -1.000000000000000000, 0.000000000000000000 ) ) ;
#1276 = AXIS2_PLACEMENT_3D ( 'NONE', #1977, #497, #1160 ) ;
#1277 = VERTEX_POINT ( 'NONE', #99 ) ;
#1278 = ORIENTED_EDGE ( 'NONE', *, *, #1554, .T. ) ;
#1279 = UNCERTAINTY_MEASURE_WITH_UNIT (LENGTH_MEASURE( 1.000000000000000082E-05 ), #736, 'distance_accuracy_value', 'NONE');
#1280 = LINE ( 'NONE', #1729, #1922 ) ;
#1281 = EDGE_CURVE ( 'NONE', #1192, #1405, #334, .T. ) ;
#1282 = DIRECTION ( 'NONE',  ( 0.000000000000000000, -0.7071067811865524577, 0.7071067811865425767 ) ) ;
#1283 = VERTEX_POINT ( 'NONE', #1101 ) ;
#1284 = CARTESIAN_POINT ( 'NONE',  ( 37.00000000000000711, 5.000000000000000000, -3.414213562373110911 ) ) ;
#1285 = ORIENTED_EDGE ( 'NONE', *, *, #1451, .T. ) ;
#1286 = DIRECTION ( 'NONE',  ( -0.000000000000000000, -1.000000000000000000, -0.000000000000000000 ) ) ;
#1287 = ORIENTED_EDGE ( 'NONE', *, *, #812, .T. ) ;
#1288 = CARTESIAN_POINT ( 'NONE',  ( 6.505213034913011813E-16, 4.000000000000000000, 5.999999999999986677 ) ) ;
#1289 = ADVANCED_FACE ( 'NONE', ( #590 ), #378, .T. ) ;
#1290 = CARTESIAN_POINT ( 'NONE',  ( 40.00000000000000711, 13.99999999999999822, 2.000000000000000000 ) ) ;
#1291 = DIRECTION ( 'NONE',  ( 1.000000000000000000, 0.000000000000000000, 0.000000000000000000 ) ) ;
#1292 = DIRECTION ( 'NONE',  ( -0.7071067811865525687, -0.7071067811865425767, 0.000000000000000000 ) ) ;
#1293 = ORIENTED_EDGE ( 'NONE', *, *, #1590, .F. ) ;
#1294 = B_SPLINE_CURVE_WITH_KNOTS ( 'NONE', 3,
 ( #998, #1826, #1169, #18, #1156, #1007, #346, #1659, #1332, #1322, #1019, #1808, #1800, #1464, #1649, #494, #149, #983, #316, #661, #2010, #1672, #817, #192, #330, #183, #1480, #836, #1510, #687, #802, #1497 ),
 .UNSPECIFIED., .F., .F.,
 ( 4, 2, 2, 2, 2, 2, 2, 2, 2, 2, 2, 2, 2, 2, 2, 4 ),
 ( 0.02009112523507033954, 0.02078599482087184133, 0.02148086440667334313, 0.02217573399247484492, 0.02287060357827634671, 0.02356547316407784851, 0.02426034274987935030, 0.02495521233568084862, 0.02565008192148235042, 0.02634495150728385221, 0.02703982109308535400, 0.02842956026468835759, 0.02912442985048985938, 0.02981929943629135771, 0.03051416902209286297, 0.03120903860789436129 ),
 .UNSPECIFIED. ) ;
#1295 = EDGE_CURVE ( 'NONE', #668, #1530, #1170, .T. ) ;
#1296 = DIRECTION ( 'NONE',  ( 0.000000000000000000, 0.000000000000000000, -1.000000000000000000 ) ) ;
#1297 = CARTESIAN_POINT ( 'NONE',  ( 40.00000000000000711, 13.99999999999999822, 0.000000000000000000 ) ) ;
#1298 = DIRECTION ( 'NONE',  ( 0.000000000000000000, -0.7071067811865425767, -0.7071067811865525687 ) ) ;
#1299 = ORIENTED_EDGE ( 'NONE', *, *, #1460, .T. ) ;
#1300 = DIRECTION ( 'NONE',  ( 0.000000000000000000, 0.000000000000000000, 1.000000000000000000 ) ) ;
#1301 = CIRCLE ( 'NONE', #194, 1.099999999999996758 ) ;
#1302 = DIRECTION ( 'NONE',  ( 0.000000000000000000, 0.000000000000000000, -1.000000000000000000 ) ) ;
#1303 = CARTESIAN_POINT ( 'NONE',  ( 43.00000000000000000, 4.000000000000000000, -3.414213562373109578 ) ) ;
#1304 = CIRCLE ( 'NONE', #197, 1.099999999999996758 ) ;
#1305 = DIRECTION ( 'NONE',  ( -0.2999999999999998779, 0.9539392014169456591, 0.000000000000000000 ) ) ;
#1306 = VECTOR ( 'NONE', #359, 1000.000000000000000 ) ;
#1307 = EDGE_LOOP ( 'NONE', ( #1154, #675 ) ) ;
#1308 = CIRCLE ( 'NONE', #885, 5.999999999999986677 ) ;
#1309 = EDGE_CURVE ( 'NONE', #509, #1491, #1951, .T. ) ;
#1310 = VECTOR ( 'NONE', #722, 1000.000000000000114 ) ;
#1311 = ORIENTED_EDGE ( 'NONE', *, *, #519, .T. ) ;
#1312 = DIRECTION ( 'NONE',  ( 0.000000000000000000, 0.000000000000000000, -1.000000000000000000 ) ) ;
#1313 = VECTOR ( 'NONE', #1828, 1000.000000000000000 ) ;
#1314 = ORIENTED_EDGE ( 'NONE', *, *, #1572, .T. ) ;
#1315 = CARTESIAN_POINT ( 'NONE',  ( 0.000000000000000000, 1.000000000000000888, -7.000000000000002665 ) ) ;
#1316 = CARTESIAN_POINT ( 'NONE',  ( 43.00000000000000000, 5.000000000000000000, 0.000000000000000000 ) ) ;
#1317 = LINE ( 'NONE', #1830, #987 ) ;
#1318 = LINE ( 'NONE', #1795, #2054 ) ;
#1319 = ORIENTED_EDGE ( 'NONE', *, *, #796, .T. ) ;
#1320 = EDGE_CURVE ( 'NONE', #1198, #466, #513, .T. ) ;
#1321 = ORIENTED_EDGE ( 'NONE', *, *, #2112, .F. ) ;
#1322 = CARTESIAN_POINT ( 'NONE',  ( -1.087097938167161715, 4.000000000000001776, -2.659701320569317406 ) ) ;
#1323 = ADVANCED_FACE ( 'NONE', ( #1601 ), #1254, .F. ) ;
#1324 = DIRECTION ( 'NONE',  ( 0.000000000000000000, 0.000000000000000000, -1.000000000000000000 ) ) ;
#1325 = ORIENTED_EDGE ( 'NONE', *, *, #493, .F. ) ;
#1326 = FACE_OUTER_BOUND ( 'NONE', #1982, .T. ) ;
#1327 = CARTESIAN_POINT ( 'NONE',  ( 37.00000000000000711, 5.414213562373110911, 2.999999999999999112 ) ) ;
#1328 = DIRECTION ( 'NONE',  ( -0.000000000000000000, -1.000000000000000000, -0.000000000000000000 ) ) ;
#1329 = CARTESIAN_POINT ( 'NONE',  ( 0.000000000000000000, 2.999999999999999112, -7.000000000000002665 ) ) ;
#1330 = ORIENTED_EDGE ( 'NONE', *, *, #47, .T. ) ;
#1331 = EDGE_CURVE ( 'NONE', #1229, #1283, #1308, .T. ) ;
#1332 = CARTESIAN_POINT ( 'NONE',  ( -1.422587676351145358, 3.999999999999999112, -2.340232304862242430 ) ) ;
#1333 = VERTEX_POINT ( 'NONE', #1422 ) ;
#1334 = DIRECTION ( 'NONE',  ( 8.659560562354934091E-17, 0.7071067811865474617, 0.7071067811865474617 ) ) ;
#1335 = DIRECTION ( 'NONE',  ( 1.000000000000000000, 0.000000000000000000, -2.168404344971008868E-16 ) ) ;
#1336 = AXIS2_PLACEMENT_3D ( 'NONE', #1413, #1940, #2074 ) ;
#1337 = CARTESIAN_POINT ( 'NONE',  ( 43.00000000000000000, 5.000000000000015099, -2.000000000000000000 ) ) ;
#1338 = CIRCLE ( 'NONE', #880, 1.999999999999984457 ) ;
#1339 = CARTESIAN_POINT ( 'NONE',  ( 1.842431943322183185, 2.000000000000000000, 0.000000000000000000 ) ) ;
#1340 = ORIENTED_EDGE ( 'NONE', *, *, #395, .F. ) ;
#1341 = CIRCLE ( 'NONE', #2031, 1.000000000000000888 ) ;
#1342 = VERTEX_POINT ( 'NONE', #927 ) ;
#1343 = DIRECTION ( 'NONE',  ( -1.000000000000000000, -3.782826565457132574E-16, 0.000000000000000000 ) ) ;
#1344 = AXIS2_PLACEMENT_3D ( 'NONE', #1121, #1455, #1764 ) ;
#1345 = CARTESIAN_POINT ( 'NONE',  ( 4.896581363063812198, 4.000000000000000000, 0.2320235662936477317 ) ) ;
#1346 = CIRCLE ( 'NONE', #1930, 7.000000000000001776 ) ;
#1347 = DIRECTION ( 'NONE',  ( 0.000000000000000000, 0.000000000000000000, -1.000000000000000000 ) ) ;
#1348 = ORIENTED_EDGE ( 'NONE', *, *, #549, .F. ) ;
#1349 = LINE ( 'NONE', #2003, #989 ) ;
#1350 = CIRCLE ( 'NONE', #1613, 2.999999999999999112 ) ;
#1351 = DIRECTION ( 'NONE',  ( -7.666467083416870691E-17, -0.7071067811865475727, 0.7071067811865475727 ) ) ;
#1352 = AXIS2_PLACEMENT_3D ( 'NONE', #1426, #2080, #1267 ) ;
#1353 = DIRECTION ( 'NONE',  ( 0.000000000000000000, 0.000000000000000000, 1.000000000000000000 ) ) ;
#1354 = ADVANCED_FACE ( 'NONE', ( #1591 ), #1927, .T. ) ;
#1355 = DIRECTION ( 'NONE',  ( 0.000000000000000000, 0.000000000000000000, -1.000000000000000000 ) ) ;
#1356 = ORIENTED_EDGE ( 'NONE', *, *, #2067, .F. ) ;
#1357 = ADVANCED_FACE ( 'NONE', ( #1111 ), #1134, .T. ) ;
#1358 = FACE_OUTER_BOUND ( 'NONE', #1416, .T. ) ;
#1359 = FACE_OUTER_BOUND ( 'NONE', #1248, .T. ) ;
#1360 = VERTEX_POINT ( 'NONE', #343 ) ;
#1361 = LINE ( 'NONE', #1315, #1548 ) ;
#1362 = CARTESIAN_POINT ( 'NONE',  ( 61.00000000000000000, 1.000000000000000888, -7.000000000000002665 ) ) ;
#1363 = CARTESIAN_POINT ( 'NONE',  ( 43.00000000000001421, 14.00000000000000355, 0.000000000000000000 ) ) ;
#1364 = EDGE_CURVE ( 'NONE', #758, #1201, #995, .T. ) ;
#1365 = DIRECTION ( 'NONE',  ( 0.7071067811865472397, -0.7071067811865479058, 0.000000000000000000 ) ) ;
#1366 = ORIENTED_EDGE ( 'NONE', *, *, #1451, .F. ) ;
#1367 = ADVANCED_FACE ( 'NONE', ( #1358 ), #1959, .T. ) ;
#1368 = PLANE ( 'NONE',  #1237 ) ;
#1369 = ORIENTED_EDGE ( 'NONE', *, *, #1410, .F. ) ;
#1370 = CARTESIAN_POINT ( 'NONE',  ( 65.00000000000001421, 4.000000000000000000, -10.00000000000000178 ) ) ;
#1371 = CARTESIAN_POINT ( 'NONE',  ( 37.00000000000000711, 4.000000000000000000, -3.000000000000016431 ) ) ;
#1372 = CARTESIAN_POINT ( 'NONE',  ( 80.00000000000000000, 4.000000000000000000, 12.00000000000000000 ) ) ;
#1373 = ORIENTED_EDGE ( 'NONE', *, *, #896, .F. ) ;
#1374 = VECTOR ( 'NONE', #1874, 1000.000000000000000 ) ;
#1375 = AXIS2_PLACEMENT_3D ( 'NONE', #852, #62, #711 ) ;
#1376 = CARTESIAN_POINT ( 'NONE',  ( 3.457194828057426506, 4.000000000000000000, 2.798856804922025265 ) ) ;
#1377 = ADVANCED_FACE ( 'NONE', ( #2038 ), #1873, .T. ) ;
#1378 = AXIS2_PLACEMENT_3D ( 'NONE', #1734, #273, #756 ) ;
#1379 = ORIENTED_EDGE ( 'NONE', *, *, #1320, .T. ) ;
#1380 = ADVANCED_FACE ( 'NONE', ( #288 ), #1857, .T. ) ;
#1381 = AXIS2_PLACEMENT_3D ( 'NONE', #1738, #356, #256 ) ;
#1382 = DIRECTION ( 'NONE',  ( 6.938893903907229364E-16, -1.000000000000000000, 0.000000000000000000 ) ) ;
#1383 = TOROIDAL_SURFACE ( 'NONE', #445, 3.000000000000007994, 2.000000000000000000 ) ;
#1384 = CARTESIAN_POINT ( 'NONE',  ( 79.00000000000000000, 0.000000000000000000, 12.00000000000000000 ) ) ;
#1385 = LINE ( 'NONE', #1047, #159 ) ;
#1386 = ORIENTED_EDGE ( 'NONE', *, *, #1733, .F. ) ;
#1387 = ORIENTED_EDGE ( 'NONE', *, *, #1135, .T. ) ;
#1388 = CARTESIAN_POINT ( 'NONE',  ( 61.00000000000000000, 4.000000000000000000, 5.999999999999977796 ) ) ;
#1389 = ORIENTED_EDGE ( 'NONE', *, *, #2021, .T. ) ;
#1390 = ADVANCED_FACE ( 'NONE', ( #349 ), #218, .T. ) ;
#1391 = DIRECTION ( 'NONE',  ( -0.000000000000000000, -1.000000000000000000, 0.000000000000000000 ) ) ;
#1392 = FILL_AREA_STYLE_COLOUR ( '', #205 ) ;
#1393 = PLANE ( 'NONE',  #1604 ) ;
#1394 = VERTEX_POINT ( 'NONE', #1676 ) ;
#1395 = ORIENTED_EDGE ( 'NONE', *, *, #1471, .T. ) ;
#1396 = LINE ( 'NONE', #2020, #1682 ) ;
#1397 = PRODUCT_DEFINITION_SHAPE ( 'NONE', 'NONE',  #171 ) ;
#1398 = ORIENTED_EDGE ( 'NONE', *, *, #1227, .T. ) ;
#1399 = DIRECTION ( 'NONE',  ( -0.000000000000000000, -1.000000000000000000, -0.000000000000000000 ) ) ;
#1400 = DIRECTION ( 'NONE',  ( 0.000000000000000000, 1.000000000000000000, 0.000000000000000000 ) ) ;
#1401 = CARTESIAN_POINT ( 'NONE',  ( 61.00000000000000000, 0.000000000000000000, 9.999999999999994671 ) ) ;
#1402 = VERTEX_POINT ( 'NONE', #851 ) ;
#1403 = CARTESIAN_POINT ( 'NONE',  ( 4.402452782850970969, 4.000000000000000000, 1.776260513196669555 ) ) ;
#1404 = AXIS2_PLACEMENT_3D ( 'NONE', #78, #562, #1841 ) ;
#1405 = VERTEX_POINT ( 'NONE', #43 ) ;
#1406 = CIRCLE ( 'NONE', #407, 2.000000000000001776 ) ;
#1407 = CIRCLE ( 'NONE', #4, 1.000000000000000888 ) ;
#1408 = CYLINDRICAL_SURFACE ( 'NONE', #411, 1.099999999999996758 ) ;
#1409 = VECTOR ( 'NONE', #1291, 1000.000000000000000 ) ;
#1410 = EDGE_CURVE ( 'NONE', #1975, #539, #2059, .T. ) ;
#1411 = FACE_OUTER_BOUND ( 'NONE', #80, .T. ) ;
#1412 = ADVANCED_FACE ( 'NONE', ( #148 ), #263, .T. ) ;
#1413 = CARTESIAN_POINT ( 'NONE',  ( 37.00000000000000711, 4.707106781186563005, 0.000000000000000000 ) ) ;
#1414 = EDGE_LOOP ( 'NONE', ( #1986, #1719, #592, #1340 ) ) ;
#1415 = DIRECTION ( 'NONE',  ( 0.000000000000000000, 0.000000000000000000, 1.000000000000000000 ) ) ;
#1416 = EDGE_LOOP ( 'NONE', ( #314, #79, #520, #566 ) ) ;
#1417 = LINE ( 'NONE', #276, #2034 ) ;
#1418 = DIRECTION ( 'NONE',  ( 0.7071067811865425767, -0.7071067811865524577, 0.000000000000000000 ) ) ;
#1419 = EDGE_CURVE ( 'NONE', #810, #919, #1824, .T. ) ;
#1420 = CARTESIAN_POINT ( 'NONE',  ( 67.00000000000000000, 1.000000000000000888, 11.99999999999999822 ) ) ;
#1421 = EDGE_LOOP ( 'NONE', ( #2069, #564, #430, #360 ) ) ;
#1422 = CARTESIAN_POINT ( 'NONE',  ( 7.347880794884118750E-16, 0.000000000000000000, 6.000000000000000000 ) ) ;
#1423 = ADVANCED_FACE ( 'NONE', ( #1807 ), #815, .T. ) ;
#1424 = EDGE_LOOP ( 'NONE', ( #787, #1600, #838, #107 ) ) ;
#1425 = ORIENTED_EDGE ( 'NONE', *, *, #1561, .F. ) ;
#1426 = CARTESIAN_POINT ( 'NONE',  ( 61.00000000000000000, 4.000000000000000000, -10.00000000000000178 ) ) ;
#1427 = CARTESIAN_POINT ( 'NONE',  ( 43.00000000000000711, 5.414213562373111799, 0.000000000000000000 ) ) ;
#1428 = DIRECTION ( 'NONE',  ( 1.000000000000000000, 0.000000000000000000, 0.000000000000000000 ) ) ;
#1429 = ORIENTED_EDGE ( 'NONE', *, *, #1295, .F. ) ;
#1430 = FACE_OUTER_BOUND ( 'NONE', #1144, .T. ) ;
#1431 = AXIS2_PLACEMENT_3D ( 'NONE', #271, #1083, #2065 ) ;
#1432 = ORIENTED_EDGE ( 'NONE', *, *, #1064, .T. ) ;
#1433 = AXIS2_PLACEMENT_3D ( 'NONE', #761, #1070, #572 ) ;
#1434 = EDGE_CURVE ( 'NONE', #1771, #1360, #546, .T. ) ;
#1435 = AXIS2_PLACEMENT_3D ( 'NONE', #277, #248, #1937 ) ;
#1436 = ORIENTED_EDGE ( 'NONE', *, *, #1939, .T. ) ;
#1437 = CIRCLE ( 'NONE', #943, 1.999999999999988010 ) ;
#1438 = DIRECTION ( 'NONE',  ( 0.000000000000000000, 0.000000000000000000, -1.000000000000000000 ) ) ;
#1439 = CIRCLE ( 'NONE', #1716, 3.000000000000009770 ) ;
#1440 = CONICAL_SURFACE ( 'NONE', #297, 4.000000000000000888, 0.7853981633974482790 ) ;
#1441 = CARTESIAN_POINT ( 'NONE',  ( 77.00000000000000000, 0.000000000000000000, -13.99999999999999822 ) ) ;
#1442 = ORIENTED_EDGE ( 'NONE', *, *, #1590, .T. ) ;
#1443 = CIRCLE ( 'NONE', #1027, 2.999999999999999112 ) ;
#1444 = CARTESIAN_POINT ( 'NONE',  ( 43.00000000000000000, 5.414213562373111799, -2.000000000000000000 ) ) ;
#1445 = ORIENTED_EDGE ( 'NONE', *, *, #1939, .F. ) ;
#1446 = LINE ( 'NONE', #1481, #774 ) ;
#1447 = EDGE_LOOP ( 'NONE', ( #1287, #146, #848, #2085 ) ) ;
#1448 = EDGE_CURVE ( 'NONE', #1342, #2056, #1577, .T. ) ;
#1449 = DIRECTION ( 'NONE',  ( 3.469446951953614189E-16, 1.000000000000000000, 0.000000000000000000 ) ) ;
#1450 = FACE_OUTER_BOUND ( 'NONE', #1061, .T. ) ;
#1451 = EDGE_CURVE ( 'NONE', #150, #824, #1782, .T. ) ;
#1452 = CARTESIAN_POINT ( 'NONE',  ( 61.00000000000000000, 2.999999999999999112, -7.000000000000002665 ) ) ;
#1453 = CARTESIAN_POINT ( 'NONE',  ( 77.00000000000000000, 0.000000000000000000, -14.00000000000000178 ) ) ;
#1454 = ORIENTED_EDGE ( 'NONE', *, *, #1736, .T. ) ;
#1455 = DIRECTION ( 'NONE',  ( 0.000000000000000000, 1.000000000000000000, 0.000000000000000000 ) ) ;
#1456 = DIRECTION ( 'NONE',  ( 0.7071067811865475727, -0.7071067811865475727, 0.000000000000000000 ) ) ;
#1457 = ORIENTED_EDGE ( 'NONE', *, *, #1008, .T. ) ;
#1458 = LINE ( 'NONE', #463, #1823 ) ;
#1459 = CARTESIAN_POINT ( 'NONE',  ( 37.00000000000000711, 4.000000000000000000, 0.000000000000000000 ) ) ;
#1460 = EDGE_CURVE ( 'NONE', #1277, #1657, #130, .T. ) ;
#1461 = DIRECTION ( 'NONE',  ( 0.000000000000000000, 0.000000000000000000, 1.000000000000000000 ) ) ;
#1462 = ORIENTED_EDGE ( 'NONE', *, *, #2115, .F. ) ;
#1463 = FACE_OUTER_BOUND ( 'NONE', #688, .T. ) ;
#1464 = CARTESIAN_POINT ( 'NONE',  ( 0.1318626726898218804, 4.000000000000000888, -3.329312337958614698 ) ) ;
#1465 = VERTEX_POINT ( 'NONE', #2019 ) ;
#1466 = DIRECTION ( 'NONE',  ( -0.7071067811865525687, 0.7071067811865425767, 0.000000000000000000 ) ) ;
#1467 = DIRECTION ( 'NONE',  ( 1.000000000000000000, -8.673617379884027583E-16, 0.000000000000000000 ) ) ;
#1468 = AXIS2_PLACEMENT_3D ( 'NONE', #798, #1621, #2116 ) ;
#1469 = DIRECTION ( 'NONE',  ( -3.469446951953614682E-16, 1.000000000000000000, -0.000000000000000000 ) ) ;
#1470 = AXIS2_PLACEMENT_3D ( 'NONE', #1258, #1586, #604 ) ;
#1471 = EDGE_CURVE ( 'NONE', #1836, #2117, #1508, .T. ) ;
#1472 = CARTESIAN_POINT ( 'NONE',  ( 40.00000000000000711, 13.99999999999999822, 0.000000000000000000 ) ) ;
#1473 = CIRCLE ( 'NONE', #1718, 3.000000000000000000 ) ;
#1474 = ORIENTED_EDGE ( 'NONE', *, *, #1295, .T. ) ;
#1475 = ADVANCED_FACE ( 'NONE', ( #1082 ), #1748, .T. ) ;
#1476 = AXIS2_PLACEMENT_3D ( 'NONE', #1032, #1202, #695 ) ;
#1477 = ADVANCED_FACE ( 'NONE', ( #743 ), #38, .T. ) ;
#1478 = AXIS2_PLACEMENT_3D ( 'NONE', #351, #1002, #1665 ) ;
#1479 = DIRECTION ( 'NONE',  ( -0.000000000000000000, -0.000000000000000000, -1.000000000000000000 ) ) ;
#1480 = CARTESIAN_POINT ( 'NONE',  ( 4.518895251333110430, 4.000000000000000000, -1.570078123722939312 ) ) ;
#1481 = CARTESIAN_POINT ( 'NONE',  ( 64.00000000000000000, 2.999999999999999112, 9.999999999999994671 ) ) ;
#1482 = VERTEX_POINT ( 'NONE', #2073 ) ;
#1483 = CARTESIAN_POINT ( 'NONE',  ( 65.00000000000001421, 4.000000000000000000, 9.999999999999994671 ) ) ;
#1484 = DIRECTION ( 'NONE',  ( 1.000000000000000000, 0.000000000000000000, -0.000000000000000000 ) ) ;
#1485 = DIRECTION ( 'NONE',  ( -1.000000000000000000, 0.000000000000000000, 0.000000000000000000 ) ) ;
#1486 = CARTESIAN_POINT ( 'NONE',  ( 43.00000000000000000, 4.707106781186567446, 0.000000000000000000 ) ) ;
#1487 = EDGE_CURVE ( 'NONE', #1727, #1975, #595, .T. ) ;
#1488 = ORIENTED_EDGE ( 'NONE', *, *, #2032, .T. ) ;
#1489 = ORIENTED_EDGE ( 'NONE', *, *, #252, .T. ) ;
#1490 = DIRECTION ( 'NONE',  ( -1.000000000000000000, 0.000000000000000000, 0.000000000000000000 ) ) ;
#1491 = VERTEX_POINT ( 'NONE', #1694 ) ;
#1492 = DIRECTION ( 'NONE',  ( 0.000000000000000000, -0.7071067811865489050, 0.7071067811865462405 ) ) ;
#1493 = DIRECTION ( 'NONE',  ( -0.000000000000000000, -1.000000000000000000, 0.000000000000000000 ) ) ;
#1494 = PLANE ( 'NONE',  #1919 ) ;
#1495 = ORIENTED_EDGE ( 'NONE', *, *, #486, .T. ) ;
#1496 = CARTESIAN_POINT ( 'NONE',  ( 67.00000000000000000, 4.000000000000000000, 11.99999999999999822 ) ) ;
#1497 = CARTESIAN_POINT ( 'NONE',  ( 4.896581363063800652, 4.000000000000000000, 4.286268318826770994E-16 ) ) ;
#1498 = VERTEX_POINT ( 'NONE', #215 ) ;
#1499 = EDGE_CURVE ( 'NONE', #471, #509, #868, .T. ) ;
#1500 = PLANE ( 'NONE',  #748 ) ;
#1501 = PLANE ( 'NONE',  #1642 ) ;
#1502 = CARTESIAN_POINT ( 'NONE',  ( 77.00000000000000000, 1.000000000000000888, -12.00000000000000000 ) ) ;
#1503 = AXIS2_PLACEMENT_3D ( 'NONE', #1472, #1130, #324 ) ;
#1504 = CARTESIAN_POINT ( 'NONE',  ( 37.00000000000000711, 5.414213562373111799, 0.000000000000000000 ) ) ;
#1505 = ORIENTED_EDGE ( 'NONE', *, *, #1660, .F. ) ;
#1506 = AXIS2_PLACEMENT_3D ( 'NONE', #1677, #1391, #690 ) ;
#1507 = VECTOR ( 'NONE', #1324, 1000.000000000000000 ) ;
#1508 = LINE ( 'NONE', #536, #2095 ) ;
#1509 = AXIS2_PLACEMENT_3D ( 'NONE', #797, #312, #1587 ) ;
#1510 = CARTESIAN_POINT ( 'NONE',  ( 4.776113520404486223, 4.000000000000000000, -0.9228339077777300004 ) ) ;
#1511 = VECTOR ( 'NONE', #337, 999.9999999999998863 ) ;
#1512 = DIRECTION ( 'NONE',  ( -1.000000000000000000, 0.000000000000000000, 1.084202172485504434E-16 ) ) ;
#1513 = ADVANCED_FACE ( 'NONE', ( #1359 ), #1440, .F. ) ;
#1514 = VERTEX_POINT ( 'NONE', #2009 ) ;
#1515 = DIRECTION ( 'NONE',  ( -0.000000000000000000, -1.000000000000000000, 0.000000000000000000 ) ) ;
#1516 = LINE ( 'NONE', #1194, #1989 ) ;
#1517 = DIRECTION ( 'NONE',  ( 0.000000000000000000, 1.000000000000000000, -0.000000000000000000 ) ) ;
#1518 = CARTESIAN_POINT ( 'NONE',  ( 61.00000000000000000, 4.000000000000000000, -10.00000000000000178 ) ) ;
#1519 = VERTEX_POINT ( 'NONE', #528 ) ;
#1520 = ORIENTED_EDGE ( 'NONE', *, *, #47, .F. ) ;
#1521 = DIRECTION ( 'NONE',  ( 0.000000000000000000, 0.000000000000000000, -1.000000000000000000 ) ) ;
#1522 = LINE ( 'NONE', #1835, #1306 ) ;
#1523 = ORIENTED_EDGE ( 'NONE', *, *, #588, .T. ) ;
#1524 = CARTESIAN_POINT ( 'NONE',  ( 67.00000000000000000, 4.000000000000000000, -11.99999999999999645 ) ) ;
#1525 = FACE_OUTER_BOUND ( 'NONE', #2110, .T. ) ;
#1526 = ORIENTED_EDGE ( 'NONE', *, *, #1733, .T. ) ;
#1527 = ADVANCED_FACE ( 'NONE', ( #419 ), #1071, .T. ) ;
#1528 = ADVANCED_FACE ( 'NONE', ( #923 ), #408, .T. ) ;
#1529 = CARTESIAN_POINT ( 'NONE',  ( 40.00000000000000711, 13.99999999999999822, -2.000000000000000000 ) ) ;
#1530 = VERTEX_POINT ( 'NONE', #136 ) ;
#1531 = DIRECTION ( 'NONE',  ( 0.000000000000000000, 1.000000000000000000, -0.000000000000000000 ) ) ;
#1532 = CARTESIAN_POINT ( 'NONE',  ( 43.00000000000000000, 4.707106781186563005, 2.292893218813451650 ) ) ;
#1533 = CARTESIAN_POINT ( 'NONE',  ( 45.00000000000000711, 5.000000000000015987, 0.000000000000000000 ) ) ;
#1534 = ORIENTED_EDGE ( 'NONE', *, *, #1178, .T. ) ;
#1535 = CIRCLE ( 'NONE', #1602, 3.000000000000000888 ) ;
#1536 = VECTOR ( 'NONE', #1185, 1000.000000000000000 ) ;
#1537 = EDGE_CURVE ( 'NONE', #36, #919, #1609, .T. ) ;
#1538 = ORIENTED_EDGE ( 'NONE', *, *, #1103, .T. ) ;
#1539 = AXIS2_PLACEMENT_3D ( 'NONE', #1327, #488, #476 ) ;
#1540 = DIRECTION ( 'NONE',  ( -0.000000000000000000, -1.000000000000000000, 0.000000000000000000 ) ) ;
#1541 = DIRECTION ( 'NONE',  ( -0.000000000000000000, 1.000000000000000000, -0.000000000000000000 ) ) ;
#1542 = AXIS2_PLACEMENT_3D ( 'NONE', #1912, #1399, #568 ) ;
#1543 = EDGE_LOOP ( 'NONE', ( #1869, #1005, #393, #1369 ) ) ;
#1544 = AXIS2_PLACEMENT_3D ( 'NONE', #1284, #1918, #1415 ) ;
#1545 = DIRECTION ( 'NONE',  ( 0.000000000000000000, 0.000000000000000000, 1.000000000000000000 ) ) ;
#1546 = AXIS2_PLACEMENT_3D ( 'NONE', #91, #2104, #1300 ) ;
#1547 = DIRECTION ( 'NONE',  ( 0.000000000000000000, 0.000000000000000000, -1.000000000000000000 ) ) ;
#1548 = VECTOR ( 'NONE', #361, 1000.000000000000000 ) ;
#1549 = CARTESIAN_POINT ( 'NONE',  ( 61.00000000000000000, 4.000000000000000000, 9.999999999999994671 ) ) ;
#1550 = ORIENTED_EDGE ( 'NONE', *, *, #280, .T. ) ;
#1551 = ORIENTED_EDGE ( 'NONE', *, *, #874, .T. ) ;
#1552 = DIRECTION ( 'NONE',  ( -0.7071067811865474617, 0.7071067811865474617, 0.000000000000000000 ) ) ;
#1553 = ORIENTED_EDGE ( 'NONE', *, *, #1064, .F. ) ;
#1554 = EDGE_CURVE ( 'NONE', #471, #920, #1239, .T. ) ;
#1555 = DIRECTION ( 'NONE',  ( 0.000000000000000000, 1.000000000000000000, -0.000000000000000000 ) ) ;
#1556 = DIRECTION ( 'NONE',  ( -0.000000000000000000, 1.000000000000000000, -0.000000000000000000 ) ) ;
#1557 = DIRECTION ( 'NONE',  ( -0.000000000000000000, 1.000000000000000000, -0.000000000000000000 ) ) ;
#1558 = EDGE_LOOP ( 'NONE', ( #1395, #1231, #234, #344 ) ) ;
#1559 = CARTESIAN_POINT ( 'NONE',  ( 37.00000000000000711, 4.000000000000000000, -3.414213562373110911 ) ) ;
#1560 = VERTEX_POINT ( 'NONE', #1452 ) ;
#1561 = EDGE_CURVE ( 'NONE', #1198, #1192, #965, .T. ) ;
#1562 = CYLINDRICAL_SURFACE ( 'NONE', #1546, 1.000000000000000000 ) ;
#1563 = PLANE ( 'NONE',  #1570 ) ;
#1564 = DIRECTION ( 'NONE',  ( 0.000000000000000000, 0.000000000000000000, 1.000000000000000000 ) ) ;
#1565 = EDGE_LOOP ( 'NONE', ( #275, #182, #1330, #327 ) ) ;
#1566 = AXIS2_PLACEMENT_3D ( 'NONE', #2084, #1282, #1118 ) ;
#1567 = DIRECTION ( 'NONE',  ( 0.000000000000000000, 0.7071067811865416886, -0.7071067811865533459 ) ) ;
#1568 = CIRCLE ( 'NONE', #329, 1.999999999999988010 ) ;
#1569 = EDGE_LOOP ( 'NONE', ( #1603, #1903, #1827, #814 ) ) ;
#1570 = AXIS2_PLACEMENT_3D ( 'NONE', #1095, #1418, #1760 ) ;
#1571 = VECTOR ( 'NONE', #1567, 1000.000000000000000 ) ;
#1572 = EDGE_CURVE ( 'NONE', #1842, #1465, #2114, .T. ) ;
#1573 = CARTESIAN_POINT ( 'NONE',  ( 37.00000000000000000, 13.99999999999999645, 2.000000000000000000 ) ) ;
#1574 = VECTOR ( 'NONE', #354, 1000.000000000000000 ) ;
#1575 = LINE ( 'NONE', #456, #67 ) ;
#1576 = PRESENTATION_LAYER_ASSIGNMENT (  '', '', ( #1647 ) ) ;
#1577 = LINE ( 'NONE', #752, #1271 ) ;
#1578 = AXIS2_PLACEMENT_3D ( 'NONE', #444, #2091, #1077 ) ;
#1579 = EDGE_CURVE ( 'NONE', #89, #2056, #681, .T. ) ;
#1580 = DIRECTION ( 'NONE',  ( 0.000000000000000000, 0.000000000000000000, -1.000000000000000000 ) ) ;
#1581 = ORIENTED_EDGE ( 'NONE', *, *, #732, .F. ) ;
#1582 = DIRECTION ( 'NONE',  ( -1.000000000000000000, 0.000000000000000000, -1.084202172485504434E-16 ) ) ;
#1583 = VERTEX_POINT ( 'NONE', #304 ) ;
#1584 = ORIENTED_EDGE ( 'NONE', *, *, #1434, .F. ) ;
#1585 = DIRECTION ( 'NONE',  ( 1.000000000000000000, -0.000000000000000000, 0.000000000000000000 ) ) ;
#1586 = DIRECTION ( 'NONE',  ( 0.000000000000000000, 1.000000000000000000, 0.000000000000000000 ) ) ;
#1587 = DIRECTION ( 'NONE',  ( 0.000000000000000000, 0.000000000000000000, -1.000000000000000000 ) ) ;
#1588 = CARTESIAN_POINT ( 'NONE',  ( 37.00000000000000711, 4.292893218813452094, 0.000000000000000000 ) ) ;
#1589 = VERTEX_POINT ( 'NONE', #153 ) ;
#1590 = EDGE_CURVE ( 'NONE', #1124, #2103, #955, .T. ) ;
#1591 = FACE_OUTER_BOUND ( 'NONE', #170, .T. ) ;
#1592 = EDGE_CURVE ( 'NONE', #810, #1124, #1443, .T. ) ;
#1593 = EDGE_LOOP ( 'NONE', ( #1311, #1766, #306, #283 ) ) ;
#1594 = ORIENTED_EDGE ( 'NONE', *, *, #1789, .F. ) ;
#1595 = LINE ( 'NONE', #1288, #613 ) ;
#1596 = DIRECTION ( 'NONE',  ( 0.000000000000000000, 0.000000000000000000, -1.000000000000000000 ) ) ;
#1597 = B_SPLINE_CURVE_WITH_KNOTS ( 'NONE', 3,
 ( #672, #1345, #216, #88, #718, #51, #1403, #696, #1052, #236, #1376, #1725, #559, #565, #897, #2058, #869, #1704, #243, #1215, #581, #1247, #2033, #1033, #1233, #60, #1901, #2042, #859, #423, #400, #1717, #1889, #1225 ),
 .UNSPECIFIED., .F., .F.,
 ( 4, 2, 2, 2, 2, 2, 2, 2, 2, 2, 2, 2, 2, 2, 2, 2, 4 ),
 ( 0.008968026246290722661, 0.009663219933089448391, 0.01035841361988817412, 0.01105360730668690158, 0.01174880099348562731, 0.01244399468028435304, 0.01313918836708307877, 0.01383438205388180450, 0.01452957574068053023, 0.01522476942747925596, 0.01591996311427798516, 0.01661515680107671089, 0.01731035048787543662, 0.01800554417467416235, 0.01870073786147288808, 0.01939593154827161381, 0.02009112523507033954 ),
 .UNSPECIFIED. ) ;
#1598 = DIRECTION ( 'NONE',  ( 1.533293416683363291E-16, -0.7071067811865524577, 0.7071067811865425767 ) ) ;
#1599 = EDGE_CURVE ( 'NONE', #272, #589, #990, .T. ) ;
#1600 = ORIENTED_EDGE ( 'NONE', *, *, #1151, .F. ) ;
#1601 = FACE_OUTER_BOUND ( 'NONE', #949, .T. ) ;
#1602 = AXIS2_PLACEMENT_3D ( 'NONE', #1420, #1753, #744 ) ;
#1603 = ORIENTED_EDGE ( 'NONE', *, *, #1774, .T. ) ;
#1604 = AXIS2_PLACEMENT_3D ( 'NONE', #202, #723, #865 ) ;
#1605 = CIRCLE ( 'NONE', #1777, 2.999999999999999112 ) ;
#1606 = ORIENTED_EDGE ( 'NONE', *, *, #834, .T. ) ;
#1607 = CARTESIAN_POINT ( 'NONE',  ( 64.00000000000000000, 2.999999999999999112, -14.99999999999999645 ) ) ;
#1608 = FACE_OUTER_BOUND ( 'NONE', #398, .T. ) ;
#1609 = CIRCLE ( 'NONE', #35, 2.999999999999999112 ) ;
#1610 = CIRCLE ( 'NONE', #37, 1.000000000000000000 ) ;
#1611 = CARTESIAN_POINT ( 'NONE',  ( 8.572527594031473190E-16, 1.000000000000000888, 7.000000000000000888 ) ) ;
#1612 = ORIENTED_EDGE ( 'NONE', *, *, #1675, .T. ) ;
#1613 = AXIS2_PLACEMENT_3D ( 'NONE', #769, #1093, #455 ) ;
#1614 = LINE ( 'NONE', #905, #1571 ) ;
#1615 = LINE ( 'NONE', #460, #1196 ) ;
#1616 = CARTESIAN_POINT ( 'NONE',  ( 4.896581363063800652, 4.000000000000000000, 4.286268318826770994E-16 ) ) ;
#1617 = ORIENTED_EDGE ( 'NONE', *, *, #1471, .F. ) ;
#1618 = ADVANCED_FACE ( 'NONE', ( #822 ), #2015, .T. ) ;
#1619 = PLANE ( 'NONE',  #74 ) ;
#1620 = DIRECTION ( 'NONE',  ( 0.000000000000000000, -1.000000000000000000, 0.000000000000000000 ) ) ;
#1621 = DIRECTION ( 'NONE',  ( -0.000000000000000000, 1.000000000000000000, -0.000000000000000000 ) ) ;
#1622 = EDGE_LOOP ( 'NONE', ( #633, #2022, #754, #1036 ) ) ;
#1623 = FACE_OUTER_BOUND ( 'NONE', #1635, .T. ) ;
#1624 = DIRECTION ( 'NONE',  ( 8.673617379884026597E-16, -1.000000000000000000, 1.734723475976803742E-15 ) ) ;
#1625 = ORIENTED_EDGE ( 'NONE', *, *, #9, .F. ) ;
#1626 = DIRECTION ( 'NONE',  ( -0.000000000000000000, 1.000000000000000000, -0.000000000000000000 ) ) ;
#1627 = DIRECTION ( 'NONE',  ( 0.000000000000000000, 0.000000000000000000, -1.000000000000000000 ) ) ;
#1628 = EDGE_CURVE ( 'NONE', #1491, #1283, #682, .T. ) ;
#1629 = DIRECTION ( 'NONE',  ( 0.000000000000000000, 0.000000000000000000, -1.000000000000000000 ) ) ;
#1630 = CARTESIAN_POINT ( 'NONE',  ( 64.00000000000000000, 1.000000000000000888, -14.99999999999999645 ) ) ;
#1631 = ORIENTED_EDGE ( 'NONE', *, *, #1833, .F. ) ;
#1632 = VERTEX_POINT ( 'NONE', #1991 ) ;
#1633 = LINE ( 'NONE', #39, #376 ) ;
#1634 = CARTESIAN_POINT ( 'NONE',  ( 43.00000000000000711, 14.00000000000000000, 0.000000000000000000 ) ) ;
#1635 = EDGE_LOOP ( 'NONE', ( #384, #578, #866, #749 ) ) ;
#1636 = CARTESIAN_POINT ( 'NONE',  ( 37.00000000000000711, 4.707106781186563005, 2.292893218813452094 ) ) ;
#1637 = EDGE_CURVE ( 'NONE', #295, #1402, #1655, .T. ) ;
#1638 = DIRECTION ( 'NONE',  ( 0.000000000000000000, -1.000000000000000000, 0.000000000000000000 ) ) ;
#1639 = TOROIDAL_SURFACE ( 'NONE', #1433, 2.999999999999999556, 1.000000000000000000 ) ;
#1640 = DIRECTION ( 'NONE',  ( 1.000000000000000000, 0.000000000000000000, 0.000000000000000000 ) ) ;
#1641 = DIRECTION ( 'NONE',  ( -1.000000000000000000, 0.000000000000000000, -1.084202172485504434E-16 ) ) ;
#1642 = AXIS2_PLACEMENT_3D ( 'NONE', #1025, #1829, #1001 ) ;
#1643 = CARTESIAN_POINT ( 'NONE',  ( 80.00000000000000000, 2.999999999999999112, 12.00000000000000000 ) ) ;
#1644 = EDGE_LOOP ( 'NONE', ( #705, #315, #1943, #904 ) ) ;
#1645 = AXIS2_PLACEMENT_3D ( 'NONE', #1882, #806, #1467 ) ;
#1646 = DIRECTION ( 'NONE',  ( 0.000000000000000000, 1.000000000000000000, 0.000000000000000000 ) ) ;
#1647 = STYLED_ITEM ( 'NONE', ( #1707 ), #1825 ) ;
#1648 = ORIENTED_EDGE ( 'NONE', *, *, #1660, .T. ) ;
#1649 = CARTESIAN_POINT ( 'NONE',  ( 0.3594154214865786234, 4.000000000000000000, -3.394435554539664057 ) ) ;
#1650 = PRODUCT_DEFINITION_FORMATION_WITH_SPECIFIED_SOURCE ( 'ไป', '', #2077, .NOT_KNOWN. ) ;
#1651 = CARTESIAN_POINT ( 'NONE',  ( 33.58578643762690064, 5.000000000000000000, 0.000000000000000000 ) ) ;
#1652 = ORIENTED_EDGE ( 'NONE', *, *, #837, .T. ) ;
#1653 = LINE ( 'NONE', #829, #1894 ) ;
#1654 = CARTESIAN_POINT ( 'NONE',  ( 46.41421356237311358, 5.000000000000000000, 0.000000000000000000 ) ) ;
#1655 = LINE ( 'NONE', #22, #1892 ) ;
#1656 = CARTESIAN_POINT ( 'NONE',  ( 43.00000000000000000, 4.000000000000001776, -2.000000000000000000 ) ) ;
#1657 = VERTEX_POINT ( 'NONE', #1013 ) ;
#1658 = ORIENTED_EDGE ( 'NONE', *, *, #921, .F. ) ;
#1659 = CARTESIAN_POINT ( 'NONE',  ( -1.575273909249191417, 4.000000000000000888, -2.163568619285757944 ) ) ;
#1660 = EDGE_CURVE ( 'NONE', #245, #1498, #380, .T. ) ;
#1661 = DIRECTION ( 'NONE',  ( 0.7071067811865474617, -0.7071067811865474617, 0.000000000000000000 ) ) ;
#1662 = ORIENTED_EDGE ( 'NONE', *, *, #1698, .T. ) ;
#1663 = CARTESIAN_POINT ( 'NONE',  ( 40.00000000000000711, 5.000000000000015099, 2.000000000000000000 ) ) ;
#1664 = CARTESIAN_POINT ( 'NONE',  ( 80.00000000000000000, 2.999999999999999112, -12.00000000000000000 ) ) ;
#1665 = DIRECTION ( 'NONE',  ( -1.000000000000000000, 3.782826565457132574E-16, 0.000000000000000000 ) ) ;
#1666 = LINE ( 'NONE', #1003, #1200 ) ;
#1667 = CARTESIAN_POINT ( 'NONE',  ( 77.00000000000000000, 1.000000000000000888, -15.00000000000000000 ) ) ;
#1668 = ORIENTED_EDGE ( 'NONE', *, *, #1579, .F. ) ;
#1669 = ADVANCED_FACE ( 'NONE', ( #1980 ), #72, .F. ) ;
#1670 = ORIENTED_EDGE ( 'NONE', *, *, #114, .F. ) ;
#1671 = CARTESIAN_POINT ( 'NONE',  ( 37.00000000000000000, 14.00000000000000000, -2.000000000000000000 ) ) ;
#1672 = CARTESIAN_POINT ( 'NONE',  ( 3.079215162093569713, 4.000000000000000888, -3.065509959465871681 ) ) ;
#1673 = ORIENTED_EDGE ( 'NONE', *, *, #796, .F. ) ;
#1674 = CARTESIAN_POINT ( 'NONE',  ( 67.00000000000000000, 1.000000000000000888, -14.99999999999999645 ) ) ;
#1675 = EDGE_CURVE ( 'NONE', #1229, #295, #500, .T. ) ;
#1676 = CARTESIAN_POINT ( 'NONE',  ( 43.00000000000000000, 5.414213562373110911, 2.000000000000000000 ) ) ;
#1677 = CARTESIAN_POINT ( 'NONE',  ( 37.00000000000000711, 4.000000000000000000, 0.000000000000000000 ) ) ;
#1678 = DIRECTION ( 'NONE',  ( 0.000000000000000000, 0.000000000000000000, -1.000000000000000000 ) ) ;
#1679 = DIRECTION ( 'NONE',  ( -0.000000000000000000, 1.000000000000000000, -0.000000000000000000 ) ) ;
#1680 = ORIENTED_EDGE ( 'NONE', *, *, #950, .F. ) ;
#1681 = VECTOR ( 'NONE', #2113, 999.9999999999998863 ) ;
#1682 = VECTOR ( 'NONE', #2049, 1000.000000000000000 ) ;
#1683 = AXIS2_PLACEMENT_3D ( 'NONE', #766, #1275, #451 ) ;
#1684 = CARTESIAN_POINT ( 'NONE',  ( 65.00000000000000000, 0.000000000000000000, 9.999999999999994671 ) ) ;
#1685 = VECTOR ( 'NONE', #322, 1000.000000000000000 ) ;
#1686 = EDGE_LOOP ( 'NONE', ( #66, #828, #2050, #1884 ) ) ;
#1687 = AXIS2_PLACEMENT_3D ( 'NONE', #820, #1515, #664 ) ;
#1688 = DIRECTION ( 'NONE',  ( 0.000000000000000000, -1.000000000000000000, 0.000000000000000000 ) ) ;
#1689 = EDGE_CURVE ( 'NONE', #245, #1405, #666, .T. ) ;
#1690 = DIRECTION ( 'NONE',  ( -0.000000000000000000, 1.000000000000000000, -0.000000000000000000 ) ) ;
#1691 = DIRECTION ( 'NONE',  ( -3.469446951953614682E-16, 1.000000000000000000, 0.000000000000000000 ) ) ;
#1692 = ORIENTED_EDGE ( 'NONE', *, *, #1087, .T. ) ;
#1693 = ORIENTED_EDGE ( 'NONE', *, *, #680, .F. ) ;
#1694 = CARTESIAN_POINT ( 'NONE',  ( 8.572527594031473190E-16, 2.999999999999999112, 7.000000000000000888 ) ) ;
#1695 = DIRECTION ( 'NONE',  ( -0.000000000000000000, 0.000000000000000000, -1.000000000000000000 ) ) ;
#1696 = ORIENTED_EDGE ( 'NONE', *, *, #1246, .T. ) ;
#1697 = CARTESIAN_POINT ( 'NONE',  ( 65.00000000000001421, 4.000000000000000000, -11.99999999999999645 ) ) ;
#1698 = EDGE_CURVE ( 'NONE', #1048, #1758, #2097, .T. ) ;
#1699 = DIRECTION ( 'NONE',  ( -0.000000000000000000, -1.000000000000000000, 0.000000000000000000 ) ) ;
#1700 = EDGE_CURVE ( 'NONE', #547, #1583, #715, .T. ) ;
#1701 = FACE_OUTER_BOUND ( 'NONE', #2035, .T. ) ;
#1702 = ORIENTED_EDGE ( 'NONE', *, *, #1949, .T. ) ;
#1703 = EDGE_CURVE ( 'NONE', #1786, #1099, #746, .T. ) ;
#1704 = CARTESIAN_POINT ( 'NONE',  ( 1.040722447142603535, 4.000000000000000000, 3.500252269632072366 ) ) ;
#1705 = EDGE_LOOP ( 'NONE', ( #2002, #1693, #1763, #485 ) ) ;
#1706 = DIRECTION ( 'NONE',  ( 0.000000000000000000, 0.000000000000000000, -1.000000000000000000 ) ) ;
#1707 = PRESENTATION_STYLE_ASSIGNMENT (( #700 ) ) ;
#1708 = ADVANCED_FACE ( 'NONE', ( #1195 ), #1849, .F. ) ;
#1709 = VECTOR ( 'NONE', #458, 1000.000000000000000 ) ;
#1710 = CARTESIAN_POINT ( 'NONE',  ( 67.00000000000000000, 4.000000000000000000, 14.99999999999999822 ) ) ;
#1711 = VERTEX_POINT ( 'NONE', #523 ) ;
#1712 = AXIS2_PLACEMENT_3D ( 'NONE', #189, #832, #1804 ) ;
#1713 = CIRCLE ( 'NONE', #373, 1.000000000000000888 ) ;
#1714 = EDGE_LOOP ( 'NONE', ( #1692, #1625, #1245, #1356 ) ) ;
#1715 = EDGE_CURVE ( 'NONE', #2117, #1842, #188, .T. ) ;
#1716 = AXIS2_PLACEMENT_3D ( 'NONE', #1973, #160, #357 ) ;
#1717 = CARTESIAN_POINT ( 'NONE',  ( -2.311434754572268435, 4.000000000000000888, 0.4631177519797425313 ) ) ;
#1718 = AXIS2_PLACEMENT_3D ( 'NONE', #1756, #1541, #1075 ) ;
#1719 = ORIENTED_EDGE ( 'NONE', *, *, #1949, .F. ) ;
#1720 = AXIS2_PLACEMENT_3D ( 'NONE', #478, #1142, #270 ) ;
#1721 = LINE ( 'NONE', #740, #580 ) ;
#1722 = VECTOR ( 'NONE', #2072, 1000.000000000000000 ) ;
#1723 = DIRECTION ( 'NONE',  ( 1.000000000000000000, 0.000000000000000000, -2.168404344971008868E-16 ) ) ;
#1724 = ORIENTED_EDGE ( 'NONE', *, *, #2076, .F. ) ;
#1725 = CARTESIAN_POINT ( 'NONE',  ( 3.065453919715124709, 4.000000000000000888, 3.047722277517594502 ) ) ;
#1726 = EDGE_CURVE ( 'NONE', #1465, #920, #1317, .T. ) ;
#1727 = VERTEX_POINT ( 'NONE', #854 ) ;
#1728 = CARTESIAN_POINT ( 'NONE',  ( 67.00000000000000000, 0.000000000000000000, -13.99999999999999645 ) ) ;
#1729 = CARTESIAN_POINT ( 'NONE',  ( 64.00000000000000000, 1.000000000000000888, 11.99999999999999822 ) ) ;
#1730 = DIRECTION ( 'NONE',  ( -0.000000000000000000, -1.000000000000000000, -0.000000000000000000 ) ) ;
#1731 = FACE_OUTER_BOUND ( 'NONE', #599, .T. ) ;
#1732 = ORIENTED_EDGE ( 'NONE', *, *, #1985, .T. ) ;
#1733 = EDGE_CURVE ( 'NONE', #1855, #1042, #2061, .T. ) ;
#1734 = CARTESIAN_POINT ( 'NONE',  ( 61.00000000000000000, 1.000000000000000888, -10.00000000000000178 ) ) ;
#1735 = ORIENTED_EDGE ( 'NONE', *, *, #1364, .T. ) ;
#1736 = EDGE_CURVE ( 'NONE', #1402, #221, #1346, .T. ) ;
#1737 = CARTESIAN_POINT ( 'NONE',  ( 43.00000000000001421, 14.00000000000000355, 2.000000000000000000 ) ) ;
#1738 = CARTESIAN_POINT ( 'NONE',  ( 43.00000000000000711, 13.99999999999999645, 0.000000000000000000 ) ) ;
#1739 = LINE ( 'NONE', #1907, #2083 ) ;
#1740 = ORIENTED_EDGE ( 'NONE', *, *, #1897, .F. ) ;
#1741 = CARTESIAN_POINT ( 'NONE',  ( 0.000000000000000000, 4.000000000000000000, 0.000000000000000000 ) ) ;
#1742 = VECTOR ( 'NONE', #1365, 999.9999999999998863 ) ;
#1743 = ORIENTED_EDGE ( 'NONE', *, *, #1062, .T. ) ;
#1744 = CIRCLE ( 'NONE', #1506, 3.414213562373110022 ) ;
#1745 = CIRCLE ( 'NONE', #1168, 1.000000000000000000 ) ;
#1746 = ORIENTED_EDGE ( 'NONE', *, *, #962, .T. ) ;
#1747 = CARTESIAN_POINT ( 'NONE',  ( 61.00000000000000000, 4.000000000000000000, 9.999999999999994671 ) ) ;
#1748 = CONICAL_SURFACE ( 'NONE', #818, 3.000000000000016431, 0.7853981633974482790 ) ;
#1749 = DIRECTION ( 'NONE',  ( 0.000000000000000000, 0.7071067811865474617, 0.7071067811865474617 ) ) ;
#1750 = EDGE_CURVE ( 'NONE', #1560, #861, #863, .T. ) ;
#1751 = AXIS2_PLACEMENT_3D ( 'NONE', #893, #1080, #730 ) ;
#1752 = EDGE_CURVE ( 'NONE', #466, #1360, #882, .T. ) ;
#1753 = DIRECTION ( 'NONE',  ( 0.000000000000000000, 1.000000000000000000, 0.000000000000000000 ) ) ;
#1754 = ORIENTED_EDGE ( 'NONE', *, *, #9, .T. ) ;
#1755 = DIRECTION ( 'NONE',  ( 0.000000000000000000, 1.000000000000000000, -0.000000000000000000 ) ) ;
#1756 = CARTESIAN_POINT ( 'NONE',  ( 61.00000000000000000, 2.999999999999999112, 9.999999999999994671 ) ) ;
#1757 = ORIENTED_EDGE ( 'NONE', *, *, #1246, .F. ) ;
#1758 = VERTEX_POINT ( 'NONE', #1212 ) ;
#1759 = DIRECTION ( 'NONE',  ( 0.000000000000000000, 0.000000000000000000, -1.000000000000000000 ) ) ;
#1760 = DIRECTION ( 'NONE',  ( 0.000000000000000000, 0.000000000000000000, 1.000000000000000000 ) ) ;
#1761 = ADVANCED_FACE ( 'NONE', ( #1895 ), #1408, .F. ) ;
#1762 = DIRECTION ( 'NONE',  ( -0.000000000000000000, -1.000000000000000000, 0.000000000000000000 ) ) ;
#1763 = ORIENTED_EDGE ( 'NONE', *, *, #729, .F. ) ;
#1764 = DIRECTION ( 'NONE',  ( 0.000000000000000000, 0.000000000000000000, 1.000000000000000000 ) ) ;
#1765 = ORIENTED_EDGE ( 'NONE', *, *, #1132, .F. ) ;
#1766 = ORIENTED_EDGE ( 'NONE', *, *, #552, .T. ) ;
#1767 = CARTESIAN_POINT ( 'NONE',  ( 40.00000000000000711, 13.99999999999999822, 2.000000000000000000 ) ) ;
#1768 = CARTESIAN_POINT ( 'NONE',  ( 77.00000000000000000, 1.000000000000000888, 15.00000000000000000 ) ) ;
#1769 = DIRECTION ( 'NONE',  ( 0.000000000000000000, -1.000000000000000000, 0.000000000000000000 ) ) ;
#1770 = DIRECTION ( 'NONE',  ( 0.000000000000000000, 0.000000000000000000, -1.000000000000000000 ) ) ;
#1771 = VERTEX_POINT ( 'NONE', #396 ) ;
#1772 = CIRCLE ( 'NONE', #1431, 3.500000000000000444 ) ;
#1773 = DIRECTION ( 'NONE',  ( 0.000000000000000000, 1.000000000000000000, 0.000000000000000000 ) ) ;
#1774 = EDGE_CURVE ( 'NONE', #1139, #1865, #1610, .T. ) ;
#1775 = LINE ( 'NONE', #1145, #122 ) ;
#1776 = VECTOR ( 'NONE', #1749, 1000.000000000000114 ) ;
#1777 = AXIS2_PLACEMENT_3D ( 'NONE', #862, #1688, #840 ) ;
#1778 = ORIENTED_EDGE ( 'NONE', *, *, #1561, .T. ) ;
#1779 = FACE_OUTER_BOUND ( 'NONE', #1104, .T. ) ;
#1780 = VECTOR ( 'NONE', #1999, 1000.000000000000114 ) ;
#1781 = FACE_OUTER_BOUND ( 'NONE', #1925, .T. ) ;
#1782 = CIRCLE ( 'NONE', #850, 4.000000000000000888 ) ;
#1783 = DIRECTION ( 'NONE',  ( 1.000000000000000000, 0.000000000000000000, 0.000000000000000000 ) ) ;
#1784 = TOROIDAL_SURFACE ( 'NONE', #265, 2.999999999999993783, 1.000000000000000000 ) ;
#1785 = CARTESIAN_POINT ( 'NONE',  ( 65.00000000000001421, 4.000000000000000000, -11.99999999999999645 ) ) ;
#1786 = VERTEX_POINT ( 'NONE', #1384 ) ;
#1787 = VECTOR ( 'NONE', #348, 1000.000000000000000 ) ;
#1788 = ORIENTED_EDGE ( 'NONE', *, *, #1199, .F. ) ;
#1789 = EDGE_CURVE ( 'NONE', #824, #1333, #584, .T. ) ;
#1790 = DIRECTION ( 'NONE',  ( 0.000000000000000000, -0.000000000000000000, -1.000000000000000000 ) ) ;
#1791 = VERTEX_POINT ( 'NONE', #1058 ) ;
#1792 = ADVANCED_FACE ( 'NONE', ( #63 ), #887, .T. ) ;
#1793 = CARTESIAN_POINT ( 'NONE',  ( 6.505213034913011813E-16, 4.000000000000000000, 5.999999999999986677 ) ) ;
#1794 = CARTESIAN_POINT ( 'NONE',  ( 40.00000000000000711, 13.99999999999999822, 0.000000000000000000 ) ) ;
#1795 = CARTESIAN_POINT ( 'NONE',  ( 78.99999999999998579, 4.000000000000000000, -12.00000000000000000 ) ) ;
#1796 = ORIENTED_EDGE ( 'NONE', *, *, #663, .F. ) ;
#1797 = CARTESIAN_POINT ( 'NONE',  ( 80.00000000000000000, 1.000000000000000888, -15.00000000000000000 ) ) ;
#1798 = DIRECTION ( 'NONE',  ( -0.000000000000000000, 1.000000000000000000, -0.000000000000000000 ) ) ;
#1799 = EDGE_CURVE ( 'NONE', #589, #2017, #417, .T. ) ;
#1800 = CARTESIAN_POINT ( 'NONE',  ( -0.3003838262160527517, 4.000000000000000000, -3.159613675870597049 ) ) ;
#1801 = ORIENTED_EDGE ( 'NONE', *, *, #1628, .F. ) ;
#1802 = CARTESIAN_POINT ( 'NONE',  ( 78.99999999999998579, 4.000000000000000000, 0.000000000000000000 ) ) ;
#1803 = CARTESIAN_POINT ( 'NONE',  ( 37.00000000000000711, 5.414213562373112687, 0.000000000000000000 ) ) ;
#1804 = DIRECTION ( 'NONE',  ( -1.000000000000000000, -4.336808689942013792E-16, 0.000000000000000000 ) ) ;
#1805 = ORIENTED_EDGE ( 'NONE', *, *, #1008, .F. ) ;
#1806 = ORIENTED_EDGE ( 'NONE', *, *, #1103, .F. ) ;
#1807 = FACE_OUTER_BOUND ( 'NONE', #1543, .T. ) ;
#1808 = CARTESIAN_POINT ( 'NONE',  ( -0.5072851885288077733, 4.000000000000000888, -3.054911874405782157 ) ) ;
#1809 = CARTESIAN_POINT ( 'NONE',  ( 61.00000000000000000, 0.000000000000000000, -10.00000000000000178 ) ) ;
#1810 = VERTEX_POINT ( 'NONE', #1532 ) ;
#1811 = LINE ( 'NONE', #963, #2062 ) ;
#1812 = TOROIDAL_SURFACE ( 'NONE', #403, 40.00000000000000000, 3.500000000000000444 ) ;
#1813 = CARTESIAN_POINT ( 'NONE',  ( 77.00000000000000000, 1.000000000000000888, -15.00000000000000000 ) ) ;
#1814 = CARTESIAN_POINT ( 'NONE',  ( 0.000000000000000000, 4.000000000000000000, -5.999999999999987566 ) ) ;
#1815 = AXIS2_PLACEMENT_3D ( 'NONE', #1793, #512, #964 ) ;
#1816 = EDGE_CURVE ( 'NONE', #1877, #1394, #1721, .T. ) ;
#1817 = CARTESIAN_POINT ( 'NONE',  ( 65.00000000000000000, 0.000000000000000000, -11.99999999999999645 ) ) ;
#1818 = CIRCLE ( 'NONE', #1992, 1.000000000000000000 ) ;
#1819 = ORIENTED_EDGE ( 'NONE', *, *, #117, .F. ) ;
#1820 = ADVANCED_FACE ( 'NONE', ( #427 ), #1784, .F. ) ;
#1821 = AXIS2_PLACEMENT_3D ( 'NONE', #610, #2068, #1296 ) ;
#1822 = ORIENTED_EDGE ( 'NONE', *, *, #255, .T. ) ;
#1823 = VECTOR ( 'NONE', #593, 1000.000000000000000 ) ;
#1824 = LINE ( 'NONE', #482, #677 ) ;
#1825 = MANIFOLD_SOLID_BREP ( '\X2\52079664\X0\-\X2\626b63cf\X0\1', #1950 ) ;
#1826 = CARTESIAN_POINT ( 'NONE',  ( -2.334973721498865729, 4.000000000000000000, -0.2322518819513088029 ) ) ;
#1827 = ORIENTED_EDGE ( 'NONE', *, *, #1035, .F. ) ;
#1828 = DIRECTION ( 'NONE',  ( 0.000000000000000000, 0.000000000000000000, -1.000000000000000000 ) ) ;
#1829 = DIRECTION ( 'NONE',  ( 1.000000000000000000, -0.000000000000000000, 0.000000000000000000 ) ) ;
#1830 = CARTESIAN_POINT ( 'NONE',  ( 64.00000000000000000, 0.000000000000000000, 9.999999999999994671 ) ) ;
#1831 = CARTESIAN_POINT ( 'NONE',  ( 37.00000000000000711, 5.000000000000000000, 0.000000000000000000 ) ) ;
#1832 = VERTEX_POINT ( 'NONE', #1728 ) ;
#1833 = EDGE_CURVE ( 'NONE', #1491, #295, #6, .T. ) ;
#1834 = DIRECTION ( 'NONE',  ( 0.000000000000000000, 1.000000000000000000, -0.000000000000000000 ) ) ;
#1835 = CARTESIAN_POINT ( 'NONE',  ( 61.00000000000000000, 4.000000000000000000, -5.999999999999984901 ) ) ;
#1836 = VERTEX_POINT ( 'NONE', #247 ) ;
#1837 = DIRECTION ( 'NONE',  ( -1.000000000000000000, 0.000000000000000000, 0.000000000000000000 ) ) ;
#1838 = DIRECTION ( 'NONE',  ( 0.000000000000000000, -1.000000000000000000, 0.000000000000000000 ) ) ;
#1839 = DIRECTION ( 'NONE',  ( -1.000000000000000000, 0.000000000000000000, -1.084202172485504434E-16 ) ) ;
#1840 = DIRECTION ( 'NONE',  ( 0.000000000000000000, 0.000000000000000000, -1.000000000000000000 ) ) ;
#1841 = DIRECTION ( 'NONE',  ( 0.000000000000000000, 0.000000000000000000, -1.000000000000000000 ) ) ;
#1842 = VERTEX_POINT ( 'NONE', #570 ) ;
#1843 = ADVANCED_FACE ( 'NONE', ( #900 ), #1562, .F. ) ;
#1844 = DIRECTION ( 'NONE',  ( 0.000000000000000000, 0.000000000000000000, 1.000000000000000000 ) ) ;
#1845 = ORIENTED_EDGE ( 'NONE', *, *, #549, .T. ) ;
#1846 = DIRECTION ( 'NONE',  ( 0.000000000000000000, 0.000000000000000000, -1.000000000000000000 ) ) ;
#1847 = CARTESIAN_POINT ( 'NONE',  ( 37.00000000000000000, 13.99999999999999645, 0.000000000000000000 ) ) ;
#1848 = VECTOR ( 'NONE', #137, 1000.000000000000000 ) ;
#1849 = PLANE ( 'NONE',  #1063 ) ;
#1850 = VECTOR ( 'NONE', #992, 1000.000000000000000 ) ;
#1851 = CARTESIAN_POINT ( 'NONE',  ( 61.00000000000000000, 1.000000000000000888, 6.999999999999993783 ) ) ;
#1852 = ORIENTED_EDGE ( 'NONE', *, *, #1752, .F. ) ;
#1853 = AXIS2_PLACEMENT_3D ( 'NONE', #320, #821, #1484 ) ;
#1854 = AXIS2_PLACEMENT_3D ( 'NONE', #1909, #293, #440 ) ;
#1855 = VERTEX_POINT ( 'NONE', #434 ) ;
#1856 = CARTESIAN_POINT ( 'NONE',  ( 43.00000000000000000, 4.000000000000000000, 0.000000000000000000 ) ) ;
#1857 = CONICAL_SURFACE ( 'NONE', #984, 1.999999999999988010, 0.7853981633974539411 ) ;
#1858 = EDGE_CURVE ( 'NONE', #251, #1771, #1417, .T. ) ;
#1859 = FACE_OUTER_BOUND ( 'NONE', #781, .T. ) ;
#1860 = ORIENTED_EDGE ( 'NONE', *, *, #732, .T. ) ;
#1861 = DIRECTION ( 'NONE',  ( 0.000000000000000000, 0.000000000000000000, -1.000000000000000000 ) ) ;
#1862 = EDGE_CURVE ( 'NONE', #1786, #1657, #760, .T. ) ;
#1863 = DIRECTION ( 'NONE',  ( -0.000000000000000000, -1.000000000000000000, -0.000000000000000000 ) ) ;
#1864 = CARTESIAN_POINT ( 'NONE',  ( -1.517883041479703447E-15, 4.000000000000000000, 13.99999999999997513 ) ) ;
#1865 = VERTEX_POINT ( 'NONE', #2094 ) ;
#1866 = CARTESIAN_POINT ( 'NONE',  ( 79.00000000000000000, 0.000000000000000000, -12.00000000000000000 ) ) ;
#1867 = DIRECTION ( 'NONE',  ( 1.000000000000000000, 0.000000000000000000, -0.000000000000000000 ) ) ;
#1868 = ADVANCED_FACE ( 'NONE', ( #1956 ), #1383, .T. ) ;
#1869 = ORIENTED_EDGE ( 'NONE', *, *, #1487, .F. ) ;
#1870 =( NAMED_UNIT ( * ) PLANE_ANGLE_UNIT ( ) SI_UNIT ( $, .RADIAN. ) );
#1871 = CARTESIAN_POINT ( 'NONE',  ( 80.00000000000000000, 2.999999999999999112, -15.00000000000000000 ) ) ;
#1872 = DIRECTION ( 'NONE',  ( -1.000000000000000000, 3.469446951953614189E-16, 0.000000000000000000 ) ) ;
#1873 = CYLINDRICAL_SURFACE ( 'NONE', #1645, 2.000000000000001776 ) ;
#1874 = DIRECTION ( 'NONE',  ( 0.000000000000000000, -1.000000000000000000, 0.000000000000000000 ) ) ;
#1875 = EDGE_CURVE ( 'NONE', #1836, #150, #793, .T. ) ;
#1876 = ORIENTED_EDGE ( 'NONE', *, *, #154, .F. ) ;
#1877 = VERTEX_POINT ( 'NONE', #475 ) ;
#1878 = CARTESIAN_POINT ( 'NONE',  ( 43.00000000000000000, 4.000000000000000000, -3.414213562373109578 ) ) ;
#1879 = ORIENTED_EDGE ( 'NONE', *, *, #538, .T. ) ;
#1880 = CIRCLE ( 'NONE', #368, 43.50000000000000711 ) ;
#1881 =( NAMED_UNIT ( * ) SI_UNIT ( $, .STERADIAN. ) SOLID_ANGLE_UNIT ( ) );
#1882 = CARTESIAN_POINT ( 'NONE',  ( 43.00000000000000711, 14.00000000000000178, 0.000000000000000000 ) ) ;
#1883 = DIRECTION ( 'NONE',  ( -0.000000000000000000, 1.000000000000000000, -0.000000000000000000 ) ) ;
#1884 = ORIENTED_EDGE ( 'NONE', *, *, #1572, .F. ) ;
#1885 = AXIS2_PLACEMENT_3D ( 'NONE', #1864, #2006, #701 ) ;
#1886 = ORIENTED_EDGE ( 'NONE', *, *, #19, .T. ) ;
#1887 = EDGE_CURVE ( 'NONE', #1283, #1181, #1595, .T. ) ;
#1888 = CIRCLE ( 'NONE', #508, 1.000000000000000888 ) ;
#1889 = CARTESIAN_POINT ( 'NONE',  ( -2.334973721498866173, 4.000000000000000888, 0.2323602088490230588 ) ) ;
#1890 = AXIS2_PLACEMENT_3D ( 'NONE', #1496, #801, #1312 ) ;
#1891 = ORIENTED_EDGE ( 'NONE', *, *, #1537, .T. ) ;
#1892 = VECTOR ( 'NONE', #1328, 1000.000000000000000 ) ;
#1893 = CARTESIAN_POINT ( 'NONE',  ( 77.00000000000000000, 0.000000000000000000, -12.00000000000000000 ) ) ;
#1894 = VECTOR ( 'NONE', #1334, 1000.000000000000114 ) ;
#1895 = FACE_OUTER_BOUND ( 'NONE', #725, .T. ) ;
#1896 = FACE_OUTER_BOUND ( 'NONE', #162, .T. ) ;
#1897 = EDGE_CURVE ( 'NONE', #36, #1124, #1458, .T. ) ;
#1898 = DIRECTION ( 'NONE',  ( 0.000000000000000000, 0.000000000000000000, -1.000000000000000000 ) ) ;
#1899 = FACE_OUTER_BOUND ( 'NONE', #1073, .T. ) ;
#1900 = ORIENTED_EDGE ( 'NONE', *, *, #716, .F. ) ;
#1901 = CARTESIAN_POINT ( 'NONE',  ( -1.578604801531303004, 4.000000000000000000, 2.159377973768132009 ) ) ;
#1902 = CARTESIAN_POINT ( 'NONE',  ( -1.517883041479703447E-15, 4.000000000000000000, 13.99999999999997513 ) ) ;
#1903 = ORIENTED_EDGE ( 'NONE', *, *, #59, .F. ) ;
#1904 = DIRECTION ( 'NONE',  ( 0.000000000000000000, 0.000000000000000000, -1.000000000000000000 ) ) ;
#1905 = DIRECTION ( 'NONE',  ( 1.000000000000000000, -0.000000000000000000, -0.000000000000000000 ) ) ;
#1906 = LINE ( 'NONE', #428, #229 ) ;
#1907 = CARTESIAN_POINT ( 'NONE',  ( 80.00000000000000000, 1.000000000000000888, -12.00000000000000000 ) ) ;
#1908 = ORIENTED_EDGE ( 'NONE', *, *, #388, .T. ) ;
#1909 = CARTESIAN_POINT ( 'NONE',  ( 0.000000000000000000, 4.000000000000000000, 0.000000000000000000 ) ) ;
#1910 = ORIENTED_EDGE ( 'NONE', *, *, #680, .T. ) ;
#1911 = EDGE_CURVE ( 'NONE', #1181, #2012, #237, .T. ) ;
#1912 = CARTESIAN_POINT ( 'NONE',  ( 37.00000000000000711, 4.000000000000000000, 0.000000000000000000 ) ) ;
#1913 = EDGE_CURVE ( 'NONE', #1583, #1877, #1140, .T. ) ;
#1914 = CARTESIAN_POINT ( 'NONE',  ( 43.00000000000000000, 5.414213562373112687, 0.000000000000000000 ) ) ;
#1915 = CARTESIAN_POINT ( 'NONE',  ( 40.00000000000000711, 13.99999999999999822, 0.000000000000000000 ) ) ;
#1916 = CARTESIAN_POINT ( 'NONE',  ( 65.00000000000001421, 4.000000000000000000, 0.000000000000000000 ) ) ;
#1917 = ORIENTED_EDGE ( 'NONE', *, *, #1726, .T. ) ;
#1918 = DIRECTION ( 'NONE',  ( -1.000000000000000000, 0.000000000000000000, 0.000000000000000000 ) ) ;
#1919 = AXIS2_PLACEMENT_3D ( 'NONE', #1339, #1305, #516 ) ;
#1920 = DIRECTION ( 'NONE',  ( 1.000000000000000000, 0.000000000000000000, 0.000000000000000000 ) ) ;
#1921 = VERTEX_POINT ( 'NONE', #784 ) ;
#1922 = VECTOR ( 'NONE', #901, 1000.000000000000000 ) ;
#1923 = ADVANCED_FACE ( 'NONE', ( #603 ), #287, .F. ) ;
#1924 = VECTOR ( 'NONE', #1920, 1000.000000000000000 ) ;
#1925 = EDGE_LOOP ( 'NONE', ( #2040, #1442, #1495, #1436 ) ) ;
#1926 = CARTESIAN_POINT ( 'NONE',  ( 37.00000000000000000, 14.00000000000000000, -2.000000000000000000 ) ) ;
#1927 = CONICAL_SURFACE ( 'NONE', #1683, 1.999999999999984457, 0.7853981633974557175 ) ;
#1928 = DIRECTION ( 'NONE',  ( -0.000000000000000000, -0.000000000000000000, -1.000000000000000000 ) ) ;
#1929 = ADVANCED_FACE ( 'NONE', ( #1257 ), #1619, .F. ) ;
#1930 = AXIS2_PLACEMENT_3D ( 'NONE', #1152, #1690, #211 ) ;
#1931 = CARTESIAN_POINT ( 'NONE',  ( 40.00000000000000711, 13.99999999999999822, -2.000000000000000000 ) ) ;
#1932 = ORIENTED_EDGE ( 'NONE', *, *, #1132, .T. ) ;
#1933 = DIRECTION ( 'NONE',  ( 0.000000000000000000, 0.000000000000000000, 1.000000000000000000 ) ) ;
#1934 = ORIENTED_EDGE ( 'NONE', *, *, #864, .T. ) ;
#1935 = ORIENTED_EDGE ( 'NONE', *, *, #707, .T. ) ;
#1936 = DIRECTION ( 'NONE',  ( 1.000000000000000000, 0.000000000000000000, -1.084202172485504434E-16 ) ) ;
#1937 = DIRECTION ( 'NONE',  ( 0.000000000000000000, 0.000000000000000000, 1.000000000000000000 ) ) ;
#1938 = DIRECTION ( 'NONE',  ( -1.000000000000000000, 0.000000000000000000, 0.000000000000000000 ) ) ;
#1939 = EDGE_CURVE ( 'NONE', #879, #36, #1125, .T. ) ;
#1940 = DIRECTION ( 'NONE',  ( 3.469446951953614682E-16, -1.000000000000000000, 0.000000000000000000 ) ) ;
#1941 = EDGE_LOOP ( 'NONE', ( #422, #1489, #213, #1662 ) ) ;
#1942 = CARTESIAN_POINT ( 'NONE',  ( 0.000000000000000000, 4.000000000000000000, -5.999999999999987566 ) ) ;
#1943 = ORIENTED_EDGE ( 'NONE', *, *, #519, .F. ) ;
#1944 = ORIENTED_EDGE ( 'NONE', *, *, #729, .T. ) ;
#1945 = CARTESIAN_POINT ( 'NONE',  ( 65.00000000000000000, 0.000000000000000000, 9.999999999999994671 ) ) ;
#1946 = FACE_OUTER_BOUND ( 'NONE', #204, .T. ) ;
#1947 = DIRECTION ( 'NONE',  ( -1.000000000000000000, 3.782826565457132574E-16, 0.000000000000000000 ) ) ;
#1948 = EDGE_LOOP ( 'NONE', ( #1908, #1955, #891, #714, #1860, #1778 ) ) ;
#1949 = EDGE_CURVE ( 'NONE', #2060, #879, #1350, .T. ) ;
#1950 = CLOSED_SHELL ( 'NONE', ( #253, #1923, #524, #1256, #369, #899, #1708, #168, #704, #1929, #791, #805, #1961, #1618, #424, #952, #1390, #282, #55, #1357, #1261, #366, #827, #650, #1289, #1120, #1527, #1049, #1513, #1979, #1078, #1367, #1323, #1354, #795, #141, #410, #1380, #1412, #50, #636, #499, #425, #81, #738, #129, #238, #1208, #1761, #1423, #892, #1528, #1377, #1868, #1477, #2087, #936, #1475, #890, #1792, #1190, #222, #1843, #1669, #703, #1091, #783, #600, #2052, #1820, #483, #933, #527, #575, #355 ) ) ;
#1951 = LINE ( 'NONE', #747, #166 ) ;
#1952 = EDGE_CURVE ( 'NONE', #1394, #1482, #782, .T. ) ;
#1953 = DIRECTION ( 'NONE',  ( -0.000000000000000000, -0.000000000000000000, -1.000000000000000000 ) ) ;
#1954 = AXIS2_PLACEMENT_3D ( 'NONE', #1803, #1469, #144 ) ;
#1955 = ORIENTED_EDGE ( 'NONE', *, *, #1222, .T. ) ;
#1956 = FACE_OUTER_BOUND ( 'NONE', #644, .T. ) ;
#1957 = VECTOR ( 'NONE', #1298, 999.9999999999998863 ) ;
#1958 = DIRECTION ( 'NONE',  ( 2.168404344971008868E-16, -0.000000000000000000, 1.000000000000000000 ) ) ;
#1959 = CONICAL_SURFACE ( 'NONE', #442, 7.000000000000001776, 0.7853981633974482790 ) ;
#1960 = AXIS2_PLACEMENT_3D ( 'NONE', #1249, #1863, #1547 ) ;
#1961 = ADVANCED_FACE ( 'NONE', ( #1779 ), #268, .F. ) ;
#1962 = ORIENTED_EDGE ( 'NONE', *, *, #71, .T. ) ;
#1963 = AXIS2_PLACEMENT_3D ( 'NONE', #1663, #1000, #1010 ) ;
#1964 = CARTESIAN_POINT ( 'NONE',  ( 0.000000000000000000, 2.999999999999999112, -7.000000000000002665 ) ) ;
#1965 = CARTESIAN_POINT ( 'NONE',  ( 37.00000000000000711, 4.292893218813452094, 2.707106781186562561 ) ) ;
#1966 = ORIENTED_EDGE ( 'NONE', *, *, #2118, .F. ) ;
#1967 = DIRECTION ( 'NONE',  ( -0.000000000000000000, -1.000000000000000000, 0.000000000000000000 ) ) ;
#1968 = DIRECTION ( 'NONE',  ( 0.000000000000000000, 0.000000000000000000, -1.000000000000000000 ) ) ;
#1969 = DIRECTION ( 'NONE',  ( -8.673617379884058152E-16, -1.000000000000000000, -0.000000000000000000 ) ) ;
#1970 = CARTESIAN_POINT ( 'NONE',  ( 64.00000000000000000, 2.999999999999999112, 11.99999999999999822 ) ) ;
#1971 = ORIENTED_EDGE ( 'NONE', *, *, #457, .F. ) ;
#1972 = DIRECTION ( 'NONE',  ( 0.000000000000000000, 0.000000000000000000, 1.000000000000000000 ) ) ;
#1973 = CARTESIAN_POINT ( 'NONE',  ( 40.00000000000000711, 13.99999999999999822, -2.000000000000000000 ) ) ;
#1974 = DIRECTION ( 'NONE',  ( 0.000000000000000000, 0.000000000000000000, -1.000000000000000000 ) ) ;
#1975 = VERTEX_POINT ( 'NONE', #1926 ) ;
#1976 = EDGE_CURVE ( 'NONE', #1139, #1711, #447, .T. ) ;
#1977 = CARTESIAN_POINT ( 'NONE',  ( 40.00000000000000711, 13.99999999999999822, 0.000000000000000000 ) ) ;
#1978 = FACE_OUTER_BOUND ( 'NONE', #662, .T. ) ;
#1979 = ADVANCED_FACE ( 'NONE', ( #1149 ), #1500, .T. ) ;
#1980 = FACE_OUTER_BOUND ( 'NONE', #660, .T. ) ;
#1981 = CARTESIAN_POINT ( 'NONE',  ( 0.000000000000000000, 0.000000000000000000, -6.000000000000001776 ) ) ;
#1982 = EDGE_LOOP ( 'NONE', ( #563, #611, #1724, #1732 ) ) ;
#1983 = CARTESIAN_POINT ( 'NONE',  ( 61.00000000000000000, 1.000000000000000888, -7.000000000000001776 ) ) ;
#1984 = DIRECTION ( 'NONE',  ( -0.000000000000000000, 0.000000000000000000, -1.000000000000000000 ) ) ;
#1985 = EDGE_CURVE ( 'NONE', #1810, #877, #3, .T. ) ;
#1986 = ORIENTED_EDGE ( 'NONE', *, *, #694, .T. ) ;
#1987 = VECTOR ( 'NONE', #2039, 1000.000000000000000 ) ;
#1988 = CARTESIAN_POINT ( 'NONE',  ( 67.00000000000000000, 0.000000000000000000, 13.99999999999999645 ) ) ;
#1989 = VECTOR ( 'NONE', #362, 999.9999999999998863 ) ;
#1990 = DIRECTION ( 'NONE',  ( 0.000000000000000000, 1.000000000000000000, 0.000000000000000000 ) ) ;
#1991 = CARTESIAN_POINT ( 'NONE',  ( 35.00000000000000000, 5.414213562373111799, 0.000000000000000000 ) ) ;
#1992 = AXIS2_PLACEMENT_3D ( 'NONE', #1079, #1123, #2102 ) ;
#1993 = CARTESIAN_POINT ( 'NONE',  ( 61.00000000000000000, 4.000000000000000000, 9.999999999999994671 ) ) ;
#1994 = DIRECTION ( 'NONE',  ( 0.000000000000000000, 0.000000000000000000, -1.000000000000000000 ) ) ;
#1995 = ORIENTED_EDGE ( 'NONE', *, *, #1448, .T. ) ;
#1996 = AXIS2_PLACEMENT_3D ( 'NONE', #281, #109, #1085 ) ;
#1997 = ORIENTED_EDGE ( 'NONE', *, *, #207, .F. ) ;
#1998 = AXIS2_PLACEMENT_3D ( 'NONE', #1747, #120, #310 ) ;
#1999 = DIRECTION ( 'NONE',  ( 0.000000000000000000, -0.7071067811865465735, 0.7071067811865484609 ) ) ;
#2000 = VECTOR ( 'NONE', #1466, 999.9999999999998863 ) ;
#2001 = FACE_OUTER_BOUND ( 'NONE', #708, .T. ) ;
#2002 = ORIENTED_EDGE ( 'NONE', *, *, #1281, .T. ) ;
#2003 = CARTESIAN_POINT ( 'NONE',  ( 64.00000000000000000, 4.000000000000000000, -11.99999999999999645 ) ) ;
#2004 = DIRECTION ( 'NONE',  ( 1.000000000000000000, 0.000000000000000000, 0.000000000000000000 ) ) ;
#2005 = DIRECTION ( 'NONE',  ( 1.000000000000000000, -8.673617379884027583E-16, 0.000000000000000000 ) ) ;
#2006 = DIRECTION ( 'NONE',  ( 7.666467083416816456E-17, -0.7071067811865524577, -0.7071067811865425767 ) ) ;
#2007 = ORIENTED_EDGE ( 'NONE', *, *, #207, .T. ) ;
#2008 = EDGE_CURVE ( 'NONE', #299, #1519, #645, .T. ) ;
#2009 = CARTESIAN_POINT ( 'NONE',  ( 43.00000000000000000, 4.000000000000000000, 3.414213562373110467 ) ) ;
#2010 = CARTESIAN_POINT ( 'NONE',  ( 2.426091974226024739, 4.000000000000000000, -3.324354075282755616 ) ) ;
#2011 = CYLINDRICAL_SURFACE ( 'NONE', #511, 0.9999999999999995559 ) ;
#2012 = VERTEX_POINT ( 'NONE', #1483 ) ;
#2013 = CARTESIAN_POINT ( 'NONE',  ( 0.000000000000000000, 4.000000000000000000, -5.999999999999987566 ) ) ;
#2014 = FACE_OUTER_BOUND ( 'NONE', #2, .T. ) ;
#2015 = CYLINDRICAL_SURFACE ( 'NONE', #1241, 2.999999999999999112 ) ;
#2016 = DIRECTION ( 'NONE',  ( -0.000000000000000000, 1.000000000000000000, -0.000000000000000000 ) ) ;
#2017 = VERTEX_POINT ( 'NONE', #29 ) ;
#2018 = EDGE_CURVE ( 'NONE', #861, #1402, #1361, .T. ) ;
#2019 = CARTESIAN_POINT ( 'NONE',  ( 64.00000000000000000, 2.999999999999999112, 9.999999999999994671 ) ) ;
#2020 = CARTESIAN_POINT ( 'NONE',  ( 37.00000000000000711, 4.292893218813452094, -2.707106781186562561 ) ) ;
#2021 = EDGE_CURVE ( 'NONE', #2060, #619, #1349, .T. ) ;
#2022 = ORIENTED_EDGE ( 'NONE', *, *, #1952, .F. ) ;
#2023 = AXIS2_PLACEMENT_3D ( 'NONE', #958, #172, #1972 ) ;
#2024 = FACE_OUTER_BOUND ( 'NONE', #1421, .T. ) ;
#2025 = CIRCLE ( 'NONE', #1232, 1.099999999999996758 ) ;
#2026 = DIRECTION ( 'NONE',  ( 0.000000000000000000, 0.000000000000000000, 1.000000000000000000 ) ) ;
#2027 = AXIS2_PLACEMENT_3D ( 'NONE', #1831, #23, #823 ) ;
#2028 = FACE_OUTER_BOUND ( 'NONE', #452, .T. ) ;
#2029 = EDGE_LOOP ( 'NONE', ( #978, #1845, #332, #2075 ) ) ;
#2030 = AXIS2_PLACEMENT_3D ( 'NONE', #522, #1351, #1839 ) ;
#2031 = AXIS2_PLACEMENT_3D ( 'NONE', #970, #1974, #1490 ) ;
#2032 = EDGE_CURVE ( 'NONE', #1148, #557, #196, .T. ) ;
#2033 = CARTESIAN_POINT ( 'NONE',  ( -0.5129843811384888763, 4.000000000000000000, 3.051716145788827106 ) ) ;
#2034 = VECTOR ( 'NONE', #931, 1000.000000000000114 ) ;
#2035 = EDGE_LOOP ( 'NONE', ( #347, #833, #1740, #1891 ) ) ;
#2036 = DIRECTION ( 'NONE',  ( 0.000000000000000000, 0.7071067811865474617, -0.7071067811865474617 ) ) ;
#2037 = CARTESIAN_POINT ( 'NONE',  ( 67.00000000000000000, 2.999999999999999112, 14.99999999999999822 ) ) ;
#2038 = FACE_OUTER_BOUND ( 'NONE', #1941, .T. ) ;
#2039 = DIRECTION ( 'NONE',  ( 0.000000000000000000, -1.000000000000000000, 0.000000000000000000 ) ) ;
#2040 = ORIENTED_EDGE ( 'NONE', *, *, #1897, .T. ) ;
#2041 = ORIENTED_EDGE ( 'NONE', *, *, #195, .T. ) ;
#2042 = CARTESIAN_POINT ( 'NONE',  ( -1.846961856948607705, 4.000000000000000000, 1.775412536435829747 ) ) ;
#2043 = ORIENTED_EDGE ( 'NONE', *, *, #612, .T. ) ;
#2044 = FACE_OUTER_BOUND ( 'NONE', #685, .T. ) ;
#2045 = EDGE_CURVE ( 'NONE', #1519, #789, #521, .T. ) ;
#2046 = DIRECTION ( 'NONE',  ( 0.000000000000000000, 1.000000000000000000, -0.000000000000000000 ) ) ;
#2047 = ORIENTED_EDGE ( 'NONE', *, *, #1023, .T. ) ;
#2048 = EDGE_LOOP ( 'NONE', ( #1398, #1265, #1553, #971 ) ) ;
#2049 = DIRECTION ( 'NONE',  ( -1.000000000000000000, -0.000000000000000000, 0.000000000000000000 ) ) ;
#2050 = ORIENTED_EDGE ( 'NONE', *, *, #1023, .F. ) ;
#2051 = EDGE_CURVE ( 'NONE', #1148, #1836, #415, .T. ) ;
#2052 = ADVANCED_FACE ( 'NONE', ( #319 ), #849, .F. ) ;
#2053 = AXIS2_PLACEMENT_3D ( 'NONE', #1588, #106, #1770 ) ;
#2054 = VECTOR ( 'NONE', #490, 999.9999999999998863 ) ;
#2055 = TOROIDAL_SURFACE ( 'NONE', #741, 3.414213562373110022, 1.000000000000000000 ) ;
#2056 = VERTEX_POINT ( 'NONE', #972 ) ;
#2057 = CIRCLE ( 'NONE', #713, 1.000000000000000000 ) ;
#2058 = CARTESIAN_POINT ( 'NONE',  ( 1.742259241452406737, 4.000000000000000888, 3.477297052863932869 ) ) ;
#2059 = CIRCLE ( 'NONE', #1209, 2.000000000000001776 ) ;
#2060 = VERTEX_POINT ( 'NONE', #13 ) ;
#2061 = CIRCLE ( 'NONE', #133, 36.50000000000000000 ) ;
#2062 = VECTOR ( 'NONE', #1626, 1000.000000000000000 ) ;
#2063 = DIRECTION ( 'NONE',  ( -0.000000000000000000, -0.000000000000000000, -1.000000000000000000 ) ) ;
#2064 = CARTESIAN_POINT ( 'NONE',  ( 43.00000000000000000, 4.292893218813452094, 0.000000000000000000 ) ) ;
#2065 = DIRECTION ( 'NONE',  ( -0.9539392014169456591, -0.2999999999999999889, 0.000000000000000000 ) ) ;
#2066 = ORIENTED_EDGE ( 'NONE', *, *, #2045, .F. ) ;
#2067 = EDGE_CURVE ( 'NONE', #1171, #1229, #656, .T. ) ;
#2068 = DIRECTION ( 'NONE',  ( 0.000000000000000000, 1.000000000000000000, -0.000000000000000000 ) ) ;
#2069 = ORIENTED_EDGE ( 'NONE', *, *, #959, .T. ) ;
#2070 = PRODUCT_CONTEXT ( 'NONE', #902, 'mechanical' ) ;
#2071 = FACE_OUTER_BOUND ( 'NONE', #957, .T. ) ;
#2072 = DIRECTION ( 'NONE',  ( 6.938893903907229364E-16, -1.000000000000000000, 0.000000000000000000 ) ) ;
#2073 = CARTESIAN_POINT ( 'NONE',  ( 45.00000000000000711, 5.414213562373112687, 0.000000000000000000 ) ) ;
#2074 = DIRECTION ( 'NONE',  ( -1.000000000000000000, -3.782826565457132574E-16, 0.000000000000000000 ) ) ;
#2075 = ORIENTED_EDGE ( 'NONE', *, *, #323, .T. ) ;
#2076 = EDGE_CURVE ( 'NONE', #1810, #1711, #510, .T. ) ;
#2077 = PRODUCT ( 'JigDown', 'JigDown', '', ( #2070 ) ) ;
#2078 = ORIENTED_EDGE ( 'NONE', *, *, #1434, .T. ) ;
#2079 = ORIENTED_EDGE ( 'NONE', *, *, #1858, .T. ) ;
#2080 = DIRECTION ( 'NONE',  ( 0.000000000000000000, 1.000000000000000000, -0.000000000000000000 ) ) ;
#2081 = LINE ( 'NONE', #1240, #1776 ) ;
#2082 = VECTOR ( 'NONE', #481, 1000.000000000000000 ) ;
#2083 = VECTOR ( 'NONE', #258, 1000.000000000000114 ) ;
#2084 = CARTESIAN_POINT ( 'NONE',  ( 0.000000000000000000, 4.000000000000000000, -5.999999999999987566 ) ) ;
#2085 = ORIENTED_EDGE ( 'NONE', *, *, #588, .F. ) ;
#2086 = AXIS2_PLACEMENT_3D ( 'NONE', #2064, #1400, #731 ) ;
#2087 = ADVANCED_FACE ( 'NONE', ( #1326 ), #531, .T. ) ;
#2088 = CARTESIAN_POINT ( 'NONE',  ( 43.00000000000000000, 5.000000000000000000, -3.414213562373109578 ) ) ;
#2089 = ORIENTED_EDGE ( 'NONE', *, *, #75, .T. ) ;
#2090 = VECTOR ( 'NONE', #1492, 999.9999999999998863 ) ;
#2091 = DIRECTION ( 'NONE',  ( 0.000000000000000000, 0.000000000000000000, 1.000000000000000000 ) ) ;
#2092 = VECTOR ( 'NONE', #161, 999.9999999999998863 ) ;
#2093 = ORIENTED_EDGE ( 'NONE', *, *, #612, .F. ) ;
#2094 = CARTESIAN_POINT ( 'NONE',  ( 37.00000000000000711, 4.000000000000000000, 3.414213562373110467 ) ) ;
#2095 = VECTOR ( 'NONE', #1006, 1000.000000000000000 ) ;
#2096 = CARTESIAN_POINT ( 'NONE',  ( 67.00000000000000000, 1.000000000000000888, 14.99999999999999822 ) ) ;
#2097 = CIRCLE ( 'NONE', #548, 2.000000000000001776 ) ;
#2098 = CARTESIAN_POINT ( 'NONE',  ( 38.90000000000001279, 13.99999999999999822, -2.000000000000000000 ) ) ;
#2099 = ORIENTED_EDGE ( 'NONE', *, *, #1752, .T. ) ;
#2100 = CARTESIAN_POINT ( 'NONE',  ( 77.00000000000000000, 0.000000000000000000, 12.00000000000000000 ) ) ;
#2101 = ORIENTED_EDGE ( 'NONE', *, *, #1331, .T. ) ;
#2102 = DIRECTION ( 'NONE',  ( 0.000000000000000000, 0.000000000000000000, -1.000000000000000000 ) ) ;
#2103 = VERTEX_POINT ( 'NONE', #1674 ) ;
#2104 = DIRECTION ( 'NONE',  ( -1.000000000000000000, 0.000000000000000000, 0.000000000000000000 ) ) ;
#2105 = EDGE_CURVE ( 'NONE', #1758, #539, #1029, .T. ) ;
#2106 = FACE_OUTER_BOUND ( 'NONE', #249, .T. ) ;
#2107 = ORIENTED_EDGE ( 'NONE', *, *, #1579, .T. ) ;
#2108 = CARTESIAN_POINT ( 'NONE',  ( 77.00000000000000000, 4.000000000000000000, 13.99999999999998757 ) ) ;
#2109 = LINE ( 'NONE', #1113, #1957 ) ;
#2110 = EDGE_LOOP ( 'NONE', ( #843, #2101, #728, #799, #1822, #735, #1031, #1551, #12, #1137, #491, #961, #1068, #353 ) ) ;
#2111 = DIRECTION ( 'NONE',  ( 1.000000000000000000, 0.000000000000000000, -2.168404344971008868E-16 ) ) ;
#2112 = EDGE_CURVE ( 'NONE', #589, #1842, #413, .T. ) ;
#2113 = DIRECTION ( 'NONE',  ( 0.000000000000000000, -0.7071067811865425767, -0.7071067811865525687 ) ) ;
#2114 = LINE ( 'NONE', #635, #473 ) ;
#2115 = EDGE_CURVE ( 'NONE', #1277, #272, #1811, .T. ) ;
#2116 = DIRECTION ( 'NONE',  ( 0.000000000000000000, 0.000000000000000000, -1.000000000000000000 ) ) ;
#2117 = VERTEX_POINT ( 'NONE', #986 ) ;
#2118 = EDGE_CURVE ( 'NONE', #1333, #221, #1653, .T. ) ;
#2119 = CARTESIAN_POINT ( 'NONE',  ( 37.00000000000000711, 4.000000000000000000, 3.414213562373110467 ) ) ;
#2120 = CIRCLE ( 'NONE', #1234, 2.292893218813450762 ) ;
#2121 = LINE ( 'NONE', #1983, #1780 ) ;
ENDSEC;
END-ISO-10303-21;
