ISO-10303-21;
HEADER;
FILE_DESCRIPTION (( 'STEP AP214' ),
    '1' );
FILE_NAME ('JigUp.STEP',
    '2026-08-22T08:26:02',
    ( '' ),
    ( '' ),
    'SwSTEP 2.0',
    'SolidWorks 2025',
    '' );
FILE_SCHEMA (( 'AUTOMOTIVE_DESIGN' ));
ENDSEC;

DATA;
#1 = CARTESIAN_POINT ( 'NONE',  ( 18.84529946162074410, -1.399999999999999911, 2.000000000000001776 ) ) ;
#2 = VERTEX_POINT ( 'NONE', #6080 ) ;
#3 = VECTOR ( 'NONE', #6402, 1000.000000000000000 ) ;
#4 = ORIENTED_EDGE ( 'NONE', *, *, #3634, .F. ) ;
#5 = EDGE_CURVE ( 'NONE', #1595, #1770, #5817, .T. ) ;
#6 = CARTESIAN_POINT ( 'NONE',  ( -4.065758146820641628E-17, -1.999999999999992228, 6.999999999999999112 ) ) ;
#7 = DIRECTION ( 'NONE',  ( -1.065700428927731213E-16, -0.000000000000000000, -1.000000000000000000 ) ) ;
#8 = VECTOR ( 'NONE', #1178, 1000.000000000000000 ) ;
#9 = ORIENTED_EDGE ( 'NONE', *, *, #2790, .F. ) ;
#10 = EDGE_CURVE ( 'NONE', #5424, #3945, #2929, .T. ) ;
#11 = CIRCLE ( 'NONE', #3266, 1.099999999999996758 ) ;
#12 =( BOUNDED_CURVE ( )  B_SPLINE_CURVE ( 3, ( #5772, #5344, #688, #162 ),
 .UNSPECIFIED., .F., .F. ) 
 B_SPLINE_CURVE_WITH_KNOTS ( ( 4, 4 ),
 ( 5.326637761688217232, 5.717032137761433930 ),
 .UNSPECIFIED. ) 
 CURVE ( )  GEOMETRIC_REPRESENTATION_ITEM ( )  RATIONAL_B_SPLINE_CURVE ( ( 1.000000000000000000, 0.9873396280227582089, 0.9873396280227582089, 1.000000000000000000 ) ) 
 REPRESENTATION_ITEM ( '' )  );
#13 = VECTOR ( 'NONE', #3966, 1000.000000000000000 ) ;
#14 = CARTESIAN_POINT ( 'NONE',  ( 71.24999999995101518, 0.9999999999999993339, -1.449999999999297184 ) ) ;
#15 = ORIENTED_EDGE ( 'NONE', *, *, #4800, .F. ) ;
#16 = CARTESIAN_POINT ( 'NONE',  ( 2.635528532057372697, -3.000000000000000444, -1.243987143967554054 ) ) ;
#17 = DIRECTION ( 'NONE',  ( -1.169476500658520487E-16, 1.000000000000000000, -0.000000000000000000 ) ) ;
#18 = EDGE_LOOP ( 'NONE', ( #4069, #5027 ) ) ;
#19 = ADVANCED_FACE ( 'NONE', ( #4523 ), #1947, .F. ) ;
#20 = AXIS2_PLACEMENT_3D ( 'NONE', #524, #3078, #201 ) ;
#21 = DIRECTION ( 'NONE',  ( 0.000000000000000000, 0.000000000000000000, 1.000000000000000000 ) ) ;
#22 = CARTESIAN_POINT ( 'NONE',  ( 74.74999999997550049, 0.7500000000000002220, 3.699747468330339739 ) ) ;
#23 = ORIENTED_EDGE ( 'NONE', *, *, #2140, .F. ) ;
#24 = CARTESIAN_POINT ( 'NONE',  ( 28.32233047033630413, 6.000000000000000000, 0.000000000000000000 ) ) ;
#25 = ORIENTED_EDGE ( 'NONE', *, *, #2896, .T. ) ;
#26 = EDGE_CURVE ( 'NONE', #5251, #6245, #2786, .T. ) ;
#27 = DIRECTION ( 'NONE',  ( 0.000000000000000000, 0.000000000000000000, 1.000000000000000000 ) ) ;
#28 = PLANE ( 'NONE',  #1959 ) ;
#29 = ORIENTED_EDGE ( 'NONE', *, *, #5958, .T. ) ;
#30 = CARTESIAN_POINT ( 'NONE',  ( 72.76999999995101120, 0.9999999999999995559, -0.9499999999992788657 ) ) ;
#31 = EDGE_CURVE ( 'NONE', #686, #2030, #5142, .T. ) ;
#32 = DIRECTION ( 'NONE',  ( 0.000000000000000000, -0.000000000000000000, 1.000000000000000000 ) ) ;
#33 = DIRECTION ( 'NONE',  ( 9.251858538542994310E-15, 0.000000000000000000, 1.000000000000000000 ) ) ;
#34 = FACE_OUTER_BOUND ( 'NONE', #5174, .T. ) ;
#35 = VERTEX_POINT ( 'NONE', #513 ) ;
#36 = FACE_OUTER_BOUND ( 'NONE', #4641, .T. ) ;
#37 = VERTEX_POINT ( 'NONE', #1022 ) ;
#38 = ORIENTED_EDGE ( 'NONE', *, *, #2395, .T. ) ;
#39 = CARTESIAN_POINT ( 'NONE',  ( 70.02999999995098790, 1.000000000000000222, -0.2999999999993115396 ) ) ;
#40 = CARTESIAN_POINT ( 'NONE',  ( 2.921165066847095648, -3.000000000000000000, -5.605774835432253465E-16 ) ) ;
#41 = EDGE_LOOP ( 'NONE', ( #4178, #3536, #4614, #5623 ) ) ;
#42 = CARTESIAN_POINT ( 'NONE',  ( 72.11243686706743006, 0.9999999999999995559, -3.862436867100073723 ) ) ;
#43 = ORIENTED_EDGE ( 'NONE', *, *, #5708, .F. ) ;
#44 = CARTESIAN_POINT ( 'NONE',  ( 38.89999999999999858, 1.347111479062087271E-16, -7.000000000000007994 ) ) ;
#45 = DIRECTION ( 'NONE',  ( 0.000000000000000000, 1.000000000000000000, 0.000000000000000000 ) ) ;
#46 = CARTESIAN_POINT ( 'NONE',  ( 2.921165066847095648, -3.000000000000000000, -5.605774835432253465E-16 ) ) ;
#47 = EDGE_LOOP ( 'NONE', ( #889, #2064, #5868, #5834 ) ) ;
#48 = AXIS2_PLACEMENT_3D ( 'NONE', #1259, #3911, #334 ) ;
#49 = CYLINDRICAL_SURFACE ( 'NONE', #1469, 1.100000000000006306 ) ;
#50 = DIRECTION ( 'NONE',  ( -0.000000000000000000, 1.000000000000000000, -0.000000000000000000 ) ) ;
#51 = ORIENTED_EDGE ( 'NONE', *, *, #806, .T. ) ;
#52 = EDGE_CURVE ( 'NONE', #344, #4060, #3986, .T. ) ;
#53 = DIRECTION ( 'NONE',  ( -0.000000000000000000, 1.000000000000000000, -0.000000000000000000 ) ) ;
#54 = ORIENTED_EDGE ( 'NONE', *, *, #3613, .T. ) ;
#55 = CARTESIAN_POINT ( 'NONE',  ( 72.00000000000349587, -3.000000000000000000, -5.000000000010811796 ) ) ;
#56 = EDGE_LOOP ( 'NONE', ( #1314, #1323, #4280, #3048 ) ) ;
#57 = CIRCLE ( 'NONE', #921, 1.250000000010831780 ) ;
#58 = CARTESIAN_POINT ( 'NONE',  ( 36.93816614415506194, 0.4849468416247003089, 2.100000000000000089 ) ) ;
#59 = DIRECTION ( 'NONE',  ( -0.000000000000000000, -0.000000000000000000, 1.000000000000000000 ) ) ;
#60 = EDGE_CURVE ( 'NONE', #778, #552, #6682, .T. ) ;
#61 = AXIS2_PLACEMENT_3D ( 'NONE', #5088, #4063, #3151 ) ;
#62 = VECTOR ( 'NONE', #1654, 1000.000000000000227 ) ;
#63 = CARTESIAN_POINT ( 'NONE',  ( 66.99999999997550049, 0.7499999999999988898, 6.999999999999999112 ) ) ;
#64 = LINE ( 'NONE', #2135, #820 ) ;
#65 = CARTESIAN_POINT ( 'NONE',  ( 18.84529946162074410, -1.399999999999999911, -5.999999999999998224 ) ) ;
#66 = EDGE_CURVE ( 'NONE', #5781, #4096, #2111, .T. ) ;
#67 = ORIENTED_EDGE ( 'NONE', *, *, #1020, .F. ) ;
#68 = AXIS2_PLACEMENT_3D ( 'NONE', #3161, #1014, #1049 ) ;
#69 = LINE ( 'NONE', #4211, #2122 ) ;
#70 = DIRECTION ( 'NONE',  ( -1.000000000000000000, 0.000000000000000000, 0.000000000000000000 ) ) ;
#71 = LINE ( 'NONE', #5275, #1372 ) ;
#72 = EDGE_CURVE ( 'NONE', #1812, #5618, #475, .T. ) ;
#73 = CARTESIAN_POINT ( 'NONE',  ( 69.30940107670949146, -1.399999999999999911, -4.999999999999997335 ) ) ;
#74 = DIRECTION ( 'NONE',  ( -1.000000000000000000, 0.000000000000000000, 1.204114654687106238E-11 ) ) ;
#75 = VECTOR ( 'NONE', #2667, 1000.000000000000000 ) ;
#76 = ADVANCED_FACE ( 'NONE', ( #4182 ), #4725, .T. ) ;
#77 = CIRCLE ( 'NONE', #5614, 0.9999999999891484581 ) ;
#78 = DIRECTION ( 'NONE',  ( -1.000000000000000000, 0.000000000000000000, 2.305280366746587194E-17 ) ) ;
#79 = EDGE_LOOP ( 'NONE', ( #6253, #1951 ) ) ;
#80 = CARTESIAN_POINT ( 'NONE',  ( 71.99999999995104361, 1.000000000000000444, -3.474999999999289546 ) ) ;
#81 = ORIENTED_EDGE ( 'NONE', *, *, #168, .F. ) ;
#82 = ORIENTED_EDGE ( 'NONE', *, *, #3340, .F. ) ;
#83 = AXIS2_PLACEMENT_3D ( 'NONE', #4963, #749, #2876 ) ;
#84 = DIRECTION ( 'NONE',  ( 1.000000000000000000, -0.000000000000000000, -0.000000000000000000 ) ) ;
#85 = ORIENTED_EDGE ( 'NONE', *, *, #6554, .F. ) ;
#86 = LINE ( 'NONE', #5758, #1047 ) ;
#87 = ORIENTED_EDGE ( 'NONE', *, *, #2084, .F. ) ;
#88 = CIRCLE ( 'NONE', #5728, 1.499999999999996891 ) ;
#89 = DIRECTION ( 'NONE',  ( -0.5000000000000004441, 0.000000000000000000, 0.8660254037844383745 ) ) ;
#90 = DIRECTION ( 'NONE',  ( 1.000000000000000000, 1.280406899082450539E-16, -0.000000000000000000 ) ) ;
#91 = ORIENTED_EDGE ( 'NONE', *, *, #1587, .T. ) ;
#92 = EDGE_CURVE ( 'NONE', #2423, #3907, #988, .T. ) ;
#93 = ADVANCED_FACE ( 'NONE', ( #4121 ), #4217, .F. ) ;
#94 = DIRECTION ( 'NONE',  ( -1.000000000000000000, -1.169476500658520487E-16, 1.203873754668172080E-11 ) ) ;
#95 = B_SPLINE_CURVE_WITH_KNOTS ( 'NONE', 3,
 ( #2927, #6053, #2448, #3854 ),
 .UNSPECIFIED., .F., .F.,
 ( 4, 4 ),
 ( 8.673617379884035472E-19, 0.0005006919425147871852 ),
 .UNSPECIFIED. ) ;
#96 = DIRECTION ( 'NONE',  ( -0.000000000000000000, 1.000000000000000000, -0.000000000000000000 ) ) ;
#97 = CARTESIAN_POINT ( 'NONE',  ( 73.68933982819568485, 0.7500000000000002220, 2.639087296550526762 ) ) ;
#98 = CARTESIAN_POINT ( 'NONE',  ( 75.00000000000001421, 1.000000000000000000, -7.000000000000010658 ) ) ;
#99 = ORIENTED_EDGE ( 'NONE', *, *, #4945, .T. ) ;
#100 = B_SPLINE_CURVE_WITH_KNOTS ( 'NONE', 3,
 ( #5674, #4051, #585, #3074 ),
 .UNSPECIFIED., .F., .F.,
 ( 4, 4 ),
 ( 8.673617379884034509E-19, 0.0001584939912251173959 ),
 .UNSPECIFIED. ) ;
#101 = ORIENTED_EDGE ( 'NONE', *, *, #795, .T. ) ;
#102 = FACE_OUTER_BOUND ( 'NONE', #5783, .T. ) ;
#103 = CARTESIAN_POINT ( 'NONE',  ( 71.99999999995094413, 0.9790225092205675494, 4.000000000000711431 ) ) ;
#104 = ADVANCED_FACE ( 'NONE', ( #1058 ), #6146, .F. ) ;
#105 = PLANE ( 'NONE',  #4718 ) ;
#106 = DIRECTION ( 'NONE',  ( 0.03489949670249701402, -0.9993908270190957621, -0.000000000000000000 ) ) ;
#107 = CIRCLE ( 'NONE', #4780, 1.599999999999998979 ) ;
#108 = ORIENTED_EDGE ( 'NONE', *, *, #6122, .F. ) ;
#109 = ADVANCED_FACE ( 'NONE', ( #1630 ), #5169, .T. ) ;
#110 = DIRECTION ( 'NONE',  ( -1.000000000000000000, 0.000000000000000000, 0.000000000000000000 ) ) ;
#111 = ORIENTED_EDGE ( 'NONE', *, *, #1796, .F. ) ;
#112 = CARTESIAN_POINT ( 'NONE',  ( 73.51256313289904654, -3.000000000000000000, -2.462310601253870690 ) ) ;
#113 = CARTESIAN_POINT ( 'NONE',  ( 3.845299461620749426, -1.399999999999999911, -2.000000000000000000 ) ) ;
#114 = ORIENTED_EDGE ( 'NONE', *, *, #5655, .T. ) ;
#115 = DIRECTION ( 'NONE',  ( 1.000000000000000000, 1.169476500658520487E-16, -1.152640183373293597E-17 ) ) ;
#116 = DIRECTION ( 'NONE',  ( 0.7071067811865479058, -0.7071067811865472397, 6.501164086737504492E-14 ) ) ;
#117 = VERTEX_POINT ( 'NONE', #5672 ) ;
#118 = CARTESIAN_POINT ( 'NONE',  ( 71.24999999995101518, 0.9790225092205673274, -1.449999999999297184 ) ) ;
#119 = CARTESIAN_POINT ( 'NONE',  ( 72.76999999995101120, 0.9999999999999995559, -1.449999999999279421 ) ) ;
#120 = CARTESIAN_POINT ( 'NONE',  ( 68.15470053833026043, -1.399999999999999911, -6.999999999999991118 ) ) ;
#121 = CARTESIAN_POINT ( 'NONE',  ( 72.99999999997584155, -3.000000000000000000, 6.744706858750156883E-12 ) ) ;
#122 = PLANE ( 'NONE',  #4619 ) ;
#123 = ORIENTED_EDGE ( 'NONE', *, *, #1087, .F. ) ;
#124 = VECTOR ( 'NONE', #4117, 1000.000000000000000 ) ;
#125 = DIRECTION ( 'NONE',  ( 0.7071067811865462405, -0.7071067811865489050, 0.000000000000000000 ) ) ;
#126 = ORIENTED_EDGE ( 'NONE', *, *, #4795, .T. ) ;
#127 = ORIENTED_EDGE ( 'NONE', *, *, #4550, .T. ) ;
#128 = FACE_BOUND ( 'NONE', #283, .T. ) ;
#129 = CARTESIAN_POINT ( 'NONE',  ( 74.66421356238281248, -3.000000000000000000, -1.664213562358324072 ) ) ;
#130 = ADVANCED_FACE ( 'NONE', ( #2587 ), #4658, .F. ) ;
#131 = EDGE_CURVE ( 'NONE', #3945, #669, #6212, .T. ) ;
#132 = CARTESIAN_POINT ( 'NONE',  ( 75.00000000000000000, -3.000000000000000000, -0.2500000000000000555 ) ) ;
#133 = CARTESIAN_POINT ( 'NONE',  ( 64.49999999995100097, 0.9999999999999920064, -7.000000000000010658 ) ) ;
#134 = EDGE_CURVE ( 'NONE', #2042, #4984, #5274, .T. ) ;
#135 = ORIENTED_EDGE ( 'NONE', *, *, #5464, .T. ) ;
#136 = CARTESIAN_POINT ( 'NONE',  ( 46.55925493328041398, 3.465085898935153175, 0.2054515631508586626 ) ) ;
#137 = EDGE_CURVE ( 'NONE', #2762, #2622, #3009, .T. ) ;
#138 = ORIENTED_EDGE ( 'NONE', *, *, #3141, .T. ) ;
#139 = ORIENTED_EDGE ( 'NONE', *, *, #1725, .F. ) ;
#140 = DIRECTION ( 'NONE',  ( -0.000000000000000000, 1.000000000000000000, -0.000000000000000000 ) ) ;
#141 = DIRECTION ( 'NONE',  ( 1.000000000000000000, -0.000000000000000000, -0.000000000000000000 ) ) ;
#142 = VERTEX_POINT ( 'NONE', #6647 ) ;
#143 = FACE_OUTER_BOUND ( 'NONE', #4606, .T. ) ;
#144 = ORIENTED_EDGE ( 'NONE', *, *, #6290, .F. ) ;
#145 = DIRECTION ( 'NONE',  ( -0.7071067811865398012, -8.269447640539446932E-17, -0.7071067811865551223 ) ) ;
#146 = DIRECTION ( 'NONE',  ( 0.3779644730092280858, 0.6546536707079735340, -0.6546536707079803064 ) ) ;
#147 = EDGE_CURVE ( 'NONE', #4517, #3437, #2008, .T. ) ;
#148 = LINE ( 'NONE', #3316, #5013 ) ;
#149 = LINE ( 'NONE', #3764, #6575 ) ;
#150 = CARTESIAN_POINT ( 'NONE',  ( 66.99999999995100097, -3.000000000000001332, 6.100000000000006750 ) ) ;
#151 = VECTOR ( 'NONE', #4710, 1000.000000000000000 ) ;
#152 = CARTESIAN_POINT ( 'NONE',  ( 73.24999999996465760, 0.7499999999999997780, 4.000000000000000000 ) ) ;
#153 = EDGE_LOOP ( 'NONE', ( #6488, #6305, #683, #2939 ) ) ;
#154 = CYLINDRICAL_SURFACE ( 'NONE', #6419, 1.599999999999999201 ) ;
#155 = ORIENTED_EDGE ( 'NONE', *, *, #2497, .T. ) ;
#156 = ORIENTED_EDGE ( 'NONE', *, *, #5831, .F. ) ;
#157 = EDGE_CURVE ( 'NONE', #5552, #4396, #3234, .T. ) ;
#158 = VECTOR ( 'NONE', #2978, 1000.000000000000114 ) ;
#159 = DIRECTION ( 'NONE',  ( -0.000000000000000000, 1.000000000000000000, -0.000000000000000000 ) ) ;
#160 = DIRECTION ( 'NONE',  ( 9.381338752702144066E-17, 0.6427876096865963174, -0.7660444431189300518 ) ) ;
#161 = VECTOR ( 'NONE', #3555, 1000.000000000000000 ) ;
#162 = CARTESIAN_POINT ( 'NONE',  ( 45.83502884254438925, 4.064466094067268109, -0.8582230616678296897 ) ) ;
#163 = CARTESIAN_POINT ( 'NONE',  ( 18.84529946162074410, -1.399999999999999911, 2.000000000000001776 ) ) ;
#164 = ORIENTED_EDGE ( 'NONE', *, *, #6032, .T. ) ;
#165 = CARTESIAN_POINT ( 'NONE',  ( 65.84529946157175573, -1.399999999999999911, -3.000000000000010214 ) ) ;
#166 = ADVANCED_FACE ( 'NONE', ( #2781 ), #1262, .F. ) ;
#167 = VECTOR ( 'NONE', #5310, 1000.000000000000000 ) ;
#168 = EDGE_CURVE ( 'NONE', #1096, #6350, #3327, .T. ) ;
#169 = CARTESIAN_POINT ( 'NONE',  ( 65.84529946157175573, -1.399999999999999911, -3.000000000000010214 ) ) ;
#170 = LINE ( 'NONE', #3858, #3859 ) ;
#171 = ORIENTED_EDGE ( 'NONE', *, *, #3379, .T. ) ;
#172 = VECTOR ( 'NONE', #4116, 1000.000000000000000 ) ;
#173 = DIRECTION ( 'NONE',  ( -0.000000000000000000, -1.000000000000000000, -0.000000000000000000 ) ) ;
#174 = ORIENTED_EDGE ( 'NONE', *, *, #4662, .F. ) ;
#175 = ADVANCED_FACE ( 'NONE', ( #6379, #4826, #2818, #651, #4900 ), #4862, .F. ) ;
#176 = DIRECTION ( 'NONE',  ( -0.000000000000000000, 1.000000000000000000, -0.000000000000000000 ) ) ;
#177 = VECTOR ( 'NONE', #6358, 999.9999999999998863 ) ;
#178 = VERTEX_POINT ( 'NONE', #3263 ) ;
#179 = DIRECTION ( 'NONE',  ( -0.000000000000000000, -1.000000000000000000, -0.000000000000000000 ) ) ;
#180 = DIRECTION ( 'NONE',  ( 1.152640183373293597E-17, -0.000000000000000000, 1.000000000000000000 ) ) ;
#181 = ORIENTED_EDGE ( 'NONE', *, *, #4000, .F. ) ;
#182 = LINE ( 'NONE', #2363, #2285 ) ;
#183 = EDGE_CURVE ( 'NONE', #3657, #6393, #3660, .T. ) ;
#184 = AXIS2_PLACEMENT_3D ( 'NONE', #4048, #4661, #4089 ) ;
#185 = VECTOR ( 'NONE', #3463, 1000.000000000000114 ) ;
#186 = CARTESIAN_POINT ( 'NONE',  ( 75.25000000000001421, -1.999999999999992228, -7.000000000000007994 ) ) ;
#187 = CYLINDRICAL_SURFACE ( 'NONE', #3329, 0.5000000000000004441 ) ;
#188 = CARTESIAN_POINT ( 'NONE',  ( 70.02999999995098790, 0.9790225092205673274, -0.2999999999993115396 ) ) ;
#189 = VECTOR ( 'NONE', #218, 1000.000000000000000 ) ;
#190 = CARTESIAN_POINT ( 'NONE',  ( 43.09811156375919694, 0.1081884397777439361, 0.000000000000000000 ) ) ;
#191 = VERTEX_POINT ( 'NONE', #2722 ) ;
#192 = DIRECTION ( 'NONE',  ( -1.000000000000000000, 0.000000000000000000, 0.000000000000000000 ) ) ;
#193 = ORIENTED_EDGE ( 'NONE', *, *, #3002, .F. ) ;
#194 = ORIENTED_EDGE ( 'NONE', *, *, #5045, .F. ) ;
#195 = ADVANCED_FACE ( 'NONE', ( #5309 ), #5616, .F. ) ;
#196 = CARTESIAN_POINT ( 'NONE',  ( 3.197101286783193639E-16, 0.000000000000000000, -4.000000000000010658 ) ) ;
#197 = AXIS2_PLACEMENT_3D ( 'NONE', #6300, #2771, #706 ) ;
#198 = ORIENTED_EDGE ( 'NONE', *, *, #2788, .T. ) ;
#199 = DIRECTION ( 'NONE',  ( -0.000000000000000000, -1.000000000000000000, -0.000000000000000000 ) ) ;
#200 = DIRECTION ( 'NONE',  ( -0.000000000000000000, 1.000000000000000000, -0.000000000000000000 ) ) ;
#201 = DIRECTION ( 'NONE',  ( 1.000000000000000000, 0.000000000000000000, 0.000000000000000000 ) ) ;
#202 = DIRECTION ( 'NONE',  ( 0.000000000000000000, 1.000000000000000000, 0.000000000000000000 ) ) ;
#203 = VERTEX_POINT ( 'NONE', #1771 ) ;
#204 = DIRECTION ( 'NONE',  ( 0.8660254037844401509, 0.000000000000000000, -0.4999999999999974465 ) ) ;
#205 = CYLINDRICAL_SURFACE ( 'NONE', #2789, 2.100000000000003197 ) ;
#206 = LINE ( 'NONE', #4290, #4867 ) ;
#207 = ORIENTED_EDGE ( 'NONE', *, *, #3053, .F. ) ;
#208 = VECTOR ( 'NONE', #1149, 1000.000000000000114 ) ;
#209 = ORIENTED_EDGE ( 'NONE', *, *, #5327, .F. ) ;
#210 = DIRECTION ( 'NONE',  ( 0.000000000000000000, 0.000000000000000000, 1.000000000000000000 ) ) ;
#211 = CARTESIAN_POINT ( 'NONE',  ( 35.05025253169414867, 4.949747468305824682, 5.999999999999993783 ) ) ;
#212 = EDGE_LOOP ( 'NONE', ( #5035, #4949, #3931, #5167 ) ) ;
#213 = DIRECTION ( 'NONE',  ( -1.000000000000000000, 0.000000000000000000, 0.000000000000000000 ) ) ;
#214 = ORIENTED_EDGE ( 'NONE', *, *, #5023, .T. ) ;
#215 = AXIS2_PLACEMENT_3D ( 'NONE', #5260, #5791, #1582 ) ;
#216 = PLANE ( 'NONE',  #4674 ) ;
#217 = EDGE_CURVE ( 'NONE', #6549, #3860, #6153, .T. ) ;
#218 = DIRECTION ( 'NONE',  ( -1.169476500658520487E-16, 1.000000000000000000, -0.000000000000000000 ) ) ;
#219 = CARTESIAN_POINT ( 'NONE',  ( 72.99999999997548628, -3.000000000000000000, -3.699747468330327749 ) ) ;
#220 = CIRCLE ( 'NONE', #1743, 2.000000000000000888 ) ;
#221 = LINE ( 'NONE', #1755, #1427 ) ;
#222 = DIRECTION ( 'NONE',  ( 0.000000000000000000, 1.000000000000000000, 0.000000000000000000 ) ) ;
#223 = ADVANCED_FACE ( 'NONE', ( #128, #2175 ), #718, .T. ) ;
#224 =( BOUNDED_CURVE ( )  B_SPLINE_CURVE ( 3, ( #6360, #1717, #4846, #4339 ),
 .UNSPECIFIED., .F., .F. ) 
 B_SPLINE_CURVE_WITH_KNOTS ( ( 4, 4 ),
 ( 0.5661531694181507479, 0.9565475454913674458 ),
 .UNSPECIFIED. ) 
 CURVE ( )  GEOMETRIC_REPRESENTATION_ITEM ( )  RATIONAL_B_SPLINE_CURVE ( ( 1.000000000000000000, 0.9873396280227582089, 0.9873396280227582089, 1.000000000000000000 ) ) 
 REPRESENTATION_ITEM ( '' )  );
#225 = DIRECTION ( 'NONE',  ( -0.000000000000000000, -0.000000000000000000, 1.000000000000000000 ) ) ;
#226 = ORIENTED_EDGE ( 'NONE', *, *, #5250, .T. ) ;
#227 = PLANE ( 'NONE',  #1455 ) ;
#228 = DIRECTION ( 'NONE',  ( -0.4999999999999993894, 0.8660254037844389297, 0.000000000000000000 ) ) ;
#229 = VERTEX_POINT ( 'NONE', #3776 ) ;
#230 = VERTEX_POINT ( 'NONE', #2242 ) ;
#231 = DIRECTION ( 'NONE',  ( 0.000000000000000000, 0.000000000000000000, -1.000000000000000000 ) ) ;
#232 = ADVANCED_FACE ( 'NONE', ( #4251, #752 ), #6309, .T. ) ;
#233 = PLANE ( 'NONE',  #6223 ) ;
#234 = ORIENTED_EDGE ( 'NONE', *, *, #4833, .T. ) ;
#235 = CARTESIAN_POINT ( 'NONE',  ( 29.02943725152286447, 6.000000000000000000, -7.000000000000010658 ) ) ;
#236 = CARTESIAN_POINT ( 'NONE',  ( 31.23918069484782833, 1.505783212115543668, -1.561533733716488515 ) ) ;
#237 = CARTESIAN_POINT ( 'NONE',  ( 52.99999999999999289, 0.9999999999999974465, -7.000000000000010658 ) ) ;
#238 = AXIS2_PLACEMENT_3D ( 'NONE', #1625, #3731, #2202 ) ;
#239 = CARTESIAN_POINT ( 'NONE',  ( 30.37324276184631344, 1.000000000000000222, -5.485747894878285180 ) ) ;
#240 = VERTEX_POINT ( 'NONE', #3813 ) ;
#241 = CARTESIAN_POINT ( 'NONE',  ( 73.24999999996465760, -2.749999999999992895, 4.000000000000000000 ) ) ;
#242 = ORIENTED_EDGE ( 'NONE', *, *, #1357, .T. ) ;
#243 = VERTEX_POINT ( 'NONE', #1804 ) ;
#244 = DIRECTION ( 'NONE',  ( -0.5000000000000018874, -0.7071067811865477948, -0.4999999999999977796 ) ) ;
#245 = DIRECTION ( 'NONE',  ( -0.8660254037844383745, 0.000000000000000000, -0.5000000000000004441 ) ) ;
#246 = CARTESIAN_POINT ( 'NONE',  ( -4.065758146820641628E-17, -1.999999999999992228, -3.469446951953614189E-15 ) ) ;
#247 = DIRECTION ( 'NONE',  ( -0.000000000000000000, 1.000000000000000000, 0.000000000000000000 ) ) ;
#248 = ORIENTED_EDGE ( 'NONE', *, *, #3335, .F. ) ;
#249 = DIRECTION ( 'NONE',  ( -1.000000000000000000, 0.000000000000000000, 0.000000000000000000 ) ) ;
#250 = ADVANCED_FACE ( 'NONE', ( #5874 ), #628, .T. ) ;
#251 = CARTESIAN_POINT ( 'NONE',  ( 71.99999999995094413, 1.000000000000000444, 3.475000000000713740 ) ) ;
#252 = ADVANCED_FACE ( 'NONE', ( #684 ), #4766, .F. ) ;
#253 = CARTESIAN_POINT ( 'NONE',  ( 69.30940107670949146, -3.000000000000000000, 5.000000000000000888 ) ) ;
#254 = DIRECTION ( 'NONE',  ( 9.381338752702144066E-17, 0.6427876096865963174, -0.7660444431189300518 ) ) ;
#255 = DIRECTION ( 'NONE',  ( 1.000000000000000000, 0.000000000000000000, -2.305280366746587194E-17 ) ) ;
#256 = ORIENTED_EDGE ( 'NONE', *, *, #1995, .F. ) ;
#257 = CARTESIAN_POINT ( 'NONE',  ( 39.99999999999999289, 0.000000000000000000, 0.000000000000000000 ) ) ;
#258 = ORIENTED_EDGE ( 'NONE', *, *, #3925, .F. ) ;
#259 = VECTOR ( 'NONE', #3461, 1000.000000000000000 ) ;
#260 = ORIENTED_EDGE ( 'NONE', *, *, #295, .T. ) ;
#261 = PLANE ( 'NONE',  #4212 ) ;
#262 = ADVANCED_FACE ( 'NONE', ( #102 ), #2748, .F. ) ;
#263 = FACE_OUTER_BOUND ( 'NONE', #1648, .T. ) ;
#264 =( BOUNDED_CURVE ( )  B_SPLINE_CURVE ( 3, ( #4929, #5538, #874, #2374 ),
 .UNSPECIFIED., .F., .F. ) 
 B_SPLINE_CURVE_WITH_KNOTS ( ( 4, 4 ),
 ( 0.000000000000000000, 1.570796326794896558 ),
 .UNSPECIFIED. ) 
 CURVE ( )  GEOMETRIC_REPRESENTATION_ITEM ( )  RATIONAL_B_SPLINE_CURVE ( ( 1.000000000000000000, 0.8047378541243649375, 0.8047378541243649375, 1.000000000000000000 ) ) 
 REPRESENTATION_ITEM ( '' )  );
#265 = AXIS2_PLACEMENT_3D ( 'NONE', #6126, #1483, #3926 ) ;
#266 = PLANE ( 'NONE',  #929 ) ;
#267 = ADVANCED_FACE ( 'NONE', ( #3495 ), #3397, .F. ) ;
#268 = PLANE ( 'NONE',  #4909 ) ;
#269 = VECTOR ( 'NONE', #1116, 1000.000000000000000 ) ;
#270 = FACE_OUTER_BOUND ( 'NONE', #1140, .T. ) ;
#271 = AXIS2_PLACEMENT_3D ( 'NONE', #377, #5643, #5075 ) ;
#272 = CARTESIAN_POINT ( 'NONE',  ( 32.56497115745560933, 2.464466094067271573, -5.999999999999996447 ) ) ;
#273 = ORIENTED_EDGE ( 'NONE', *, *, #5470, .F. ) ;
#274 = CARTESIAN_POINT ( 'NONE',  ( 74.74999999997550049, 0.7499999999999997780, -3.699747468330339739 ) ) ;
#275 = ADVANCED_FACE ( 'NONE', ( #5064 ), #911, .F. ) ;
#276 = VECTOR ( 'NONE', #3949, 1000.000000000000000 ) ;
#277 = VECTOR ( 'NONE', #567, 1000.000000000000000 ) ;
#278 = CARTESIAN_POINT ( 'NONE',  ( 74.48743686707645395, 1.000000000000000000, 1.487436867076465052 ) ) ;
#279 = DIRECTION ( 'NONE',  ( -1.000000000000000000, -1.280406899082450539E-16, 0.000000000000000000 ) ) ;
#280 = LINE ( 'NONE', #6524, #1830 ) ;
#281 = AXIS2_PLACEMENT_3D ( 'NONE', #6632, #50, #3152 ) ;
#282 = DIRECTION ( 'NONE',  ( 0.7071067811865479058, -0.7071067811865472397, 0.000000000000000000 ) ) ;
#283 = EDGE_LOOP ( 'NONE', ( #2933, #2519 ) ) ;
#284 = CARTESIAN_POINT ( 'NONE',  ( 22.30940107675850115, -3.000000000000000000, -4.000000000000000888 ) ) ;
#285 = AXIS2_PLACEMENT_3D ( 'NONE', #457, #2091, #5153 ) ;
#286 = EDGE_CURVE ( 'NONE', #594, #5792, #3484, .T. ) ;
#287 = CIRCLE ( 'NONE', #4094, 0.5000000000000004441 ) ;
#288 = CARTESIAN_POINT ( 'NONE',  ( 71.99999999995104361, 1.000000000000000444, -3.474999999999289546 ) ) ;
#289 = VECTOR ( 'NONE', #1598, 1000.000000000000227 ) ;
#290 = DIRECTION ( 'NONE',  ( -0.000000000000000000, 1.000000000000000000, -0.000000000000000000 ) ) ;
#291 = DIRECTION ( 'NONE',  ( -0.000000000000000000, 1.000000000000000000, -0.000000000000000000 ) ) ;
#292 = CARTESIAN_POINT ( 'NONE',  ( 71.99999999995104361, -3.000000000000000444, -3.999999999999287237 ) ) ;
#293 = ORIENTED_EDGE ( 'NONE', *, *, #4489, .T. ) ;
#294 = DIRECTION ( 'NONE',  ( 0.8660254037844388186, 0.000000000000000000, -0.4999999999999998335 ) ) ;
#295 = EDGE_CURVE ( 'NONE', #2603, #1276, #4323, .T. ) ;
#296 = VECTOR ( 'NONE', #465, 1000.000000000000114 ) ;
#297 = CARTESIAN_POINT ( 'NONE',  ( 68.15470053833026043, -1.399999999999999911, 3.000000000000009770 ) ) ;
#298 = VERTEX_POINT ( 'NONE', #5001 ) ;
#299 = ORIENTED_EDGE ( 'NONE', *, *, #6152, .F. ) ;
#300 = DIRECTION ( 'NONE',  ( 0.000000000000000000, 0.000000000000000000, 1.000000000000000000 ) ) ;
#301 = EDGE_CURVE ( 'NONE', #3783, #831, #5405, .T. ) ;
#302 = CARTESIAN_POINT ( 'NONE',  ( 43.09811156375919694, 0.1081884397777439361, 2.100000000000000089 ) ) ;
#303 = VERTEX_POINT ( 'NONE', #1395 ) ;
#304 = CARTESIAN_POINT ( 'NONE',  ( 64.69059892319249627, -1.399999999999999911, -5.000000000000009770 ) ) ;
#305 = AXIS2_PLACEMENT_3D ( 'NONE', #1477, #3996, #425 ) ;
#306 = CARTESIAN_POINT ( 'NONE',  ( 5.000000000000000000, -3.000000000000000888, -4.000000000000000000 ) ) ;
#307 = EDGE_CURVE ( 'NONE', #1799, #3618, #6259, .T. ) ;
#308 = CARTESIAN_POINT ( 'NONE',  ( 31.10050506338834353, 1.000000000000000000, -7.000000000000010658 ) ) ;
#309 = VECTOR ( 'NONE', #2604, 1000.000000000000000 ) ;
#310 = EDGE_CURVE ( 'NONE', #998, #1534, #3556, .T. ) ;
#311 = ADVANCED_FACE ( 'NONE', ( #4966 ), #1393, .F. ) ;
#312 = ORIENTED_EDGE ( 'NONE', *, *, #2447, .T. ) ;
#313 = APPLICATION_PROTOCOL_DEFINITION ( 'draft international standard', 'automotive_design', 1998, #5888 ) ;
#314 = ORIENTED_EDGE ( 'NONE', *, *, #430, .F. ) ;
#315 = B_SPLINE_CURVE_WITH_KNOTS ( 'NONE', 3,
 ( #3022, #6636, #4068, #3563, #2029, #4615, #3056, #2535 ),
 .UNSPECIFIED., .F., .F.,
 ( 4, 2, 2, 4 ),
 ( 8.727434702179711666E-15, 0.0008538321867110130851, 0.001707664373413298776, 0.003415328746817870159 ),
 .UNSPECIFIED. ) ;
#316 = ORIENTED_EDGE ( 'NONE', *, *, #5926, .F. ) ;
#317 = CARTESIAN_POINT ( 'NONE',  ( 3.500000000000000000, 6.557254739192330817E-16, 0.000000000000000000 ) ) ;
#318 = DIRECTION ( 'NONE',  ( -0.000000000000000000, 1.000000000000000000, -0.000000000000000000 ) ) ;
#319 = VERTEX_POINT ( 'NONE', #2920 ) ;
#320 = AXIS2_PLACEMENT_3D ( 'NONE', #4920, #5024, #6067 ) ;
#321 = CARTESIAN_POINT ( 'NONE',  ( 44.43755324666317819, -3.000000000000000888, 2.100000000000004530 ) ) ;
#322 = DIRECTION ( 'NONE',  ( -0.000000000000000000, 1.000000000000000000, -0.000000000000000000 ) ) ;
#323 = FACE_OUTER_BOUND ( 'NONE', #1672, .T. ) ;
#324 = CARTESIAN_POINT ( 'NONE',  ( -1.643928704918328210, -3.000000000000000000, 3.038725169254358427 ) ) ;
#325 = AXIS2_PLACEMENT_3D ( 'NONE', #1720, #3656, #1110 ) ;
#326 = CARTESIAN_POINT ( 'NONE',  ( 39.99999999999999289, 0.000000000000000000, 0.000000000000000000 ) ) ;
#327 = LINE ( 'NONE', #4474, #4073 ) ;
#328 = ORIENTED_EDGE ( 'NONE', *, *, #5140, .T. ) ;
#329 = CARTESIAN_POINT ( 'NONE',  ( 71.24999999995101518, 1.000000000000000222, -1.449999999999297184 ) ) ;
#330 = LINE ( 'NONE', #2336, #5008 ) ;
#331 = VERTEX_POINT ( 'NONE', #1424 ) ;
#332 = VERTEX_POINT ( 'NONE', #1900 ) ;
#333 = AXIS2_PLACEMENT_3D ( 'NONE', #5392, #737, #1315 ) ;
#334 = DIRECTION ( 'NONE',  ( -1.000000000000000000, 0.000000000000000000, 0.000000000000000000 ) ) ;
#335 = FACE_OUTER_BOUND ( 'NONE', #5292, .T. ) ;
#336 = CARTESIAN_POINT ( 'NONE',  ( 34.69669914110088627, 5.303300858899101300, 0.000000000000000000 ) ) ;
#337 = AXIS2_PLACEMENT_3D ( 'NONE', #2270, #6331, #4850 ) ;
#338 = CARTESIAN_POINT ( 'NONE',  ( -7.000000000000001776, 1.000000000000000000, 6.999999999999999112 ) ) ;
#339 = DIRECTION ( 'NONE',  ( -0.000000000000000000, 1.000000000000000000, -0.000000000000000000 ) ) ;
#340 = CARTESIAN_POINT ( 'NONE',  ( 72.99999999997550049, 0.9999999999999997780, -3.699747468330327749 ) ) ;
#341 = EDGE_CURVE ( 'NONE', #660, #35, #3979, .T. ) ;
#342 = VERTEX_POINT ( 'NONE', #1968 ) ;
#343 = PRODUCT_DEFINITION_SHAPE ( 'NONE', 'NONE',  #3476 ) ;
#344 = VERTEX_POINT ( 'NONE', #1331 ) ;
#345 = AXIS2_PLACEMENT_3D ( 'NONE', #4554, #2509, #6611 ) ;
#346 = ADVANCED_FACE ( 'NONE', ( #335 ), #1453, .F. ) ;
#347 = ORIENTED_EDGE ( 'NONE', *, *, #5209, .F. ) ;
#348 = DIRECTION ( 'NONE',  ( 1.000000000000000000, 1.971276677246365109E-16, 0.000000000000000000 ) ) ;
#349 = EDGE_CURVE ( 'NONE', #1670, #1206, #4012, .T. ) ;
#350 = FACE_OUTER_BOUND ( 'NONE', #4448, .T. ) ;
#351 = ORIENTED_EDGE ( 'NONE', *, *, #1502, .T. ) ;
#352 = FACE_OUTER_BOUND ( 'NONE', #2997, .T. ) ;
#353 = FACE_OUTER_BOUND ( 'NONE', #2764, .T. ) ;
#354 = DIRECTION ( 'NONE',  ( -1.065700428927731213E-16, -0.000000000000000000, -1.000000000000000000 ) ) ;
#355 = CARTESIAN_POINT ( 'NONE',  ( 52.46666666666665435, 2.066666666666666430, 7.283333333333327886 ) ) ;
#356 = CARTESIAN_POINT ( 'NONE',  ( -3.039832406689014999, -3.000000000000000444, 1.554513642552391106 ) ) ;
#357 = LINE ( 'NONE', #2401, #6060 ) ;
#358 = PLANE ( 'NONE',  #2676 ) ;
#359 = ORIENTED_EDGE ( 'NONE', *, *, #6104, .F. ) ;
#360 = LINE ( 'NONE', #1932, #4724 ) ;
#361 = CARTESIAN_POINT ( 'NONE',  ( 68.41421356234859275, -1.399999999999999911, -6.414213562373094035 ) ) ;
#362 = CARTESIAN_POINT ( 'NONE',  ( -2.001817768628954664, -2.999999999999999556, 1.851133776029194822 ) ) ;
#363 = ORIENTED_EDGE ( 'NONE', *, *, #2313, .F. ) ;
#364 = CARTESIAN_POINT ( 'NONE',  ( 17.69059892324149175, -1.399999999999999911, -3.999999999999998224 ) ) ;
#365 = EDGE_CURVE ( 'NONE', #571, #568, #6075, .T. ) ;
#366 = DIRECTION ( 'NONE',  ( 0.000000000000000000, 1.000000000000000000, 0.000000000000000000 ) ) ;
#367 = LINE ( 'NONE', #4515, #4980 ) ;
#368 = FACE_OUTER_BOUND ( 'NONE', #4871, .T. ) ;
#369 = ORIENTED_EDGE ( 'NONE', *, *, #5782, .F. ) ;
#370 = CARTESIAN_POINT ( 'NONE',  ( 43.20665189580157062, -3.000000000000000000, -2.100000000000000089 ) ) ;
#371 = VECTOR ( 'NONE', #2171, 1000.000000000000000 ) ;
#372 = DIRECTION ( 'NONE',  ( -0.000000000000000000, -1.000000000000000000, -0.000000000000000000 ) ) ;
#373 = ORIENTED_EDGE ( 'NONE', *, *, #2001, .F. ) ;
#374 = DIRECTION ( 'NONE',  ( -0.8660254037844384856, 0.000000000000000000, 0.5000000000000004441 ) ) ;
#375 = DIRECTION ( 'NONE',  ( -0.000000000000000000, 1.000000000000000000, 0.000000000000000000 ) ) ;
#376 = CIRCLE ( 'NONE', #4173, 0.5000000000000004441 ) ;
#377 = CARTESIAN_POINT ( 'NONE',  ( 5.000000000000000000, -3.000000000000000888, -4.000000000000000000 ) ) ;
#378 = AXIS2_PLACEMENT_3D ( 'NONE', #2335, #550, #1762 ) ;
#379 = ORIENTED_EDGE ( 'NONE', *, *, #1941, .F. ) ;
#380 = EDGE_CURVE ( 'NONE', #3213, #1850, #367, .T. ) ;
#381 = ADVANCED_FACE ( 'NONE', ( #6478 ), #3361, .F. ) ;
#382 = ORIENTED_EDGE ( 'NONE', *, *, #72, .F. ) ;
#383 = AXIS2_PLACEMENT_3D ( 'NONE', #1238, #3306, #3243 ) ;
#384 = CIRCLE ( 'NONE', #1464, 0.5000000000000004441 ) ;
#385 = CARTESIAN_POINT ( 'NONE',  ( 2.690598923241498408, -1.399999999999999911, -4.000000000000000000 ) ) ;
#386 = CARTESIAN_POINT ( 'NONE',  ( 1.669437212712476359, -3.000000000000000000, -3.145298306644231712 ) ) ;
#387 = VERTEX_POINT ( 'NONE', #1870 ) ;
#388 = ADVANCED_FACE ( 'NONE', ( #3948 ), #5426, .F. ) ;
#389 = CONICAL_SURFACE ( 'NONE', #6557, 1.000000000010817791, 0.7853981633974621568 ) ;
#390 = DIRECTION ( 'NONE',  ( -1.169476500658520487E-16, 1.000000000000000000, -0.000000000000000000 ) ) ;
#391 = CARTESIAN_POINT ( 'NONE',  ( 36.93816614415506194, 0.4849468416247070257, 0.000000000000000000 ) ) ;
#392 = DIRECTION ( 'NONE',  ( 0.5000000000000003331, 0.000000000000000000, -0.8660254037844383745 ) ) ;
#393 = CIRCLE ( 'NONE', #5494, 1.750000000000001554 ) ;
#394 = CARTESIAN_POINT ( 'NONE',  ( -3.216621759755510457, -3.000000000000000444, 1.129754560198693580 ) ) ;
#395 = PLANE ( 'NONE',  #5839 ) ;
#396 = CARTESIAN_POINT ( 'NONE',  ( 28.79370324502378864, 1.000000000000000000, -1.600253211549776067 ) ) ;
#397 = LINE ( 'NONE', #2533, #2228 ) ;
#398 = ORIENTED_EDGE ( 'NONE', *, *, #3236, .T. ) ;
#399 = ADVANCED_FACE ( 'NONE', ( #5511 ), #3127, .F. ) ;
#400 = CARTESIAN_POINT ( 'NONE',  ( 1.968003338411547842, -3.000000000000000000, 2.109801271902142616 ) ) ;
#401 = ORIENTED_EDGE ( 'NONE', *, *, #5884, .T. ) ;
#402 = CIRCLE ( 'NONE', #4198, 1.099999999999996758 ) ;
#403 = ORIENTED_EDGE ( 'NONE', *, *, #5005, .F. ) ;
#404 = CARTESIAN_POINT ( 'NONE',  ( 31.61475716851004591, 1.514252105121702163, 5.999999999999996447 ) ) ;
#405 = DIRECTION ( 'NONE',  ( 0.000000000000000000, 0.000000000000000000, -1.000000000000000000 ) ) ;
#406 = FACE_OUTER_BOUND ( 'NONE', #6487, .T. ) ;
#407 = VERTEX_POINT ( 'NONE', #2574 ) ;
#408 = EDGE_CURVE ( 'NONE', #298, #191, #5227, .T. ) ;
#410 = AXIS2_PLACEMENT_3D ( 'NONE', #6579, #877, #5473 ) ;
#409 = CARTESIAN_POINT ( 'NONE',  ( 73.25000000000001421, -3.000000000000000000, -0.2500000000000002220 ) ) ;
#411 = DIRECTION ( 'NONE',  ( -1.169476500658520487E-16, 1.000000000000000000, -0.000000000000000000 ) ) ;
#412 = VECTOR ( 'NONE', #3189, 1000.000000000000000 ) ;
#413 = FACE_BOUND ( 'NONE', #5060, .T. ) ;
#414 = CARTESIAN_POINT ( 'NONE',  ( 64.49999999995100097, 0.7499999999999986677, 6.999999999999999112 ) ) ;
#415 = B_SPLINE_CURVE_WITH_KNOTS ( 'NONE', 3,
 ( #4057, #2017, #6116, #2973, #1983, #6025, #2422, #1441, #452, #3960, #5048, #5112, #386, #1952, #3042, #1881, #3547, #4534, #3509, #1377, #3446, #6088, #6595, #2901, #6157, #5526, #3477, #5586, #858, #1470, #2938, #1922, #3992, #5620 ),
 .UNSPECIFIED., .F., .F.,
 ( 4, 2, 2, 2, 2, 2, 2, 2, 2, 2, 2, 2, 2, 2, 2, 2, 4 ),
 ( 0.01326550571486365473, 0.01395027835046813540, 0.01463505098607261433, 0.01531982362167709499, 0.01600459625728157392, 0.01668936889288605632, 0.01737414152849053525, 0.01805891416409501765, 0.01874368679969949658, 0.01942845943530397551, 0.02011323207090845791, 0.02079800470651293684, 0.02148277734211741924, 0.02216754997772189817, 0.02285232261332638057, 0.02353709524893086297, 0.02422186788453534190 ),
 .UNSPECIFIED. ) ;
#416 = AXIS2_PLACEMENT_3D ( 'NONE', #165, #374, #5234 ) ;
#417 = ORIENTED_EDGE ( 'NONE', *, *, #640, .F. ) ;
#418 = EDGE_CURVE ( 'NONE', #3067, #2264, #3060, .T. ) ;
#419 = ORIENTED_EDGE ( 'NONE', *, *, #1753, .T. ) ;
#420 = ORIENTED_EDGE ( 'NONE', *, *, #4898, .F. ) ;
#421 = CARTESIAN_POINT ( 'NONE',  ( 69.30940107670949146, -3.000000000000000000, -4.999999999999997335 ) ) ;
#422 = ORIENTED_EDGE ( 'NONE', *, *, #2339, .F. ) ;
#423 = LINE ( 'NONE', #862, #4026 ) ;
#424 = DIRECTION ( 'NONE',  ( 0.000000000000000000, 1.000000000000000000, 0.000000000000000000 ) ) ;
#425 = DIRECTION ( 'NONE',  ( 0.000000000000000000, 0.000000000000000000, 1.000000000000000000 ) ) ;
#426 = APPLICATION_CONTEXT ( 'automotive_design' ) ;
#427 = CARTESIAN_POINT ( 'NONE',  ( 3.845299461620749426, -1.399999999999999911, -2.000000000000000000 ) ) ;
#428 = ADVANCED_FACE ( 'NONE', ( #6708 ), #5664, .T. ) ;
#429 = CARTESIAN_POINT ( 'NONE',  ( 69.30940107670949146, -3.000000000000000000, -4.999999999999997335 ) ) ;
#430 = EDGE_CURVE ( 'NONE', #3657, #191, #6270, .T. ) ;
#431 = AXIS2_PLACEMENT_3D ( 'NONE', #4041, #4451, #6508 ) ;
#432 = DIRECTION ( 'NONE',  ( 1.000000000000000000, -0.000000000000000000, 0.000000000000000000 ) ) ;
#433 = ORIENTED_EDGE ( 'NONE', *, *, #4717, .F. ) ;
#434 = CARTESIAN_POINT ( 'NONE',  ( 1.825236044756752163, -3.000000000000000000, 2.226715590820983248 ) ) ;
#435 = ORIENTED_EDGE ( 'NONE', *, *, #4964, .F. ) ;
#436 = DIRECTION ( 'NONE',  ( -0.8660254037844384856, 0.000000000000000000, -0.5000000000000004441 ) ) ;
#437 = ORIENTED_EDGE ( 'NONE', *, *, #2904, .T. ) ;
#438 = AXIS2_PLACEMENT_3D ( 'NONE', #5402, #2811, #4350 ) ;
#439 = PLANE ( 'NONE',  #4999 ) ;
#440 = EDGE_CURVE ( 'NONE', #4466, #528, #2647, .T. ) ;
#441 = DIRECTION ( 'NONE',  ( -4.622038565550839722E-14, 0.000000000000000000, -1.000000000000000000 ) ) ;
#442 = ORIENTED_EDGE ( 'NONE', *, *, #6650, .T. ) ;
#443 = CARTESIAN_POINT ( 'NONE',  ( 17.69059892324149175, -3.000000000000000000, -3.999999999999998224 ) ) ;
#444 = EDGE_CURVE ( 'NONE', #5136, #5373, #1530, .T. ) ;
#445 = ORIENTED_EDGE ( 'NONE', *, *, #3514, .F. ) ;
#446 = ORIENTED_EDGE ( 'NONE', *, *, #5580, .F. ) ;
#447 = FACE_OUTER_BOUND ( 'NONE', #839, .T. ) ;
#448 = EDGE_LOOP ( 'NONE', ( #5821, #4858, #3475, #4779 ) ) ;
#449 = VECTOR ( 'NONE', #2490, 1000.000000000000000 ) ;
#450 = EDGE_LOOP ( 'NONE', ( #6336, #748, #260, #3521 ) ) ;
#451 = VECTOR ( 'NONE', #915, 1000.000000000000000 ) ;
#452 = CARTESIAN_POINT ( 'NONE',  ( 2.756743278089501814, -2.999999999999999556, -2.313637784785153695 ) ) ;
#453 = EDGE_LOOP ( 'NONE', ( #472, #1243, #1185, #1027 ) ) ;
#454 = DIRECTION ( 'NONE',  ( -1.000000000000000000, 0.000000000000000000, 0.000000000000000000 ) ) ;
#455 = ORIENTED_EDGE ( 'NONE', *, *, #4633, .T. ) ;
#456 = DIRECTION ( 'NONE',  ( 0.9876883405951385475, -0.1564344650402254566, 0.000000000000000000 ) ) ;
#457 = CARTESIAN_POINT ( 'NONE',  ( 72.76999999995101120, 1.000000000000000444, -1.449999999999279421 ) ) ;
#458 = DIRECTION ( 'NONE',  ( -0.5000000000000019984, 0.000000000000000000, -0.8660254037844375974 ) ) ;
#459 = ORIENTED_EDGE ( 'NONE', *, *, #1484, .T. ) ;
#460 = LINE ( 'NONE', #1523, #5603 ) ;
#461 = ORIENTED_EDGE ( 'NONE', *, *, #430, .T. ) ;
#462 = CARTESIAN_POINT ( 'NONE',  ( -2.604336349168823173, -3.000000000000000444, 0.7285017521639455262 ) ) ;
#463 = ORIENTED_EDGE ( 'NONE', *, *, #2678, .T. ) ;
#464 = EDGE_CURVE ( 'NONE', #5787, #4349, #2613, .T. ) ;
#465 = DIRECTION ( 'NONE',  ( 0.000000000000000000, 0.6427876096865963174, 0.7660444431189300518 ) ) ;
#466 = ADVANCED_FACE ( 'NONE', ( #4145 ), #439, .F. ) ;
#467 = ORIENTED_EDGE ( 'NONE', *, *, #4480, .T. ) ;
#468 = ADVANCED_FACE ( 'NONE', ( #6234 ), #4072, .F. ) ;
#469 = DIRECTION ( 'NONE',  ( -0.7071067811865475727, -0.7071067811865475727, 0.000000000000000000 ) ) ;
#470 = LINE ( 'NONE', #6136, #1920 ) ;
#471 = DIRECTION ( 'NONE',  ( 0.7071067811865462405, -0.7071067811865489050, 0.000000000000000000 ) ) ;
#472 = ORIENTED_EDGE ( 'NONE', *, *, #4707, .F. ) ;
#473 = EDGE_CURVE ( 'NONE', #4960, #2388, #4618, .T. ) ;
#474 = EDGE_LOOP ( 'NONE', ( #1994, #2373, #2912, #776, #4942, #478 ) ) ;
#475 = LINE ( 'NONE', #1088, #5717 ) ;
#476 = PLANE ( 'NONE',  #6458 ) ;
#477 = DIRECTION ( 'NONE',  ( 0.7071067811865484609, -0.7071067811865465735, -3.311913780036089361E-14 ) ) ;
#478 = ORIENTED_EDGE ( 'NONE', *, *, #2483, .T. ) ;
#479 = AXIS2_PLACEMENT_3D ( 'NONE', #4016, #5071, #3068 ) ;
#480 = ORIENTED_EDGE ( 'NONE', *, *, #3824, .T. ) ;
#481 = EDGE_CURVE ( 'NONE', #6625, #2512, #1622, .T. ) ;
#482 = AXIS2_PLACEMENT_3D ( 'NONE', #409, #6178, #4078 ) ;
#483 = FACE_OUTER_BOUND ( 'NONE', #5871, .T. ) ;
#484 = EDGE_LOOP ( 'NONE', ( #1562, #6701, #6059, #3135 ) ) ;
#485 = CARTESIAN_POINT ( 'NONE',  ( 44.18412260750720577, 5.615543748913410127, -1.465915249673009013 ) ) ;
#486 = VERTEX_POINT ( 'NONE', #1492 ) ;
#487 = FACE_OUTER_BOUND ( 'NONE', #1832, .T. ) ;
#488 = VECTOR ( 'NONE', #2840, 1000.000000000000000 ) ;
#489 = VERTEX_POINT ( 'NONE', #5162 ) ;
#490 = DIRECTION ( 'NONE',  ( 0.000000000000000000, 0.7071067811865401342, -0.7071067811865549002 ) ) ;
#491 = ADVANCED_FACE ( 'NONE', ( #5635 ), #6205, .F. ) ;
#492 = DIRECTION ( 'NONE',  ( 0.000000000000000000, 0.000000000000000000, -1.000000000000000000 ) ) ;
#493 = VECTOR ( 'NONE', #5288, 1000.000000000000000 ) ;
#494 = DIRECTION ( 'NONE',  ( 1.000000000000000000, 1.169476500658520487E-16, 0.000000000000000000 ) ) ;
#495 = ORIENTED_EDGE ( 'NONE', *, *, #1914, .T. ) ;
#496 = EDGE_CURVE ( 'NONE', #2473, #5358, #3269, .T. ) ;
#497 = CARTESIAN_POINT ( 'NONE',  ( -2.410432088437105769, -3.000000000000000444, 1.241455793548192243 ) ) ;
#498 = ORIENTED_EDGE ( 'NONE', *, *, #3758, .F. ) ;
#499 = DIRECTION ( 'NONE',  ( -0.4999999999999997780, 0.8660254037844387076, 0.000000000000000000 ) ) ;
#500 = ADVANCED_FACE ( 'NONE', ( #1998 ), #3026, .F. ) ;
#501 = AXIS2_PLACEMENT_3D ( 'NONE', #4864, #3364, #2819 ) ;
#502 = AXIS2_PLACEMENT_3D ( 'NONE', #2469, #1418, #5629 ) ;
#503 = CARTESIAN_POINT ( 'NONE',  ( 7.309401076758502924, -1.399999999999999911, -4.000000000000000000 ) ) ;
#504 = FACE_OUTER_BOUND ( 'NONE', #4165, .T. ) ;
#505 = CARTESIAN_POINT ( 'NONE',  ( 70.02999999995098790, 1.000000000000000222, -0.8249999999993092858 ) ) ;
#506 = EDGE_CURVE ( 'NONE', #2619, #808, #2033, .T. ) ;
#507 = ORIENTED_EDGE ( 'NONE', *, *, #6036, .T. ) ;
#508 = EDGE_CURVE ( 'NONE', #5168, #407, #1682, .T. ) ;
#509 = PLANE ( 'NONE',  #996 ) ;
#510 = EDGE_CURVE ( 'NONE', #681, #3204, #1723, .T. ) ;
#511 = ORIENTED_EDGE ( 'NONE', *, *, #4509, .F. ) ;
#512 = CARTESIAN_POINT ( 'NONE',  ( 71.99999999995098676, 0.9999999999999995559, 1.000000000000711209 ) ) ;
#513 = CARTESIAN_POINT ( 'NONE',  ( 62.49999999995100097, 0.7499999999999983347, -7.000000000000010658 ) ) ;
#514 = CIRCLE ( 'NONE', #1064, 1.100000000000006306 ) ;
#515 = CARTESIAN_POINT ( 'NONE',  ( 36.93816614415506194, 0.4849468416247003089, 0.000000000000000000 ) ) ;
#516 = DIRECTION ( 'NONE',  ( 0.7071067811865472397, -0.7071067811865479058, 0.000000000000000000 ) ) ;
#517 = AXIS2_PLACEMENT_3D ( 'NONE', #3295, #1159, #5442 ) ;
#518 = EDGE_CURVE ( 'NONE', #5481, #1206, #1214, .T. ) ;
#519 = EDGE_LOOP ( 'NONE', ( #6440, #1257, #5752, #5336 ) ) ;
#520 = AXIS2_PLACEMENT_3D ( 'NONE', #1018, #2582, #3633 ) ;
#521 = ORIENTED_EDGE ( 'NONE', *, *, #5600, .T. ) ;
#522 = EDGE_CURVE ( 'NONE', #203, #4742, #221, .T. ) ;
#523 = VECTOR ( 'NONE', #5460, 1000.000000000000000 ) ;
#524 = CARTESIAN_POINT ( 'NONE',  ( 39.99999999999999289, 0.000000000000000000, 4.999999999999999112 ) ) ;
#525 = ORIENTED_EDGE ( 'NONE', *, *, #6415, .T. ) ;
#526 = CARTESIAN_POINT ( 'NONE',  ( 3.845299461620751202, -3.000000000000000000, -6.000000000000000000 ) ) ;
#527 = ORIENTED_EDGE ( 'NONE', *, *, #1753, .F. ) ;
#528 = VERTEX_POINT ( 'NONE', #4243 ) ;
#529 = CARTESIAN_POINT ( 'NONE',  ( 65.84529946157175573, -1.399999999999999911, 3.000000000000009770 ) ) ;
#530 = DIRECTION ( 'NONE',  ( -0.8660254037844383745, 0.000000000000000000, -0.5000000000000004441 ) ) ;
#531 = ORIENTED_EDGE ( 'NONE', *, *, #3920, .T. ) ;
#532 = CARTESIAN_POINT ( 'NONE',  ( 68.15470053833026043, -1.399999999999999911, -3.000000000000009770 ) ) ;
#533 = CARTESIAN_POINT ( 'NONE',  ( 72.00000000000349587, 0.9999999999999995559, -5.000000000010831336 ) ) ;
#534 = ORIENTED_EDGE ( 'NONE', *, *, #640, .T. ) ;
#535 = CARTESIAN_POINT ( 'NONE',  ( 7.309401076758502924, -3.000000000000000000, 4.000000000000001776 ) ) ;
#536 = ORIENTED_EDGE ( 'NONE', *, *, #1834, .T. ) ;
#537 = FACE_OUTER_BOUND ( 'NONE', #1616, .T. ) ;
#538 = DIRECTION ( 'NONE',  ( 0.000000000000000000, 0.000000000000000000, 1.000000000000000000 ) ) ;
#539 = FACE_OUTER_BOUND ( 'NONE', #3221, .T. ) ;
#540 = LINE ( 'NONE', #1015, #2048 ) ;
#541 = CARTESIAN_POINT ( 'NONE',  ( -0.4280904158207449184, 1.000000000000000000, -16.29408366463611202 ) ) ;
#542 = ORIENTED_EDGE ( 'NONE', *, *, #5176, .T. ) ;
#543 = CARTESIAN_POINT ( 'NONE',  ( 6.154700538379253238, -1.399999999999999911, 2.000000000000000888 ) ) ;
#544 = ORIENTED_EDGE ( 'NONE', *, *, #4052, .F. ) ;
#545 = VECTOR ( 'NONE', #4375, 1000.000000000000000 ) ;
#546 = ORIENTED_EDGE ( 'NONE', *, *, #4461, .F. ) ;
#547 = DIRECTION ( 'NONE',  ( -0.000000000000000000, -0.000000000000000000, 1.000000000000000000 ) ) ;
#548 = CARTESIAN_POINT ( 'NONE',  ( 39.99999999999999289, 0.000000000000000000, -4.000000000000010658 ) ) ;
#549 = LINE ( 'NONE', #4123, #2258 ) ;
#550 = DIRECTION ( 'NONE',  ( -0.8660254037844391517, 0.000000000000000000, -0.4999999999999990563 ) ) ;
#551 = VECTOR ( 'NONE', #5224, 1000.000000000000000 ) ;
#552 = VERTEX_POINT ( 'NONE', #6297 ) ;
#553 = DIRECTION ( 'NONE',  ( 1.000000000000000000, -1.877893248421447556E-16, 0.000000000000000000 ) ) ;
#554 = EDGE_CURVE ( 'NONE', #3186, #6664, #704, .T. ) ;
#555 = ADVANCED_FACE ( 'NONE', ( #2713 ), #2740, .F. ) ;
#556 = AXIS2_PLACEMENT_3D ( 'NONE', #1115, #6368, #3283 ) ;
#557 = PLANE ( 'NONE',  #3600 ) ;
#558 = ORIENTED_EDGE ( 'NONE', *, *, #506, .F. ) ;
#559 = CARTESIAN_POINT ( 'NONE',  ( 2.921165066847101421, -3.000000000000000888, -0.1839124076346237702 ) ) ;
#560 = ORIENTED_EDGE ( 'NONE', *, *, #854, .T. ) ;
#561 = ADVANCED_FACE ( 'NONE', ( #3727 ), #3226, .F. ) ;
#562 = ORIENTED_EDGE ( 'NONE', *, *, #10, .F. ) ;
#563 = CARTESIAN_POINT ( 'NONE',  ( 44.94974746830583712, 4.949747468305822906, -1.307530621479057853 ) ) ;
#564 = DIRECTION ( 'NONE',  ( -0.5000000000000003331, 0.000000000000000000, -0.8660254037844383745 ) ) ;
#565 = ADVANCED_FACE ( 'NONE', ( #5896 ), #5300, .F. ) ;
#566 = PLANE ( 'NONE',  #3438 ) ;
#567 = DIRECTION ( 'NONE',  ( -1.169476500658520487E-16, 1.000000000000000000, -0.000000000000000000 ) ) ;
#568 = VERTEX_POINT ( 'NONE', #4787 ) ;
#569 = DIRECTION ( 'NONE',  ( 0.4999999999999998890, 0.000000000000000000, 0.8660254037844387076 ) ) ;
#570 = LINE ( 'NONE', #2163, #1851 ) ;
#571 = VERTEX_POINT ( 'NONE', #4818 ) ;
#572 = CARTESIAN_POINT ( 'NONE',  ( 73.25000000000001421, -3.000000000000000000, 0.2500000000000002220 ) ) ;
#573 = DIRECTION ( 'NONE',  ( 0.000000000000000000, 0.6427876096865963174, 0.7660444431189300518 ) ) ;
#574 = PLANE ( 'NONE',  #68 ) ;
#575 = DIRECTION ( 'NONE',  ( -0.000000000000000000, 1.000000000000000000, -0.000000000000000000 ) ) ;
#576 = DIRECTION ( 'NONE',  ( -0.000000000000000000, -1.000000000000000000, -0.000000000000000000 ) ) ;
#577 = ORIENTED_EDGE ( 'NONE', *, *, #3092, .F. ) ;
#578 = CARTESIAN_POINT ( 'NONE',  ( 70.19974746828131629, -3.000000000000000000, 4.999999999999985789 ) ) ;
#579 = ORIENTED_EDGE ( 'NONE', *, *, #6702, .F. ) ;
#580 = EDGE_CURVE ( 'NONE', #4742, #1030, #5396, .T. ) ;
#581 = LINE ( 'NONE', #1056, #6236 ) ;
#582 = ORIENTED_EDGE ( 'NONE', *, *, #3703, .T. ) ;
#583 = DIRECTION ( 'NONE',  ( 0.000000000000000000, 0.000000000000000000, 1.000000000000000000 ) ) ;
#584 = LINE ( 'NONE', #3202, #3755 ) ;
#585 = CARTESIAN_POINT ( 'NONE',  ( 69.02042121731204816, -2.967419855635636150, 5.500527798840489702 ) ) ;
#586 = FACE_OUTER_BOUND ( 'NONE', #1878, .T. ) ;
#587 = ADVANCED_FACE ( 'NONE', ( #1249 ), #3838, .F. ) ;
#588 = VECTOR ( 'NONE', #2268, 1000.000000000000000 ) ;
#589 = CARTESIAN_POINT ( 'NONE',  ( 64.69059892319249627, -1.399999999999999911, 4.999999999999998224 ) ) ;
#590 = EDGE_LOOP ( 'NONE', ( #3733, #2747, #5630, #2875 ) ) ;
#591 = DIRECTION ( 'NONE',  ( 0.000000000000000000, 0.000000000000000000, 1.000000000000000000 ) ) ;
#592 = ADVANCED_FACE ( 'NONE', ( #672 ), #3802, .T. ) ;
#593 = FACE_OUTER_BOUND ( 'NONE', #6646, .T. ) ;
#594 = VERTEX_POINT ( 'NONE', #5329 ) ;
#595 = EDGE_LOOP ( 'NONE', ( #6422, #3304, #1688, #3115 ) ) ;
#596 = AXIS2_PLACEMENT_3D ( 'NONE', #6321, #4740, #3747 ) ;
#597 = LINE ( 'NONE', #2156, #5915 ) ;
#598 = LINE ( 'NONE', #1139, #75 ) ;
#599 = EDGE_LOOP ( 'NONE', ( #2707, #4976, #5818, #4652 ) ) ;
#600 = CARTESIAN_POINT ( 'NONE',  ( 53.42775370689504655, 2.599999999999997424, 1.666666666666721586 ) ) ;
#601 = EDGE_LOOP ( 'NONE', ( #1781, #193, #2700, #1433 ) ) ;
#602 = LINE ( 'NONE', #4748, #709 ) ;
#603 = LINE ( 'NONE', #6267, #4022 ) ;
#604 = ORIENTED_EDGE ( 'NONE', *, *, #3969, .F. ) ;
#605 = VECTOR ( 'NONE', #1294, 1000.000000000000000 ) ;
#606 = DIRECTION ( 'NONE',  ( -0.000000000000000000, -0.000000000000000000, 1.000000000000000000 ) ) ;
#607 = CARTESIAN_POINT ( 'NONE',  ( 69.13908729650148643, 0.7499999999999993339, -5.689339828220186135 ) ) ;
#608 = VECTOR ( 'NONE', #4874, 1000.000000000000000 ) ;
#609 = CARTESIAN_POINT ( 'NONE',  ( 41.99999999999999289, 2.449293598294711345E-16, 4.999999999999999112 ) ) ;
#610 = EDGE_CURVE ( 'NONE', #2559, #3057, #148, .T. ) ;
#611 = DIRECTION ( 'NONE',  ( 0.4999999999999973910, 0.000000000000000000, 0.8660254037844400399 ) ) ;
#612 = ORIENTED_EDGE ( 'NONE', *, *, #4585, .F. ) ;
#613 = FACE_OUTER_BOUND ( 'NONE', #6596, .T. ) ;
#614 = ORIENTED_EDGE ( 'NONE', *, *, #4346, .F. ) ;
#615 = CIRCLE ( 'NONE', #2882, 1.099999999999996758 ) ;
#616 = DIRECTION ( 'NONE',  ( -0.5000000000000019984, 0.000000000000000000, -0.8660254037844375974 ) ) ;
#617 = DIRECTION ( 'NONE',  ( -1.169476500658520487E-16, 1.000000000000000000, -0.000000000000000000 ) ) ;
#618 = EDGE_CURVE ( 'NONE', #6260, #1440, #2078, .T. ) ;
#619 = VECTOR ( 'NONE', #5998, 1000.000000000000000 ) ;
#620 = AXIS2_PLACEMENT_3D ( 'NONE', #4507, #6532, #6570 ) ;
#621 = LINE ( 'NONE', #5210, #6330 ) ;
#622 = AXIS2_PLACEMENT_3D ( 'NONE', #3244, #697, #5820 ) ;
#623 = CARTESIAN_POINT ( 'NONE',  ( 72.76999999995101120, 1.000000000000000444, -1.974999999999276890 ) ) ;
#624 = AXIS2_PLACEMENT_3D ( 'NONE', #4356, #1226, #5804 ) ;
#625 = PLANE ( 'NONE',  #2513 ) ;
#626 = EDGE_LOOP ( 'NONE', ( #4894, #5800, #82, #3320 ) ) ;
#627 = CARTESIAN_POINT ( 'NONE',  ( 64.69059892319249627, -1.399999999999999911, -5.000000000000009770 ) ) ;
#628 = CONICAL_SURFACE ( 'NONE', #2144, 2.000000000000003553, 0.7853981633974522758 ) ;
#629 = ORIENTED_EDGE ( 'NONE', *, *, #972, .T. ) ;
#630 = VECTOR ( 'NONE', #74, 1000.000000000000000 ) ;
#631 = PLANE ( 'NONE',  #2341 ) ;
#632 = CARTESIAN_POINT ( 'NONE',  ( 66.99999999997550049, -3.000000000000000888, -4.999999999999999112 ) ) ;
#633 = ORIENTED_EDGE ( 'NONE', *, *, #5555, .F. ) ;
#634 = DIRECTION ( 'NONE',  ( 0.2810846377148319419, 0.6785983445458450003, -0.6785983445458443342 ) ) ;
#635 = ORIENTED_EDGE ( 'NONE', *, *, #3750, .F. ) ;
#636 = TOROIDAL_SURFACE ( 'NONE', #3568, 39.99999999999999289, 3.500000000000000000 ) ;
#637 = DIRECTION ( 'NONE',  ( 0.000000000000000000, 0.000000000000000000, 1.000000000000000000 ) ) ;
#638 = VERTEX_POINT ( 'NONE', #2769 ) ;
#639 = DIRECTION ( 'NONE',  ( -0.000000000000000000, 1.000000000000000000, -0.000000000000000000 ) ) ;
#640 = EDGE_CURVE ( 'NONE', #2534, #968, #2677, .T. ) ;
#641 = DIRECTION ( 'NONE',  ( 0.5000000000000049960, 0.5000000000000032196, -0.7071067811865416886 ) ) ;
#642 = ADVANCED_FACE ( 'NONE', ( #2805 ), #4309, .F. ) ;
#643 = CARTESIAN_POINT ( 'NONE',  ( 71.99999999995094413, 0.9999999999999995559, 4.000000000000711431 ) ) ;
#644 = LINE ( 'NONE', #4313, #926 ) ;
#645 = VERTEX_POINT ( 'NONE', #4885 ) ;
#646 = LINE ( 'NONE', #4316, #3293 ) ;
#647 = ORIENTED_EDGE ( 'NONE', *, *, #6192, .T. ) ;
#648 = CARTESIAN_POINT ( 'NONE',  ( 37.23743686706493605, -3.000000000000000000, -37.23743686706414024 ) ) ;
#649 = EDGE_CURVE ( 'NONE', #319, #2369, #3695, .T. ) ;
#650 = VERTEX_POINT ( 'NONE', #1414 ) ;
#651 = FACE_BOUND ( 'NONE', #2528, .T. ) ;
#652 = DIRECTION ( 'NONE',  ( -0.5000000000000003331, 0.000000000000000000, -0.8660254037844383745 ) ) ;
#653 = ADVANCED_FACE ( 'NONE', ( #6563 ), #3821, .F. ) ;
#654 = FACE_OUTER_BOUND ( 'NONE', #153, .T. ) ;
#655 = DIRECTION ( 'NONE',  ( 0.000000000000000000, -0.000000000000000000, 1.000000000000000000 ) ) ;
#656 = DIRECTION ( 'NONE',  ( 4.336808689942017736E-15, -1.000000000000000000, -9.997559927259321876E-32 ) ) ;
#657 = FACE_OUTER_BOUND ( 'NONE', #3751, .T. ) ;
#658 = DIRECTION ( 'NONE',  ( 0.4999999999999992228, 0.000000000000000000, 0.8660254037844390407 ) ) ;
#659 = AXIS2_PLACEMENT_3D ( 'NONE', #5324, #2227, #670 ) ;
#660 = VERTEX_POINT ( 'NONE', #1860 ) ;
#661 = CARTESIAN_POINT ( 'NONE',  ( 0.4807651374375785935, -3.000000000000000444, -2.781922629492788346 ) ) ;
#662 = CARTESIAN_POINT ( 'NONE',  ( 16.49999999999999645, 0.000000000000000000, 1.248999599679684769 ) ) ;
#663 = ORIENTED_EDGE ( 'NONE', *, *, #5548, .F. ) ;
#664 = ORIENTED_EDGE ( 'NONE', *, *, #5993, .T. ) ;
#665 = CARTESIAN_POINT ( 'NONE',  ( 35.99999999997415756, -28.99999999997565681, 6.999999999999999112 ) ) ;
#666 = LINE ( 'NONE', #1715, #943 ) ;
#667 = VERTEX_POINT ( 'NONE', #3904 ) ;
#668 = DIRECTION ( 'NONE',  ( -1.630079379862731514E-17, 0.7071067811865439090, -0.7071067811865512365 ) ) ;
#669 = VERTEX_POINT ( 'NONE', #4442 ) ;
#670 = DIRECTION ( 'NONE',  ( 1.000000000000000000, 0.000000000000000000, 0.000000000000000000 ) ) ;
#671 = DIRECTION ( 'NONE',  ( 0.1564344650402258174, 0.9876883405951384365, -0.000000000000000000 ) ) ;
#672 = FACE_OUTER_BOUND ( 'NONE', #4149, .T. ) ;
#673 = DIRECTION ( 'NONE',  ( -1.000000000000000000, 0.000000000000000000, 1.203873754668172080E-11 ) ) ;
#674 = CARTESIAN_POINT ( 'NONE',  ( 32.56497115745560933, 2.464466094067271573, -5.999999999999996447 ) ) ;
#675 = DIRECTION ( 'NONE',  ( 1.169476500658520487E-16, -1.000000000000000000, 0.000000000000000000 ) ) ;
#676 = ORIENTED_EDGE ( 'NONE', *, *, #3459, .F. ) ;
#677 = DIRECTION ( 'NONE',  ( -0.000000000000000000, -1.000000000000000000, -0.000000000000000000 ) ) ;
#678 = AXIS2_PLACEMENT_3D ( 'NONE', #1129, #2151, #6692 ) ;
#679 = EDGE_CURVE ( 'NONE', #766, #2971, #3350, .T. ) ;
#680 = FACE_OUTER_BOUND ( 'NONE', #6089, .T. ) ;
#681 = VERTEX_POINT ( 'NONE', #3999 ) ;
#682 = ORIENTED_EDGE ( 'NONE', *, *, #1701, .T. ) ;
#683 = ORIENTED_EDGE ( 'NONE', *, *, #1120, .F. ) ;
#684 = FACE_OUTER_BOUND ( 'NONE', #5049, .T. ) ;
#685 = LINE ( 'NONE', #2749, #1586 ) ;
#686 = VERTEX_POINT ( 'NONE', #3872 ) ;
#687 = EDGE_CURVE ( 'NONE', #789, #1256, #2293, .T. ) ;
#688 = CARTESIAN_POINT ( 'NONE',  ( 45.60265469696417284, 4.296840239647490733, -1.035071657468305206 ) ) ;
#689 = CARTESIAN_POINT ( 'NONE',  ( 34.69669914110088627, 5.303300858899101300, 0.000000000000000000 ) ) ;
#690 = ORIENTED_EDGE ( 'NONE', *, *, #5011, .T. ) ;
#691 = CARTESIAN_POINT ( 'NONE',  ( 2.690598923241498408, -1.399999999999999911, -4.000000000000000000 ) ) ;
#692 = EDGE_CURVE ( 'NONE', #3575, #1812, #3936, .T. ) ;
#693 = ORIENTED_EDGE ( 'NONE', *, *, #157, .T. ) ;
#694 = DIRECTION ( 'NONE',  ( 0.4999999999999992228, 0.000000000000000000, 0.8660254037844390407 ) ) ;
#695 = AXIS2_PLACEMENT_3D ( 'NONE', #4822, #5306, #3808 ) ;
#696 = CARTESIAN_POINT ( 'NONE',  ( 41.15470053837923814, 1.999999999999994449, -4.000000000000010658 ) ) ;
#697 = DIRECTION ( 'NONE',  ( 0.000000000000000000, -1.000000000000000000, 0.000000000000000000 ) ) ;
#698 = EDGE_CURVE ( 'NONE', #2338, #5424, #989, .T. ) ;
#699 = ORIENTED_EDGE ( 'NONE', *, *, #4125, .F. ) ;
#700 = DIRECTION ( 'NONE',  ( 1.000000000000000000, 1.776356839400250859E-15, 0.000000000000000000 ) ) ;
#701 = ORIENTED_EDGE ( 'NONE', *, *, #2214, .T. ) ;
#702 = DIRECTION ( 'NONE',  ( -0.000000000000000000, -0.000000000000000000, -1.000000000000000000 ) ) ;
#703 = VECTOR ( 'NONE', #1300, 1000.000000000000000 ) ;
#704 = LINE ( 'NONE', #186, #1409 ) ;
#705 = CARTESIAN_POINT ( 'NONE',  ( 39.99999999999999289, 0.000000000000000000, 7.000011999999999013 ) ) ;
#706 = DIRECTION ( 'NONE',  ( 0.000000000000000000, 0.000000000000000000, 1.000000000000000000 ) ) ;
#707 = PLANE ( 'NONE',  #5268 ) ;
#708 =( BOUNDED_CURVE ( )  B_SPLINE_CURVE ( 3, ( #1646, #5788, #4270, #1676 ),
 .UNSPECIFIED., .F., .F. ) 
 B_SPLINE_CURVE_WITH_KNOTS ( ( 4, 4 ),
 ( 1.570796326794896558, 3.141592653589793116 ),
 .UNSPECIFIED. ) 
 CURVE ( )  GEOMETRIC_REPRESENTATION_ITEM ( )  RATIONAL_B_SPLINE_CURVE ( ( 1.000000000000000000, 0.8047378541243649375, 0.8047378541243649375, 1.000000000000000000 ) ) 
 REPRESENTATION_ITEM ( '' )  );
#709 = VECTOR ( 'NONE', #89, 1000.000000000000000 ) ;
#710 = CARTESIAN_POINT ( 'NONE',  ( 65.84529946157175573, -1.399999999999999911, 3.000000000000009770 ) ) ;
#711 = VERTEX_POINT ( 'NONE', #2399 ) ;
#712 = CARTESIAN_POINT ( 'NONE',  ( 74.48743686708525047, 1.000000000000000000, -1.487436867062609691 ) ) ;
#713 = ORIENTED_EDGE ( 'NONE', *, *, #5083, .F. ) ;
#714 = ORIENTED_EDGE ( 'NONE', *, *, #3626, .F. ) ;
#715 = DIRECTION ( 'NONE',  ( -1.000000000000000000, -2.168404344974888831E-16, 0.000000000000000000 ) ) ;
#716 = EDGE_LOOP ( 'NONE', ( #4496, #4249, #347, #3757 ) ) ;
#717 = AXIS2_PLACEMENT_3D ( 'NONE', #512, #3701, #5236 ) ;
#718 = PLANE ( 'NONE',  #1710 ) ;
#719 = CARTESIAN_POINT ( 'NONE',  ( -4.065758146820641628E-17, -3.000000000000000000, 2.100000000000000089 ) ) ;
#720 = EDGE_CURVE ( 'NONE', #1442, #3408, #5020, .T. ) ;
#721 = CONICAL_SURFACE ( 'NONE', #2553, 0.5249999999999976907, 0.8726646259970902708 ) ;
#722 = VECTOR ( 'NONE', #5726, 1000.000000000000000 ) ;
#723 = EDGE_CURVE ( 'NONE', #6165, #3089, #6626, .T. ) ;
#724 = ORIENTED_EDGE ( 'NONE', *, *, #2821, .F. ) ;
#725 = VECTOR ( 'NONE', #3062, 1000.000000000000000 ) ;
#726 = DIRECTION ( 'NONE',  ( 0.000000000000000000, -1.000000000000000000, 0.000000000000000000 ) ) ;
#727 = ORIENTED_EDGE ( 'NONE', *, *, #4702, .F. ) ;
#728 = EDGE_CURVE ( 'NONE', #5141, #117, #4584, .T. ) ;
#729 = ORIENTED_EDGE ( 'NONE', *, *, #2599, .F. ) ;
#730 = DIRECTION ( 'NONE',  ( -0.7071067811865622277, -0.7071067811865328068, 8.150396899313785451E-18 ) ) ;
#731 = MECHANICAL_DESIGN_GEOMETRIC_PRESENTATION_REPRESENTATION (  '', ( #2249 ), #2682 ) ;
#732 = EDGE_LOOP ( 'NONE', ( #3561, #3357, #273, #1569, #1898 ) ) ;
#733 = AXIS2_PLACEMENT_3D ( 'NONE', #6047, #4931, #4417 ) ;
#734 = EDGE_CURVE ( 'NONE', #2369, #6541, #1346, .T. ) ;
#735 = DIRECTION ( 'NONE',  ( 1.000000000000000000, -7.607762192503441988E-17, -2.305280366746587194E-17 ) ) ;
#736 = ORIENTED_EDGE ( 'NONE', *, *, #4383, .T. ) ;
#737 = DIRECTION ( 'NONE',  ( -1.169476500658520487E-16, 1.000000000000000000, -0.000000000000000000 ) ) ;
#738 = AXIS2_PLACEMENT_3D ( 'NONE', #648, #1258, #2917 ) ;
#739 = DIRECTION ( 'NONE',  ( -0.3779644730092306948, -0.6546536707079728679, -0.6546536707079795292 ) ) ;
#740 = DIRECTION ( 'NONE',  ( -0.000000000000000000, 1.000000000000000000, -0.000000000000000000 ) ) ;
#741 = FACE_OUTER_BOUND ( 'NONE', #4484, .T. ) ;
#742 = DIRECTION ( 'NONE',  ( -2.305280366746587194E-17, 0.000000000000000000, -1.000000000000000000 ) ) ;
#743 = AXIS2_PLACEMENT_3D ( 'NONE', #1956, #3047, #4099 ) ;
#744 = CARTESIAN_POINT ( 'NONE',  ( 68.96231060120484813, 0.9999999999999993339, 5.512563132923552267 ) ) ;
#745 = EDGE_LOOP ( 'NONE', ( #1134, #2154, #4105, #1931 ) ) ;
#746 = DIRECTION ( 'NONE',  ( 0.7071067811865403563, 0.000000000000000000, -0.7071067811865546782 ) ) ;
#747 = EDGE_LOOP ( 'NONE', ( #2201, #2697, #455, #992, #5183, #1857 ) ) ;
#748 = ORIENTED_EDGE ( 'NONE', *, *, #5413, .F. ) ;
#749 = DIRECTION ( 'NONE',  ( -0.5000000000000036637, -0.7071067811865496822, -0.4999999999999935052 ) ) ;
#750 = CONICAL_SURFACE ( 'NONE', #2482, 0.5249999999999976907, 0.8726646259970902708 ) ;
#751 = ORIENTED_EDGE ( 'NONE', *, *, #6299, .T. ) ;
#752 = FACE_OUTER_BOUND ( 'NONE', #1747, .T. ) ;
#753 = CARTESIAN_POINT ( 'NONE',  ( 18.84529946162074410, -3.000000000000000000, -1.999999999999998224 ) ) ;
#754 = VERTEX_POINT ( 'NONE', #5053 ) ;
#755 = CARTESIAN_POINT ( 'NONE',  ( 7.309401076758502924, -1.399999999999999911, -4.000000000000000000 ) ) ;
#756 = LINE ( 'NONE', #2728, #5933 ) ;
#757 = DIRECTION ( 'NONE',  ( -0.5000000000000024425, 0.000000000000000000, 0.8660254037844372643 ) ) ;
#758 = VERTEX_POINT ( 'NONE', #251 ) ;
#759 = EDGE_CURVE ( 'NONE', #5618, #552, #2979, .T. ) ;
#760 = CARTESIAN_POINT ( 'NONE',  ( -4.065758146820641628E-17, -1.999999999999992228, -7.000000000000006217 ) ) ;
#761 = VECTOR ( 'NONE', #2903, 1000.000000000000227 ) ;
#762 = VERTEX_POINT ( 'NONE', #6467 ) ;
#763 = FACE_OUTER_BOUND ( 'NONE', #3425, .T. ) ;
#764 = CARTESIAN_POINT ( 'NONE',  ( 18.84529946162074410, -1.399999999999999911, -1.999999999999998224 ) ) ;
#765 = CARTESIAN_POINT ( 'NONE',  ( 71.99999999999745626, -3.000000000000000000, 4.999999999989148236 ) ) ;
#766 = VERTEX_POINT ( 'NONE', #835 ) ;
#767 = VECTOR ( 'NONE', #1865, 1000.000000000000000 ) ;
#768 = EDGE_CURVE ( 'NONE', #528, #686, #4539, .T. ) ;
#769 = CARTESIAN_POINT ( 'NONE',  ( 75.25000000000001421, 2.349999999999995204, -7.000000000000007994 ) ) ;
#770 = VECTOR ( 'NONE', #6320, 1000.000000000000000 ) ;
#771 = CARTESIAN_POINT ( 'NONE',  ( 73.97999999995100495, 0.9999999999999997780, -0.8299999999992657695 ) ) ;
#772 = DIRECTION ( 'NONE',  ( -1.000000000000000000, 0.000000000000000000, 0.000000000000000000 ) ) ;
#773 = CARTESIAN_POINT ( 'NONE',  ( 41.09999999999998721, 0.000000000000000000, 4.999999999999999112 ) ) ;
#774 = CARTESIAN_POINT ( 'NONE',  ( 7.309401076758502924, -1.399999999999999911, 4.000000000000001776 ) ) ;
#775 = PLANE ( 'NONE',  #3421 ) ;
#776 = ORIENTED_EDGE ( 'NONE', *, *, #1490, .T. ) ;
#777 = LINE ( 'NONE', #2842, #3260 ) ;
#778 = VERTEX_POINT ( 'NONE', #1826 ) ;
#779 = VECTOR ( 'NONE', #6062, 1000.000000000000114 ) ;
#780 = VERTEX_POINT ( 'NONE', #2465 ) ;
#781 = FACE_BOUND ( 'NONE', #3548, .T. ) ;
#782 = ORIENTED_EDGE ( 'NONE', *, *, #3933, .F. ) ;
#783 = DIRECTION ( 'NONE',  ( 1.000000000000000000, 0.000000000000000000, 0.000000000000000000 ) ) ;
#784 = CARTESIAN_POINT ( 'NONE',  ( 32.44679361672709916, 2.346288553338764515, 1.519868415357061853 ) ) ;
#785 = CIRCLE ( 'NONE', #2083, 0.5000000000000004441 ) ;
#786 = ADVANCED_FACE ( 'NONE', ( #2837 ), #6529, .F. ) ;
#787 = CARTESIAN_POINT ( 'NONE',  ( 2.690598923241498852, -3.000000000000000000, 3.999999999999998224 ) ) ;
#788 = CARTESIAN_POINT ( 'NONE',  ( 71.24999999995101518, -3.000000000000000888, -1.949999999999297629 ) ) ;
#789 = VERTEX_POINT ( 'NONE', #4989 ) ;
#790 = ADVANCED_FACE ( 'NONE', ( #323 ), #2431, .F. ) ;
#791 = FACE_OUTER_BOUND ( 'NONE', #5367, .T. ) ;
#792 = LINE ( 'NONE', #3895, #3522 ) ;
#793 = ORIENTED_EDGE ( 'NONE', *, *, #137, .F. ) ;
#794 = ORIENTED_EDGE ( 'NONE', *, *, #2284, .F. ) ;
#795 = EDGE_CURVE ( 'NONE', #1442, #6393, #5429, .T. ) ;
#796 = DIRECTION ( 'NONE',  ( -0.5000000000000004441, 0.000000000000000000, 0.8660254037844383745 ) ) ;
#797 = DIRECTION ( 'NONE',  ( 0.000000000000000000, 0.000000000000000000, -1.000000000000000000 ) ) ;
#798 = EDGE_CURVE ( 'NONE', #3877, #2695, #6495, .T. ) ;
#799 = CARTESIAN_POINT ( 'NONE',  ( 72.00000000000046896, 0.7499999999999993339, 5.249999999978326670 ) ) ;
#800 = EDGE_LOOP ( 'NONE', ( #6637, #1351 ) ) ;
#801 = CARTESIAN_POINT ( 'NONE',  ( 45.30793193882909264, -3.000000000000000000, 0.000000000000000000 ) ) ;
#802 = LINE ( 'NONE', #3349, #523 ) ;
#803 = CARTESIAN_POINT ( 'NONE',  ( 66.99999999997550049, -1.399999999999999911, 4.999999999999999112 ) ) ;
#804 = EDGE_CURVE ( 'NONE', #243, #5609, #6699, .T. ) ;
#805 = LINE ( 'NONE', #253, #5928 ) ;
#806 = EDGE_CURVE ( 'NONE', #5358, #2473, #4196, .T. ) ;
#807 = FACE_OUTER_BOUND ( 'NONE', #1391, .T. ) ;
#808 = VERTEX_POINT ( 'NONE', #3515 ) ;
#809 = DIRECTION ( 'NONE',  ( 0.000000000000000000, 0.000000000000000000, -1.000000000000000000 ) ) ;
#810 = VERTEX_POINT ( 'NONE', #563 ) ;
#811 = AXIS2_PLACEMENT_3D ( 'NONE', #4897, #6412, #715 ) ;
#812 = ORIENTED_EDGE ( 'NONE', *, *, #2313, .T. ) ;
#813 = CARTESIAN_POINT ( 'NONE',  ( 70.19974746828131629, 0.7499999999999993339, -6.750000000000000888 ) ) ;
#814 = CARTESIAN_POINT ( 'NONE',  ( 29.02943725153170718, 1.000000000000000000, 1.599226279114457583 ) ) ;
#815 = CARTESIAN_POINT ( 'NONE',  ( 6.902652314433699667E-16, 0.7499999999999911182, 6.999999999999999112 ) ) ;
#816 = EDGE_CURVE ( 'NONE', #5535, #2, #933, .T. ) ;
#817 = AXIS2_PLACEMENT_3D ( 'NONE', #5161, #6174, #499 ) ;
#818 = CARTESIAN_POINT ( 'NONE',  ( 19.99999999999999645, 1.000000000000000000, -5.099999999999999645 ) ) ;
#819 = FACE_OUTER_BOUND ( 'NONE', #1613, .T. ) ;
#820 = VECTOR ( 'NONE', #2106, 1000.000000000000114 ) ;
#821 = DIRECTION ( 'NONE',  ( -0.000000000000000000, 1.000000000000000000, -0.000000000000000000 ) ) ;
#822 = EDGE_LOOP ( 'NONE', ( #3043, #682, #6187, #5109 ) ) ;
#823 = CONICAL_SURFACE ( 'NONE', #6343, 0.9999999999891484581, 0.7853981633974509435 ) ;
#824 = EDGE_LOOP ( 'NONE', ( #4225, #1946, #922, #6139 ) ) ;
#825 = FACE_OUTER_BOUND ( 'NONE', #6125, .T. ) ;
#826 = CIRCLE ( 'NONE', #1269, 0.5000000000000004441 ) ;
#827 = ORIENTED_EDGE ( 'NONE', *, *, #6308, .T. ) ;
#828 = DIRECTION ( 'NONE',  ( -1.000000000000000000, 0.000000000000000000, -0.000000000000000000 ) ) ;
#829 = AXIS2_PLACEMENT_3D ( 'NONE', #2638, #5656, #492 ) ;
#830 = CARTESIAN_POINT ( 'NONE',  ( 19.99999999999999645, 1.000000000000000000, -4.000000000000000000 ) ) ;
#831 = VERTEX_POINT ( 'NONE', #5626 ) ;
#832 = CARTESIAN_POINT ( 'NONE',  ( 37.69059892324148819, 3.042777124972457945E-15, -4.000000000000010658 ) ) ;
#833 = CARTESIAN_POINT ( 'NONE',  ( 31.85786437626903478, 2.464466094067266244, 0.000000000000000000 ) ) ;
#834 = VECTOR ( 'NONE', #1196, 1000.000000000000000 ) ;
#835 = CARTESIAN_POINT ( 'NONE',  ( 21.15470053837924524, -1.399999999999999911, 2.000000000000001776 ) ) ;
#836 = CARTESIAN_POINT ( 'NONE',  ( 0.3409195850680769024, -3.000000000000000444, 3.500015621513342445 ) ) ;
#837 = DIRECTION ( 'NONE',  ( -0.000000000000000000, 1.000000000000000000, -0.000000000000000000 ) ) ;
#838 = PLANE ( 'NONE',  #3314 ) ;
#839 = EDGE_LOOP ( 'NONE', ( #2055, #5390, #2357, #5992 ) ) ;
#840 = DIRECTION ( 'NONE',  ( -0.4999999999999997780, 0.000000000000000000, -0.8660254037844387076 ) ) ;
#841 = DIRECTION ( 'NONE',  ( 0.000000000000000000, 0.000000000000000000, 1.000000000000000000 ) ) ;
#842 = VERTEX_POINT ( 'NONE', #6093 ) ;
#843 = EDGE_LOOP ( 'NONE', ( #1980, #2321, #4595, #4847 ) ) ;
#844 = ADVANCED_FACE ( 'NONE', ( #1446 ), #3649, .F. ) ;
#845 = CARTESIAN_POINT ( 'NONE',  ( 41.09999999999998721, 0.000000000000000000, -7.000000000000007994 ) ) ;
#846 = DIRECTION ( 'NONE',  ( -0.000000000000000000, 1.000000000000000000, -0.000000000000000000 ) ) ;
#847 = AXIS2_PLACEMENT_3D ( 'NONE', #119, #2196, #5428 ) ;
#848 = LINE ( 'NONE', #6008, #3982 ) ;
#849 = ORIENTED_EDGE ( 'NONE', *, *, #6010, .T. ) ;
#850 = LINE ( 'NONE', #338, #2413 ) ;
#851 = EDGE_CURVE ( 'NONE', #3772, #4044, #4609, .T. ) ;
#852 = CIRCLE ( 'NONE', #1612, 1.750000000000001554 ) ;
#853 = DIRECTION ( 'NONE',  ( -0.000000000000000000, -0.000000000000000000, -1.000000000000000000 ) ) ;
#854 = EDGE_CURVE ( 'NONE', #5662, #6664, #2637, .T. ) ;
#855 = EDGE_LOOP ( 'NONE', ( #23, #2235, #5119, #5186 ) ) ;
#856 = EDGE_LOOP ( 'NONE', ( #6592, #2094, #3952, #3721 ) ) ;
#857 = DIRECTION ( 'NONE',  ( -0.000000000000000000, 1.000000000000000000, -0.000000000000000000 ) ) ;
#858 = CARTESIAN_POINT ( 'NONE',  ( -3.040433336209598547, -3.000000000000000444, -1.553208233572503483 ) ) ;
#859 = VERTEX_POINT ( 'NONE', #1004 ) ;
#860 = EDGE_CURVE ( 'NONE', #5434, #4060, #6662, .T. ) ;
#861 = VECTOR ( 'NONE', #739, 999.9999999999998863 ) ;
#862 = CARTESIAN_POINT ( 'NONE',  ( 73.24999999997548628, 0.7499999999999997780, -4.000000000000000000 ) ) ;
#863 = DIRECTION ( 'NONE',  ( 0.000000000000000000, 1.000000000000000000, 0.000000000000000000 ) ) ;
#864 = CARTESIAN_POINT ( 'NONE',  ( 45.83502884254438925, 4.064466094067268109, -5.999999999999992006 ) ) ;
#865 = DIRECTION ( 'NONE',  ( -9.251858538542989577E-15, 0.000000000000000000, 1.000000000000000000 ) ) ;
#866 = DIRECTION ( 'NONE',  ( -0.000000000000000000, 1.000000000000000000, -0.000000000000000000 ) ) ;
#867 = DIRECTION ( 'NONE',  ( 0.000000000000000000, 0.000000000000000000, 1.000000000000000000 ) ) ;
#868 = VECTOR ( 'NONE', #4248, 1000.000000000000000 ) ;
#869 = CARTESIAN_POINT ( 'NONE',  ( -3.396428424468300289, -3.000000000000000000, 2.233549212606563985E-22 ) ) ;
#870 = DIRECTION ( 'NONE',  ( -1.000000000000000000, 0.000000000000000000, 0.000000000000000000 ) ) ;
#871 = ORIENTED_EDGE ( 'NONE', *, *, #4491, .T. ) ;
#872 = DIRECTION ( 'NONE',  ( 0.000000000000000000, 0.000000000000000000, 1.000000000000000000 ) ) ;
#873 = VERTEX_POINT ( 'NONE', #4102 ) ;
#874 = CARTESIAN_POINT ( 'NONE',  ( 35.14071927664424777, -3.000000000000000000, 2.100000000000000089 ) ) ;
#875 = VECTOR ( 'NONE', #3923, 1000.000000000000000 ) ;
#876 = ORIENTED_EDGE ( 'NONE', *, *, #6214, .F. ) ;
#877 = DIRECTION ( 'NONE',  ( 0.000000000000000000, 1.000000000000000000, 0.000000000000000000 ) ) ;
#878 = DIRECTION ( 'NONE',  ( -0.000000000000000000, -1.000000000000000000, -0.000000000000000000 ) ) ;
#879 = EDGE_CURVE ( 'NONE', #1440, #6260, #5057, .T. ) ;
#880 = VECTOR ( 'NONE', #2428, 1000.000000000000114 ) ;
#881 = EDGE_LOOP ( 'NONE', ( #6556, #1145, #5246, #5889 ) ) ;
#882 = AXIS2_PLACEMENT_3D ( 'NONE', #4916, #247, #1242 ) ;
#883 = EDGE_CURVE ( 'NONE', #4824, #5041, #924, .T. ) ;
#884 = DIRECTION ( 'NONE',  ( -0.4999999999999993894, 0.8660254037844389297, 0.000000000000000000 ) ) ;
#885 = CARTESIAN_POINT ( 'NONE',  ( 37.69059892324148819, 3.042777124972457945E-15, -4.000000000000010658 ) ) ;
#886 = PLANE ( 'NONE',  #479 ) ;
#887 = CARTESIAN_POINT ( 'NONE',  ( 3.623496594642308111, -3.000000000000000000, -4.286263804398663620E-16 ) ) ;
#888 = VECTOR ( 'NONE', #6077, 1000.000000000000114 ) ;
#889 = ORIENTED_EDGE ( 'NONE', *, *, #5247, .T. ) ;
#890 = DIRECTION ( 'NONE',  ( 0.000000000000000000, 0.000000000000000000, 1.000000000000000000 ) ) ;
#891 = ADVANCED_FACE ( 'NONE', ( #6123 ), #823, .T. ) ;
#892 = DIRECTION ( 'NONE',  ( 0.5000000000000062172, -0.5000000000000041078, 0.7071067811865403563 ) ) ;
#893 = ORIENTED_EDGE ( 'NONE', *, *, #4829, .T. ) ;
#894 = AXIS2_PLACEMENT_3D ( 'NONE', #4624, #3500, #4148 ) ;
#895 = CARTESIAN_POINT ( 'NONE',  ( 17.69059892324149530, -1.399999999999999911, 3.999999999999998224 ) ) ;
#896 = VERTEX_POINT ( 'NONE', #6195 ) ;
#897 = EDGE_CURVE ( 'NONE', #568, #1799, #2601, .T. ) ;
#898 = CARTESIAN_POINT ( 'NONE',  ( 71.24999999995101518, 1.000000000000000222, -1.974999999999295097 ) ) ;
#899 = ORIENTED_EDGE ( 'NONE', *, *, #4000, .T. ) ;
#900 = DIRECTION ( 'NONE',  ( -0.000000000000000000, -1.000000000000000000, -0.000000000000000000 ) ) ;
#901 = CARTESIAN_POINT ( 'NONE',  ( 74.74999999997550049, 0.7499999999999997780, 3.699747468330339739 ) ) ;
#902 = EDGE_CURVE ( 'NONE', #4824, #681, #1035, .T. ) ;
#903 = DIRECTION ( 'NONE',  ( 0.000000000000000000, 0.000000000000000000, 1.000000000000000000 ) ) ;
#904 = DIRECTION ( 'NONE',  ( -0.000000000000000000, 1.000000000000000000, -0.000000000000000000 ) ) ;
#905 = CARTESIAN_POINT ( 'NONE',  ( -3.396428424468300289, -3.000000000000000000, 2.233549212606563985E-22 ) ) ;
#906 = PLANE ( 'NONE',  #4302 ) ;
#907 = EDGE_LOOP ( 'NONE', ( #3362, #4379, #2155, #4195, #4023, #6045, #5113, #3599 ) ) ;
#908 = CARTESIAN_POINT ( 'NONE',  ( 2.903142153761972377, -3.000000000000000000, 0.3658266435607808176 ) ) ;
#909 = VERTEX_POINT ( 'NONE', #5721 ) ;
#910 = EDGE_CURVE ( 'NONE', #859, #6537, #3012, .T. ) ;
#911 = PLANE ( 'NONE',  #3013 ) ;
#912 = CARTESIAN_POINT ( 'NONE',  ( 42.30940107675849049, -8.234863458395914491E-15, -4.000000000000010658 ) ) ;
#913 = EDGE_CURVE ( 'NONE', #6376, #5778, #3108, .T. ) ;
#914 = ORIENTED_EDGE ( 'NONE', *, *, #1197, .T. ) ;
#915 = DIRECTION ( 'NONE',  ( -1.169476500658520487E-16, 1.000000000000000000, -0.000000000000000000 ) ) ;
#916 = ORIENTED_EDGE ( 'NONE', *, *, #1002, .T. ) ;
#917 = DIRECTION ( 'NONE',  ( 1.000000000000000000, 0.000000000000000000, 3.755786496842889690E-16 ) ) ;
#918 = VECTOR ( 'NONE', #291, 1000.000000000000000 ) ;
#919 = ORIENTED_EDGE ( 'NONE', *, *, #5676, .F. ) ;
#920 = DIRECTION ( 'NONE',  ( -0.8660254037844387076, 0.000000000000000000, 0.4999999999999998335 ) ) ;
#921 = AXIS2_PLACEMENT_3D ( 'NONE', #4035, #1450, #3019 ) ;
#922 = ORIENTED_EDGE ( 'NONE', *, *, #4693, .F. ) ;
#923 = ORIENTED_EDGE ( 'NONE', *, *, #4325, .F. ) ;
#924 = CIRCLE ( 'NONE', #4296, 1.750000000000001554 ) ;
#925 = EDGE_CURVE ( 'NONE', #331, #1923, #5218, .T. ) ;
#926 = VECTOR ( 'NONE', #6372, 1000.000000000000227 ) ;
#927 = CARTESIAN_POINT ( 'NONE',  ( 73.97999999995100495, 1.000000000000000666, -0.8549999999992630162 ) ) ;
#928 = EDGE_LOOP ( 'NONE', ( #1042, #3233, #3332, #3941 ) ) ;
#929 = AXIS2_PLACEMENT_3D ( 'NONE', #3235, #6342, #6416 ) ;
#930 = FACE_BOUND ( 'NONE', #2358, .T. ) ;
#931 = EDGE_CURVE ( 'NONE', #3551, #859, #6631, .T. ) ;
#932 = DIRECTION ( 'NONE',  ( -0.4999999999999955591, -0.4999999999999949485, -0.7071067811865541231 ) ) ;
#933 = LINE ( 'NONE', #5682, #4093 ) ;
#934 = AXIS2_PLACEMENT_3D ( 'NONE', #5164, #5230, #981 ) ;
#935 = ADVANCED_FACE ( 'NONE', ( #969 ), #721, .F. ) ;
#936 = CIRCLE ( 'NONE', #5811, 43.50000000000000000 ) ;
#937 = CARTESIAN_POINT ( 'NONE',  ( -2.027205767870357001, -3.000000000000000000, 2.783568908247318507 ) ) ;
#938 = DIRECTION ( 'NONE',  ( 1.169476500658520487E-16, -1.000000000000000000, 0.000000000000000000 ) ) ;
#939 = DIRECTION ( 'NONE',  ( -1.000000000000000000, 0.000000000000000000, -0.000000000000000000 ) ) ;
#940 = VERTEX_POINT ( 'NONE', #112 ) ;
#941 = CARTESIAN_POINT ( 'NONE',  ( 73.51256313289904654, 0.9999999999999997780, 2.462310601253892006 ) ) ;
#942 = ORIENTED_EDGE ( 'NONE', *, *, #910, .F. ) ;
#943 = VECTOR ( 'NONE', #3276, 1000.000000000000114 ) ;
#944 = CARTESIAN_POINT ( 'NONE',  ( 44.43755324666317108, -3.000000000000000000, -2.100000000000000089 ) ) ;
#945 = ORIENTED_EDGE ( 'NONE', *, *, #1683, .F. ) ;
#946 = AXIS2_PLACEMENT_3D ( 'NONE', #39, #3673, #4596 ) ;
#947 = DIRECTION ( 'NONE',  ( 0.000000000000000000, 0.000000000000000000, 1.000000000000000000 ) ) ;
#948 = DIRECTION ( 'NONE',  ( -0.000000000000000000, 1.000000000000000000, -0.000000000000000000 ) ) ;
#949 = VECTOR ( 'NONE', #5858, 1000.000000000000000 ) ;
#950 = VERTEX_POINT ( 'NONE', #2189 ) ;
#951 = CARTESIAN_POINT ( 'NONE',  ( -1.789744034730013028E-16, -3.000000000000000000, -5.999999999999987566 ) ) ;
#952 = LINE ( 'NONE', #3031, #1360 ) ;
#953 = VERTEX_POINT ( 'NONE', #4197 ) ;
#954 = DIRECTION ( 'NONE',  ( 0.000000000000000000, 0.000000000000000000, 1.000000000000000000 ) ) ;
#955 = AXIS2_PLACEMENT_3D ( 'NONE', #991, #1561, #6183 ) ;
#956 = ORIENTED_EDGE ( 'NONE', *, *, #962, .F. ) ;
#957 = CARTESIAN_POINT ( 'NONE',  ( 73.62499999997572786, 8.625000000024348523, -7.000000000000007994 ) ) ;
#958 = VECTOR ( 'NONE', #6215, 1000.000000000000000 ) ;
#959 = ORIENTED_EDGE ( 'NONE', *, *, #3933, .T. ) ;
#960 = PRODUCT_CONTEXT ( 'NONE', #426, 'mechanical' ) ;
#961 = EDGE_LOOP ( 'NONE', ( #2743, #1310 ) ) ;
#962 = EDGE_CURVE ( 'NONE', #1428, #645, #5784, .T. ) ;
#963 = CYLINDRICAL_SURFACE ( 'NONE', #4030, 0.5000000000000004441 ) ;
#964 = EDGE_LOOP ( 'NONE', ( #5957, #114, #4362, #4560 ) ) ;
#965 = DIRECTION ( 'NONE',  ( -1.000000000000000000, -1.169476500658520487E-16, 1.203873754668172080E-11 ) ) ;
#966 = ORIENTED_EDGE ( 'NONE', *, *, #692, .T. ) ;
#967 = FACE_OUTER_BOUND ( 'NONE', #2652, .T. ) ;
#968 = VERTEX_POINT ( 'NONE', #6390 ) ;
#969 = FACE_OUTER_BOUND ( 'NONE', #3797, .T. ) ;
#970 = FACE_BOUND ( 'NONE', #5116, .T. ) ;
#971 = ORIENTED_EDGE ( 'NONE', *, *, #3459, .T. ) ;
#972 = EDGE_CURVE ( 'NONE', #5718, #1488, #597, .T. ) ;
#973 = FACE_OUTER_BOUND ( 'NONE', #3101, .T. ) ;
#974 = ORIENTED_EDGE ( 'NONE', *, *, #4054, .F. ) ;
#975 = CARTESIAN_POINT ( 'NONE',  ( 1.356237072045904712, -2.999999999999999556, 2.517093997107351822 ) ) ;
#976 = ORIENTED_EDGE ( 'NONE', *, *, #798, .T. ) ;
#977 = FACE_OUTER_BOUND ( 'NONE', #4564, .T. ) ;
#978 = ORIENTED_EDGE ( 'NONE', *, *, #4662, .T. ) ;
#979 = CIRCLE ( 'NONE', #1198, 5.200000000000002842 ) ;
#980 = DIRECTION ( 'NONE',  ( 1.000000000000000000, 1.280406899082450539E-16, -0.000000000000000000 ) ) ;
#981 = DIRECTION ( 'NONE',  ( 0.000000000000000000, 0.000000000000000000, 1.000000000000000000 ) ) ;
#982 = CARTESIAN_POINT ( 'NONE',  ( -3.500000000000001332, -6.557254739192332789E-16, 0.000000000000000000 ) ) ;
#983 = CARTESIAN_POINT ( 'NONE',  ( -1.760477780074012526E-17, -3.000000000000000000, -5.999999999999987566 ) ) ;
#984 = PLANE ( 'NONE',  #817 ) ;
#985 = ORIENTED_EDGE ( 'NONE', *, *, #481, .F. ) ;
#986 = EDGE_CURVE ( 'NONE', #754, #831, #5354, .T. ) ;
#987 = ORIENTED_EDGE ( 'NONE', *, *, #6512, .T. ) ;
#988 = LINE ( 'NONE', #5239, #2686 ) ;
#989 = CIRCLE ( 'NONE', #5105, 2.000000000000003553 ) ;
#990 = DIRECTION ( 'NONE',  ( -8.517751588359118991E-12, 0.7071067811865376918, -0.7071067811865574537 ) ) ;
#991 = CARTESIAN_POINT ( 'NONE',  ( 39.99999999999999289, 0.000000000000000000, 0.000000000000000000 ) ) ;
#992 = ORIENTED_EDGE ( 'NONE', *, *, #2642, .T. ) ;
#993 = CIRCLE ( 'NONE', #6296, 1.099999999999999423 ) ;
#994 = VECTOR ( 'NONE', #3418, 1000.000000000000114 ) ;
#995 = ADVANCED_FACE ( 'NONE', ( #5819 ), #49, .F. ) ;
#996 = AXIS2_PLACEMENT_3D ( 'NONE', #3065, #5137, #471 ) ;
#997 = DIRECTION ( 'NONE',  ( 0.000000000000000000, 0.000000000000000000, -1.000000000000000000 ) ) ;
#998 = VERTEX_POINT ( 'NONE', #5253 ) ;
#999 = DIRECTION ( 'NONE',  ( 0.000000000000000000, 1.000000000000000000, 0.000000000000000000 ) ) ;
#1000 = ORIENTED_EDGE ( 'NONE', *, *, #6492, .T. ) ;
#1001 = CARTESIAN_POINT ( 'NONE',  ( 32.19369568079715549, 2.128634789539153971, -1.527885686102823160 ) ) ;
#1002 = EDGE_CURVE ( 'NONE', #3812, #859, #1138, .T. ) ;
#1003 = EDGE_LOOP ( 'NONE', ( #3174, #1084 ) ) ;
#1004 = CARTESIAN_POINT ( 'NONE',  ( 65.84529946157175573, -3.000000000000000000, 3.000000000000009770 ) ) ;
#1005 = EDGE_CURVE ( 'NONE', #5481, #4101, #5318, .T. ) ;
#1006 = FACE_BOUND ( 'NONE', #6063, .T. ) ;
#1007 = ORIENTED_EDGE ( 'NONE', *, *, #440, .F. ) ;
#1008 = FACE_OUTER_BOUND ( 'NONE', #6396, .T. ) ;
#1009 = ORIENTED_EDGE ( 'NONE', *, *, #4028, .F. ) ;
#1010 = CARTESIAN_POINT ( 'NONE',  ( 2.550121029101932724, -3.000000000000000444, 1.402944736627274036 ) ) ;
#1011 = ORIENTED_EDGE ( 'NONE', *, *, #1439, .T. ) ;
#1012 = DIRECTION ( 'NONE',  ( 0.8164965809277198172, -0.000000000000000000, -0.5773502691896343908 ) ) ;
#1013 = EDGE_CURVE ( 'NONE', #2066, #5964, #3752, .T. ) ;
#1014 = DIRECTION ( 'NONE',  ( 0.8660254037844388186, -0.000000000000000000, 0.4999999999999998335 ) ) ;
#1015 = CARTESIAN_POINT ( 'NONE',  ( 71.99999999995098676, 1.000000000000000444, 0.4750000000007135736 ) ) ;
#1016 = DIRECTION ( 'NONE',  ( 0.000000000000000000, -0.000000000000000000, -1.000000000000000000 ) ) ;
#1017 = ORIENTED_EDGE ( 'NONE', *, *, #4480, .F. ) ;
#1018 = CARTESIAN_POINT ( 'NONE',  ( 71.99999999995104361, 0.9790225092205675494, -3.999999999999287237 ) ) ;
#1019 = FACE_OUTER_BOUND ( 'NONE', #4058, .T. ) ;
#1020 = EDGE_CURVE ( 'NONE', #4025, #4278, #1802, .T. ) ;
#1021 = ORIENTED_EDGE ( 'NONE', *, *, #3734, .T. ) ;
#1022 = CARTESIAN_POINT ( 'NONE',  ( 74.48743686708525047, 1.000000000000000000, -1.487436867062609691 ) ) ;
#1023 = DIRECTION ( 'NONE',  ( 0.000000000000000000, 0.000000000000000000, 1.000000000000000000 ) ) ;
#1024 = FACE_OUTER_BOUND ( 'NONE', #599, .T. ) ;
#1025 = ORIENTED_EDGE ( 'NONE', *, *, #5518, .T. ) ;
#1026 = VECTOR ( 'NONE', #6383, 1000.000000000000227 ) ;
#1027 = ORIENTED_EDGE ( 'NONE', *, *, #3143, .F. ) ;
#1028 = VECTOR ( 'NONE', #5359, 1000.000000000000114 ) ;
#1029 = DIRECTION ( 'NONE',  ( 0.000000000000000000, 0.000000000000000000, 1.000000000000000000 ) ) ;
#1030 = VERTEX_POINT ( 'NONE', #4231 ) ;
#1031 = CARTESIAN_POINT ( 'NONE',  ( 1.355411474092938162, -3.000000000000000444, -2.517493745451965026 ) ) ;
#1032 = EDGE_LOOP ( 'NONE', ( #1297, #6339, #3132, #3466 ) ) ;
#1033 = CIRCLE ( 'NONE', #5273, 1.099999999999996758 ) ;
#1034 = ORIENTED_EDGE ( 'NONE', *, *, #3917, .F. ) ;
#1035 = LINE ( 'NONE', #5591, #4514 ) ;
#1036 = CARTESIAN_POINT ( 'NONE',  ( 38.89999999999999858, 1.347111479062089982E-16, -2.100000000000000089 ) ) ;
#1037 = FACE_OUTER_BOUND ( 'NONE', #2164, .T. ) ;
#1038 = ORIENTED_EDGE ( 'NONE', *, *, #986, .T. ) ;
#1039 = AXIS2_PLACEMENT_3D ( 'NONE', #4267, #84, #3717 ) ;
#1040 = EDGE_CURVE ( 'NONE', #3807, #2005, #2760, .T. ) ;
#1041 = DIRECTION ( 'NONE',  ( -0.000000000000000000, 1.000000000000000000, -0.000000000000000000 ) ) ;
#1042 = ORIENTED_EDGE ( 'NONE', *, *, #5070, .T. ) ;
#1043 = FACE_OUTER_BOUND ( 'NONE', #2450, .T. ) ;
#1044 = EDGE_LOOP ( 'NONE', ( #3396, #5441, #1459, #5334 ) ) ;
#1045 = EDGE_CURVE ( 'NONE', #4331, #4854, #4838, .T. ) ;
#1046 = VECTOR ( 'NONE', #1227, 1000.000000000000000 ) ;
#1047 = VECTOR ( 'NONE', #2640, 1000.000000000000000 ) ;
#1048 = DIRECTION ( 'NONE',  ( -1.362023050420387124E-17, 1.000000000000000000, -0.000000000000000000 ) ) ;
#1049 = DIRECTION ( 'NONE',  ( 0.4999999999999997780, 0.000000000000000000, -0.8660254037844387076 ) ) ;
#1050 = CARTESIAN_POINT ( 'NONE',  ( 19.99999999999999645, -1.399999999999999911, -5.099999999999999645 ) ) ;
#1051 = EDGE_CURVE ( 'NONE', #4300, #6378, #3275, .T. ) ;
#1052 = AXIS2_PLACEMENT_3D ( 'NONE', #1493, #6709, #5764 ) ;
#1053 = CARTESIAN_POINT ( 'NONE',  ( 74.66421356237310647, -3.000000000000000000, 1.664213562373100475 ) ) ;
#1054 = AXIS2_PLACEMENT_3D ( 'NONE', #3246, #53, #2063 ) ;
#1055 = ORIENTED_EDGE ( 'NONE', *, *, #286, .T. ) ;
#1056 = CARTESIAN_POINT ( 'NONE',  ( 72.99999999997565681, -3.000000000000000000, -3.377557599802941412E-12 ) ) ;
#1057 = VERTEX_POINT ( 'NONE', #2259 ) ;
#1058 = FACE_OUTER_BOUND ( 'NONE', #1189, .T. ) ;
#1059 = VECTOR ( 'NONE', #4494, 1000.000000000000000 ) ;
#1060 = DIRECTION ( 'NONE',  ( 0.1564344650402258452, 0.9876883405951386585, 0.000000000000000000 ) ) ;
#1061 = CARTESIAN_POINT ( 'NONE',  ( -4.065758146820641628E-17, 7.000000000000000000, 6.999999999999999112 ) ) ;
#1062 = ADVANCED_FACE ( 'NONE', ( #1673 ), #1170, .F. ) ;
#1063 = ORIENTED_EDGE ( 'NONE', *, *, #3792, .F. ) ;
#1064 = AXIS2_PLACEMENT_3D ( 'NONE', #2850, #375, #6109 ) ;
#1065 = EDGE_CURVE ( 'NONE', #3041, #2555, #5755, .T. ) ;
#1066 = AXIS2_PLACEMENT_3D ( 'NONE', #4832, #204, #1231 ) ;
#1067 = DIRECTION ( 'NONE',  ( 1.000000000000000000, 1.169476500658520487E-16, -2.305280366746587194E-17 ) ) ;
#1068 = ORIENTED_EDGE ( 'NONE', *, *, #5217, .F. ) ;
#1069 = CARTESIAN_POINT ( 'NONE',  ( 1.966570921258378180, -3.000000000000000444, -2.111130557187576251 ) ) ;
#1070 = EDGE_LOOP ( 'NONE', ( #2327, #974, #5713, #5730 ) ) ;
#1071 = AXIS2_PLACEMENT_3D ( 'NONE', #2479, #3663, #3129 ) ;
#1072 = CARTESIAN_POINT ( 'NONE',  ( 65.84529946157175573, -3.000000000000000000, 3.000000000000009770 ) ) ;
#1073 = DIRECTION ( 'NONE',  ( 1.000000000000000000, 1.169476500658520487E-16, 0.000000000000000000 ) ) ;
#1074 = CARTESIAN_POINT ( 'NONE',  ( 68.60039830989900622, -3.000000000000000444, 6.228028814822692105 ) ) ;
#1075 = ORIENTED_EDGE ( 'NONE', *, *, #3173, .F. ) ;
#1076 = DIRECTION ( 'NONE',  ( -0.5000000000000001110, 0.000000000000000000, 0.8660254037844385966 ) ) ;
#1077 = ORIENTED_EDGE ( 'NONE', *, *, #3975, .F. ) ;
#1078 = DIRECTION ( 'NONE',  ( 0.000000000000000000, 0.000000000000000000, 1.000000000000000000 ) ) ;
#1079 = DIRECTION ( 'NONE',  ( 0.000000000000000000, 0.000000000000000000, 1.000000000000000000 ) ) ;
#1080 = DIRECTION ( 'NONE',  ( -0.000000000000000000, 1.000000000000000000, -0.000000000000000000 ) ) ;
#1081 = CARTESIAN_POINT ( 'NONE',  ( 45.19683230049928824, 0.1814773828529875344, 0.000000000000000000 ) ) ;
#1082 = EDGE_LOOP ( 'NONE', ( #4765, #1326, #3502, #1915, #3809, #3843, #6680, #3993, #417 ) ) ;
#1083 = DIRECTION ( 'NONE',  ( 0.9063077870366501587, -0.4226182617406992748, 0.000000000000000000 ) ) ;
#1084 = ORIENTED_EDGE ( 'NONE', *, *, #2292, .T. ) ;
#1085 = VECTOR ( 'NONE', #5694, 999.9999999999998863 ) ;
#1086 = ORIENTED_EDGE ( 'NONE', *, *, #554, .F. ) ;
#1087 = EDGE_CURVE ( 'NONE', #3877, #940, #3532, .T. ) ;
#1088 = CARTESIAN_POINT ( 'NONE',  ( 52.74999999999996447, 7.000000000000229150, 6.999999999999998224 ) ) ;
#1089 = LINE ( 'NONE', #3705, #1473 ) ;
#1090 = CARTESIAN_POINT ( 'NONE',  ( 70.19974746828131629, -2.749999999999992895, -6.750000000000000888 ) ) ;
#1091 = ADVANCED_FACE ( 'NONE', ( #6263, #5385 ), #631, .F. ) ;
#1092 = CIRCLE ( 'NONE', #6398, 1.099999999999999423 ) ;
#1093 = CARTESIAN_POINT ( 'NONE',  ( 71.24999999995101518, -3.000000000000000888, -0.9499999999992966293 ) ) ;
#1094 = DIRECTION ( 'NONE',  ( -0.5000000000000052180, -0.5000000000000033307, 0.7071067811865414665 ) ) ;
#1095 = AXIS2_PLACEMENT_3D ( 'NONE', #1859, #2396, #5360 ) ;
#1096 = VERTEX_POINT ( 'NONE', #1614 ) ;
#1097 = CARTESIAN_POINT ( 'NONE',  ( -6.938893903907228378E-15, -1.300002712461384201E-30, 0.000000000000000000 ) ) ;
#1098 = ORIENTED_EDGE ( 'NONE', *, *, #6599, .T. ) ;
#1099 = VECTOR ( 'NONE', #2763, 1000.000000000000000 ) ;
#1100 = CARTESIAN_POINT ( 'NONE',  ( 70.02999999995098790, 0.9999999999999993339, -0.2999999999993115396 ) ) ;
#1101 = ORIENTED_EDGE ( 'NONE', *, *, #6074, .T. ) ;
#1102 = EDGE_CURVE ( 'NONE', #2148, #4742, #1911, .T. ) ;
#1103 = AXIS2_PLACEMENT_3D ( 'NONE', #2849, #2443, #3435 ) ;
#1104 = CARTESIAN_POINT ( 'NONE',  ( 75.00000000000001421, 1.000000000000000000, -0.2500000000000000555 ) ) ;
#1105 = LINE ( 'NONE', #2704, #6466 ) ;
#1106 = VERTEX_POINT ( 'NONE', #1104 ) ;
#1107 = LINE ( 'NONE', #3619, #6134 ) ;
#1108 = EDGE_LOOP ( 'NONE', ( #558, #3571, #2276, #4433, #1892 ) ) ;
#1109 = LINE ( 'NONE', #3280, #1028 ) ;
#1110 = DIRECTION ( 'NONE',  ( -1.000000000000000000, -2.168404344971006896E-16, 0.000000000000000000 ) ) ;
#1111 = ORIENTED_EDGE ( 'NONE', *, *, #2545, .T. ) ;
#1112 = VECTOR ( 'NONE', #3164, 1000.000000000000114 ) ;
#1113 = CARTESIAN_POINT ( 'NONE',  ( 68.60039830989900622, -3.000000000000000444, -6.228028814822688553 ) ) ;
#1114 = EDGE_CURVE ( 'NONE', #6285, #2, #5040, .T. ) ;
#1115 = CARTESIAN_POINT ( 'NONE',  ( 19.99999999999999645, -3.000000000000000888, 4.000000000000000000 ) ) ;
#1116 = DIRECTION ( 'NONE',  ( 1.000000000000000000, 1.280406899082450539E-16, -0.000000000000000000 ) ) ;
#1117 = ORIENTED_EDGE ( 'NONE', *, *, #5470, .T. ) ;
#1118 = LINE ( 'NONE', #98, #868 ) ;
#1119 = ORIENTED_EDGE ( 'NONE', *, *, #4543, .T. ) ;
#1120 = EDGE_CURVE ( 'NONE', #332, #3067, #5421, .T. ) ;
#1121 = ORIENTED_EDGE ( 'NONE', *, *, #4054, .T. ) ;
#1122 = CARTESIAN_POINT ( 'NONE',  ( 18.84529946162074410, -1.399999999999999911, -5.999999999999998224 ) ) ;
#1123 = FACE_OUTER_BOUND ( 'NONE', #5675, .T. ) ;
#1124 = CARTESIAN_POINT ( 'NONE',  ( 0.000000000000000000, 0.000000000000000000, 0.000000000000000000 ) ) ;
#1125 = ORIENTED_EDGE ( 'NONE', *, *, #2768, .T. ) ;
#1126 = DIRECTION ( 'NONE',  ( 0.000000000000000000, -0.7071067811865469066, 0.7071067811865482389 ) ) ;
#1127 = EDGE_CURVE ( 'NONE', #3429, #6517, #1977, .T. ) ;
#1128 = AXIS2_PLACEMENT_3D ( 'NONE', #2691, #1229, #656 ) ;
#1129 = CARTESIAN_POINT ( 'NONE',  ( 21.15470053837924169, -1.399999999999999911, 5.999999999999998224 ) ) ;
#1130 = ORIENTED_EDGE ( 'NONE', *, *, #5011, .F. ) ;
#1131 = CARTESIAN_POINT ( 'NONE',  ( 62.49999999995100097, -1.000000000000007994, -7.000000000000010658 ) ) ;
#1132 = ADVANCED_FACE ( 'NONE', ( #2291 ), #389, .T. ) ;
#1133 = CYLINDRICAL_SURFACE ( 'NONE', #4136, 0.5000000000000004441 ) ;
#1134 = ORIENTED_EDGE ( 'NONE', *, *, #5862, .F. ) ;
#1135 = ADVANCED_FACE ( 'NONE', ( #763 ), #4561, .F. ) ;
#1136 = ORIENTED_EDGE ( 'NONE', *, *, #3273, .F. ) ;
#1137 = AXIS2_PLACEMENT_3D ( 'NONE', #3580, #5115, #863 ) ;
#1138 = LINE ( 'NONE', #3215, #6243 ) ;
#1139 = CARTESIAN_POINT ( 'NONE',  ( 52.99999999999999289, 0.9999999999999974465, -6.750000000000007105 ) ) ;
#1140 = EDGE_LOOP ( 'NONE', ( #369, #3122, #3679, #1990 ) ) ;
#1141 = LINE ( 'NONE', #2096, #722 ) ;
#1142 = ORIENTED_EDGE ( 'NONE', *, *, #6645, .T. ) ;
#1143 = ADVANCED_FACE ( 'NONE', ( #5924 ), #3503, .F. ) ;
#1144 = FACE_OUTER_BOUND ( 'NONE', #1778, .T. ) ;
#1145 = ORIENTED_EDGE ( 'NONE', *, *, #6642, .F. ) ;
#1146 = VECTOR ( 'NONE', #1217, 1000.000000000000114 ) ;
#1147 = CARTESIAN_POINT ( 'NONE',  ( 74.48743686708523626, -3.000000000000000000, -1.487436867062602364 ) ) ;
#1148 = EDGE_CURVE ( 'NONE', #3835, #2148, #3898, .T. ) ;
#1149 = DIRECTION ( 'NONE',  ( 0.7071067811865398012, 8.269447640539446932E-17, 0.7071067811865551223 ) ) ;
#1150 = VECTOR ( 'NONE', #1957, 1000.000000000000000 ) ;
#1151 = CARTESIAN_POINT ( 'NONE',  ( 72.99999999997551470, 0.9999999999999997780, 3.699747468330321976 ) ) ;
#1152 = CARTESIAN_POINT ( 'NONE',  ( 71.99999999995098676, 0.9999999999999995559, 1.500000000000711653 ) ) ;
#1153 = LINE ( 'NONE', #3131, #1573 ) ;
#1154 = EDGE_LOOP ( 'NONE', ( #4392, #4626, #3373, #1785 ) ) ;
#1155 = CARTESIAN_POINT ( 'NONE',  ( 73.25000000000001421, 0.7499999999999993339, -0.2500000000000002220 ) ) ;
#1156 = CYLINDRICAL_SURFACE ( 'NONE', #5880, 1.100000000000001199 ) ;
#1157 = VERTEX_POINT ( 'NONE', #4018 ) ;
#1158 = VECTOR ( 'NONE', #4013, 1000.000000000000000 ) ;
#1159 = DIRECTION ( 'NONE',  ( -0.000000000000000000, 1.000000000000000000, -0.000000000000000000 ) ) ;
#1160 = FACE_BOUND ( 'NONE', #5124, .T. ) ;
#1161 = VECTOR ( 'NONE', #4199, 1000.000000000000000 ) ;
#1162 = AXIS2_PLACEMENT_3D ( 'NONE', #529, #2562, #4160 ) ;
#1163 = CARTESIAN_POINT ( 'NONE',  ( 38.84529946162073344, 1.999999999999994893, -4.000000000000010658 ) ) ;
#1164 = VECTOR ( 'NONE', #658, 1000.000000000000227 ) ;
#1165 = AXIS2_PLACEMENT_3D ( 'NONE', #1681, #6233, #4274 ) ;
#1166 = ORIENTED_EDGE ( 'NONE', *, *, #6588, .F. ) ;
#1167 = CARTESIAN_POINT ( 'NONE',  ( -2.129405376720900023, -3.000000000000000000, -1.724688070713344956 ) ) ;
#1168 = VERTEX_POINT ( 'NONE', #1816 ) ;
#1169 = CONICAL_SURFACE ( 'NONE', #2584, 0.5249999999999976907, 0.8726646259970902708 ) ;
#1170 = PLANE ( 'NONE',  #4080 ) ;
#1171 = ADVANCED_FACE ( 'NONE', ( #6110 ), #1782, .F. ) ;
#1172 = CARTESIAN_POINT ( 'NONE',  ( 6.154700538379253238, -1.399999999999999911, 5.999999999999998224 ) ) ;
#1173 = EDGE_LOOP ( 'NONE', ( #3142, #6111, #2671, #1873 ) ) ;
#1174 = EDGE_CURVE ( 'NONE', #3835, #4445, #1434, .T. ) ;
#1175 = DIRECTION ( 'NONE',  ( 1.000000000000000000, 1.239088197126289584E-16, 0.000000000000000000 ) ) ;
#1176 = ORIENTED_EDGE ( 'NONE', *, *, #6689, .T. ) ;
#1177 = AXIS2_PLACEMENT_3D ( 'NONE', #4483, #5575, #2991 ) ;
#1178 = DIRECTION ( 'NONE',  ( 0.4999999999999969469, 0.000000000000000000, 0.8660254037844403729 ) ) ;
#1179 = DIRECTION ( 'NONE',  ( 4.622038565550839722E-14, 0.000000000000000000, 1.000000000000000000 ) ) ;
#1180 = CARTESIAN_POINT ( 'NONE',  ( 71.99999999997550049, 0.7499999999999993339, 4.000000000000000000 ) ) ;
#1181 = ADVANCED_FACE ( 'NONE', ( #5103 ), #2828, .F. ) ;
#1182 = PLANE ( 'NONE',  #1593 ) ;
#1183 = CARTESIAN_POINT ( 'NONE',  ( 72.76999999995101120, 1.000000000000000444, -1.974999999999276890 ) ) ;
#1184 = DIRECTION ( 'NONE',  ( -1.000000000000000000, -1.280406899082450539E-16, 0.000000000000000000 ) ) ;
#1185 = ORIENTED_EDGE ( 'NONE', *, *, #1855, .F. ) ;
#1186 = DIRECTION ( 'NONE',  ( 0.4226182617406975539, 0.9063077870366508249, 0.000000000000000000 ) ) ;
#1187 = VERTEX_POINT ( 'NONE', #5579 ) ;
#1188 = VERTEX_POINT ( 'NONE', #2998 ) ;
#1189 = EDGE_LOOP ( 'NONE', ( #2097, #5572, #1512, #495, #4282, #1465 ) ) ;
#1190 = DIRECTION ( 'NONE',  ( 0.000000000000000000, -1.000000000000000000, 0.000000000000000000 ) ) ;
#1191 = ADVANCED_FACE ( 'NONE', ( #447 ), #3374, .F. ) ;
#1192 = DIRECTION ( 'NONE',  ( -0.5000000000000026645, 0.5000000000000032196, -0.7071067811865433539 ) ) ;
#1193 = AXIS2_PLACEMENT_3D ( 'NONE', #4648, #4169, #538 ) ;
#1194 = CARTESIAN_POINT ( 'NONE',  ( 63.99999999995097255, -1.000000000000007994, 0.000000000000000000 ) ) ;
#1195 = LINE ( 'NONE', #4256, #3412 ) ;
#1196 = DIRECTION ( 'NONE',  ( 0.5000000000026237901, 0.7071067811865276997, -0.4999999999974044651 ) ) ;
#1197 = EDGE_CURVE ( 'NONE', #5041, #1558, #4398, .T. ) ;
#1198 = AXIS2_PLACEMENT_3D ( 'NONE', #257, #4380, #192 ) ;
#1199 = CARTESIAN_POINT ( 'NONE',  ( 69.13908729650148643, 0.7499999999999993339, -5.689339828220181694 ) ) ;
#1200 = ORIENTED_EDGE ( 'NONE', *, *, #3181, .T. ) ;
#1201 = FACE_OUTER_BOUND ( 'NONE', #4965, .T. ) ;
#1202 = VECTOR ( 'NONE', #4365, 1000.000000000000000 ) ;
#1203 = DIRECTION ( 'NONE',  ( -1.169476500658520487E-16, 1.000000000000000000, -0.000000000000000000 ) ) ;
#1204 = AXIS2_PLACEMENT_3D ( 'NONE', #2068, #2539, #32 ) ;
#1205 = CARTESIAN_POINT ( 'NONE',  ( 52.99999999999998579, 2.599999999999997424, -6.750000000000007105 ) ) ;
#1206 = VERTEX_POINT ( 'NONE', #414 ) ;
#1207 = DIRECTION ( 'NONE',  ( -0.000000000000000000, -0.000000000000000000, -1.000000000000000000 ) ) ;
#1208 = VERTEX_POINT ( 'NONE', #2515 ) ;
#1209 = LINE ( 'NONE', #4781, #151 ) ;
#1210 = DIRECTION ( 'NONE',  ( -0.4999999999999997780, 0.000000000000000000, 0.8660254037844387076 ) ) ;
#1211 = DIRECTION ( 'NONE',  ( -0.4999999999999997224, 0.000000000000000000, -0.8660254037844388186 ) ) ;
#1212 = AXIS2_PLACEMENT_3D ( 'NONE', #2326, #6462, #1407 ) ;
#1213 = ADVANCED_FACE ( 'NONE', ( #4084 ), #1311, .F. ) ;
#1214 = LINE ( 'NONE', #3190, #2062 ) ;
#1215 = CARTESIAN_POINT ( 'NONE',  ( 72.00000000000046896, -3.000000000000000444, 5.249999999978326670 ) ) ;
#1216 = LINE ( 'NONE', #150, #918 ) ;
#1217 = DIRECTION ( 'NONE',  ( 0.8164965809277209274, -6.211711818690242094E-17, 0.5773502691896330585 ) ) ;
#1218 = EDGE_LOOP ( 'NONE', ( #5472, #3032, #1597, #1136, #2569 ) ) ;
#1219 = AXIS2_PLACEMENT_3D ( 'NONE', #6052, #6511, #3983 ) ;
#1220 = CARTESIAN_POINT ( 'NONE',  ( 6.154700538379252350, -1.399999999999999911, -5.999999999999999112 ) ) ;
#1221 = ORIENTED_EDGE ( 'NONE', *, *, #2758, .F. ) ;
#1222 = ORIENTED_EDGE ( 'NONE', *, *, #3985, .F. ) ;
#1223 = ADVANCED_FACE ( 'NONE', ( #5960 ), #6027, .F. ) ;
#1224 = EDGE_CURVE ( 'NONE', #3426, #1057, #2231, .T. ) ;
#1225 = ORIENTED_EDGE ( 'NONE', *, *, #3624, .T. ) ;
#1226 = DIRECTION ( 'NONE',  ( -0.000000000000000000, 1.000000000000000000, -0.000000000000000000 ) ) ;
#1227 = DIRECTION ( 'NONE',  ( 8.517751588359458265E-12, -0.7071067811865463515, 0.7071067811865487940 ) ) ;
#1228 = EDGE_CURVE ( 'NONE', #1057, #3426, #3112, .T. ) ;
#1229 = DIRECTION ( 'NONE',  ( -0.7071067811865451302, -3.066586833366737824E-15, 0.7071067811865500152 ) ) ;
#1230 = ORIENTED_EDGE ( 'NONE', *, *, #1709, .T. ) ;
#1231 = DIRECTION ( 'NONE',  ( -0.4999999999999973910, 0.000000000000000000, -0.8660254037844400399 ) ) ;
#1232 = DIRECTION ( 'NONE',  ( -1.000000000000000000, 0.000000000000000000, -1.502314598737162581E-15 ) ) ;
#1233 = AXIS2_PLACEMENT_3D ( 'NONE', #65, #6374, #2137 ) ;
#1234 = ADVANCED_FACE ( 'NONE', ( #1631 ), #476, .F. ) ;
#1235 = ORIENTED_EDGE ( 'NONE', *, *, #6114, .T. ) ;
#1236 = CARTESIAN_POINT ( 'NONE',  ( 38.84529946162074054, -2.000000000000001776, -4.000000000000010658 ) ) ;
#1237 = ORIENTED_EDGE ( 'NONE', *, *, #1020, .T. ) ;
#1238 = CARTESIAN_POINT ( 'NONE',  ( 74.74999999997550049, -3.000000000000000000, -3.699747468330339739 ) ) ;
#1239 = DIRECTION ( 'NONE',  ( 7.454407950608177934E-17, -0.7071067811865476838, -0.7071067811865473507 ) ) ;
#1240 = ORIENTED_EDGE ( 'NONE', *, *, #5311, .T. ) ;
#1241 = DIRECTION ( 'NONE',  ( -0.000000000000000000, 1.000000000000000000, -0.000000000000000000 ) ) ;
#1242 = DIRECTION ( 'NONE',  ( 0.000000000000000000, 0.000000000000000000, -1.000000000000000000 ) ) ;
#1243 = ORIENTED_EDGE ( 'NONE', *, *, #66, .T. ) ;
#1244 = LINE ( 'NONE', #5259, #6548 ) ;
#1245 = CARTESIAN_POINT ( 'NONE',  ( 22.30940107675849404, -3.000000000000000000, 3.999999999999999112 ) ) ;
#1246 = CARTESIAN_POINT ( 'NONE',  ( 43.09811156375918983, 0.1081884397777436585, -2.100000000000000089 ) ) ;
#1247 = DIRECTION ( 'NONE',  ( -0.000000000000000000, -1.000000000000000000, -0.000000000000000000 ) ) ;
#1248 = VECTOR ( 'NONE', #6257, 1000.000000000000000 ) ;
#1249 = FACE_OUTER_BOUND ( 'NONE', #1173, .T. ) ;
#1250 = LINE ( 'NONE', #3227, #3650 ) ;
#1251 = CARTESIAN_POINT ( 'NONE',  ( 39.99999999999999289, 0.000000000000000000, -7.000000000000007105 ) ) ;
#1252 = VECTOR ( 'NONE', #5883, 1000.000000000000000 ) ;
#1253 = DIRECTION ( 'NONE',  ( -1.000000000000000000, 0.000000000000000000, 0.000000000000000000 ) ) ;
#1254 = ORIENTED_EDGE ( 'NONE', *, *, #1228, .F. ) ;
#1255 = PLANE ( 'NONE',  #4563 ) ;
#1256 = VERTEX_POINT ( 'NONE', #5205 ) ;
#1257 = ORIENTED_EDGE ( 'NONE', *, *, #3372, .T. ) ;
#1258 = DIRECTION ( 'NONE',  ( -0.5000000000000054401, 0.7071067811865475727, 0.4999999999999945599 ) ) ;
#1259 = CARTESIAN_POINT ( 'NONE',  ( 39.99999999999999289, 0.000000000000000000, -2.100000000000000089 ) ) ;
#1260 = VERTEX_POINT ( 'NONE', #4218 ) ;
#1261 = VECTOR ( 'NONE', #611, 1000.000000000000114 ) ;
#1262 = CYLINDRICAL_SURFACE ( 'NONE', #624, 1.100000000000006306 ) ;
#1263 = CARTESIAN_POINT ( 'NONE',  ( 29.60631308740975243, 1.000000000000000000, -1.596713224185342783 ) ) ;
#1264 = ADVANCED_FACE ( 'NONE', ( #1123 ), #4692, .F. ) ;
#1265 = EDGE_CURVE ( 'NONE', #5778, #6376, #615, .T. ) ;
#1266 = LINE ( 'NONE', #1872, #4471 ) ;
#1267 = DIRECTION ( 'NONE',  ( -1.000000000000000000, 0.000000000000000000, -1.502314598737162581E-15 ) ) ;
#1268 = DIRECTION ( 'NONE',  ( -0.5773502691896267303, -0.5773502691896253980, -0.5773502691896252870 ) ) ;
#1269 = AXIS2_PLACEMENT_3D ( 'NONE', #5742, #2079, #1560 ) ;
#1270 = EDGE_CURVE ( 'NONE', #2455, #1744, #584, .T. ) ;
#1271 = ORIENTED_EDGE ( 'NONE', *, *, #5941, .T. ) ;
#1272 = CIRCLE ( 'NONE', #1696, 1.499999999999996225 ) ;
#1273 = CARTESIAN_POINT ( 'NONE',  ( 7.309401076758502924, -1.399999999999999911, 4.000000000000001776 ) ) ;
#1274 = EDGE_CURVE ( 'NONE', #1168, #5353, #4405, .T. ) ;
#1275 = ORIENTED_EDGE ( 'NONE', *, *, #1401, .T. ) ;
#1276 = VERTEX_POINT ( 'NONE', #40 ) ;
#1277 = CARTESIAN_POINT ( 'NONE',  ( 73.24999999997548628, 0.7499999999999993339, 4.000000000000000000 ) ) ;
#1278 = VECTOR ( 'NONE', #4868, 1000.000000000000000 ) ;
#1279 = LINE ( 'NONE', #3413, #1702 ) ;
#1280 = VERTEX_POINT ( 'NONE', #3139 ) ;
#1281 = DIRECTION ( 'NONE',  ( 0.4999999999999996669, 0.000000000000000000, 0.8660254037844388186 ) ) ;
#1282 = ORIENTED_EDGE ( 'NONE', *, *, #6351, .T. ) ;
#1283 = EDGE_CURVE ( 'NONE', #2334, #4676, #1089, .T. ) ;
#1284 = DIRECTION ( 'NONE',  ( 0.000000000000000000, 0.000000000000000000, 1.000000000000000000 ) ) ;
#1285 = FACE_BOUND ( 'NONE', #1936, .T. ) ;
#1286 = AXIS2_PLACEMENT_3D ( 'NONE', #6344, #1698, #202 ) ;
#1287 = CARTESIAN_POINT ( 'NONE',  ( 65.84529946157176994, -1.399999999999999911, 7.000000000000013323 ) ) ;
#1288 = EDGE_CURVE ( 'NONE', #6549, #4959, #6182, .T. ) ;
#1289 = DIRECTION ( 'NONE',  ( 0.000000000000000000, 0.000000000000000000, 1.000000000000000000 ) ) ;
#1290 = DIRECTION ( 'NONE',  ( -0.000000000000000000, -0.000000000000000000, -1.000000000000000000 ) ) ;
#1291 = DIRECTION ( 'NONE',  ( 0.5000000000000069944, 0.7071067811865340280, -0.5000000000000119904 ) ) ;
#1292 = DIRECTION ( 'NONE',  ( 0.000000000000000000, 0.000000000000000000, -1.000000000000000000 ) ) ;
#1293 = AXIS2_PLACEMENT_3D ( 'NONE', #1704, #2092, #757 ) ;
#1294 = DIRECTION ( 'NONE',  ( 0.5000000000000143219, -0.7071067811865429098, 0.4999999999999922839 ) ) ;
#1295 = ORIENTED_EDGE ( 'NONE', *, *, #2383, .F. ) ;
#1296 = DIRECTION ( 'NONE',  ( -0.000000000000000000, 1.000000000000000000, -0.000000000000000000 ) ) ;
#1297 = ORIENTED_EDGE ( 'NONE', *, *, #3919, .F. ) ;
#1298 = ORIENTED_EDGE ( 'NONE', *, *, #5003, .F. ) ;
#1299 = DIRECTION ( 'NONE',  ( 0.000000000000000000, 0.000000000000000000, 1.000000000000000000 ) ) ;
#1300 = DIRECTION ( 'NONE',  ( 9.630957350846425337E-18, -0.7071067811865474617, 0.7071067811865476838 ) ) ;
#1301 = DIRECTION ( 'NONE',  ( 0.000000000000000000, 0.000000000000000000, -1.000000000000000000 ) ) ;
#1302 = LINE ( 'NONE', #129, #5706 ) ;
#1303 = CARTESIAN_POINT ( 'NONE',  ( 52.99999999999999289, 0.9999999999999976685, 6.749999999999998224 ) ) ;
#1304 = EDGE_CURVE ( 'NONE', #6262, #6375, #3103, .T. ) ;
#1305 = CARTESIAN_POINT ( 'NONE',  ( 21.15470053837924880, -3.000000000000000000, -1.999999999999998224 ) ) ;
#1306 = EDGE_CURVE ( 'NONE', #2218, #6483, #71, .T. ) ;
#1307 = ORIENTED_EDGE ( 'NONE', *, *, #1974, .F. ) ;
#1308 = PLANE ( 'NONE',  #6186 ) ;
#1309 = CIRCLE ( 'NONE', #5216, 1.499999999999996891 ) ;
#1310 = ORIENTED_EDGE ( 'NONE', *, *, #496, .F. ) ;
#1311 = CYLINDRICAL_SURFACE ( 'NONE', #1684, 0.5000000000000004441 ) ;
#1312 = DIRECTION ( 'NONE',  ( 0.000000000000000000, 0.000000000000000000, 1.000000000000000000 ) ) ;
#1313 = LINE ( 'NONE', #4878, #3225 ) ;
#1314 = ORIENTED_EDGE ( 'NONE', *, *, #2265, .F. ) ;
#1315 = DIRECTION ( 'NONE',  ( -1.000000000000000000, 0.000000000000000000, 0.000000000000000000 ) ) ;
#1316 = EDGE_CURVE ( 'NONE', #5678, #6262, #393, .T. ) ;
#1317 = LINE ( 'NONE', #3315, #2477 ) ;
#1318 = CARTESIAN_POINT ( 'NONE',  ( 6.902652314433699667E-16, 0.7499999999999911182, 6.999999999999999112 ) ) ;
#1319 = CARTESIAN_POINT ( 'NONE',  ( 2.251720300229274496, -3.000000000000000444, 2.784523994084177723 ) ) ;
#1320 = DIRECTION ( 'NONE',  ( 0.000000000000000000, 0.000000000000000000, 1.000000000000000000 ) ) ;
#1321 = CARTESIAN_POINT ( 'NONE',  ( 19.99999999999999645, 1.000000000000000000, 5.099999999999999645 ) ) ;
#1322 = DIRECTION ( 'NONE',  ( 1.000000000000000000, 0.000000000000000000, 0.000000000000000000 ) ) ;
#1323 = ORIENTED_EDGE ( 'NONE', *, *, #6199, .F. ) ;
#1324 = CARTESIAN_POINT ( 'NONE',  ( 74.74999999997550049, 0.7500000000000002220, -3.699747468330339739 ) ) ;
#1325 = ORIENTED_EDGE ( 'NONE', *, *, #157, .F. ) ;
#1326 = ORIENTED_EDGE ( 'NONE', *, *, #1811, .F. ) ;
#1327 = ADVANCED_FACE ( 'NONE', ( #2624 ), #4767, .F. ) ;
#1328 = FACE_OUTER_BOUND ( 'NONE', #6407, .T. ) ;
#1329 = FACE_OUTER_BOUND ( 'NONE', #6113, .T. ) ;
#1330 = ORIENTED_EDGE ( 'NONE', *, *, #759, .T. ) ;
#1331 = CARTESIAN_POINT ( 'NONE',  ( 19.99999999999999645, 1.000000000000000000, 2.900000000000000799 ) ) ;
#1332 = DIRECTION ( 'NONE',  ( -0.000000000000000000, 1.000000000000000000, -0.000000000000000000 ) ) ;
#1333 = TOROIDAL_SURFACE ( 'NONE', #345, 40.00000000000000000, 2.799999999999999822 ) ;
#1334 = LINE ( 'NONE', #1363, #4363 ) ;
#1335 = CARTESIAN_POINT ( 'NONE',  ( 73.24999999996465760, -3.000000000000000000, 4.000000000000000000 ) ) ;
#1336 = ORIENTED_EDGE ( 'NONE', *, *, #3228, .F. ) ;
#1337 = DIRECTION ( 'NONE',  ( 0.000000000000000000, 0.000000000000000000, -1.000000000000000000 ) ) ;
#1338 = ORIENTED_EDGE ( 'NONE', *, *, #5289, .F. ) ;
#1339 = FACE_OUTER_BOUND ( 'NONE', #2902, .T. ) ;
#1340 = EDGE_CURVE ( 'NONE', #5304, #6328, #4301, .T. ) ;
#1341 = DIRECTION ( 'NONE',  ( 0.000000000000000000, 0.000000000000000000, 1.000000000000000000 ) ) ;
#1342 = EDGE_LOOP ( 'NONE', ( #3119, #1021, #5042, #2578 ) ) ;
#1343 = DIRECTION ( 'NONE',  ( -0.000000000000000000, 1.000000000000000000, -0.000000000000000000 ) ) ;
#1344 = CARTESIAN_POINT ( 'NONE',  ( 71.99999999995098676, 1.000000000000000444, 1.000000000000711209 ) ) ;
#1345 = CYLINDRICAL_SURFACE ( 'NONE', #4216, 1.599999999999999867 ) ;
#1346 = LINE ( 'NONE', #288, #994 ) ;
#1347 = FACE_BOUND ( 'NONE', #1003, .T. ) ;
#1348 = DIRECTION ( 'NONE',  ( -0.4999999999999976130, -0.4999999999999957256, -0.7071067811865522357 ) ) ;
#1349 = EDGE_CURVE ( 'NONE', #6143, #1543, #3637, .T. ) ;
#1350 = CARTESIAN_POINT ( 'NONE',  ( 39.99999999999999289, 0.000000000000000000, -7.000000000000007994 ) ) ;
#1351 = ORIENTED_EDGE ( 'NONE', *, *, #5343, .F. ) ;
#1352 = DIRECTION ( 'NONE',  ( 0.000000000000000000, -1.000000000000000000, 0.000000000000000000 ) ) ;
#1353 = ORIENTED_EDGE ( 'NONE', *, *, #2256, .T. ) ;
#1354 = CIRCLE ( 'NONE', #48, 1.099999999999996758 ) ;
#1355 = ORIENTED_EDGE ( 'NONE', *, *, #3251, .F. ) ;
#1356 = CYLINDRICAL_SURFACE ( 'NONE', #3777, 0.5000000000000004441 ) ;
#1357 = EDGE_CURVE ( 'NONE', #6276, #1096, #2588, .T. ) ;
#1358 = CARTESIAN_POINT ( 'NONE',  ( 5.000000000000000000, -1.399999999999999911, 2.899999999999999023 ) ) ;
#1359 = CARTESIAN_POINT ( 'NONE',  ( 30.37324276184632055, 0.9999999999999995559, 5.485747894878299391 ) ) ;
#1360 = VECTOR ( 'NONE', #5190, 1000.000000000000000 ) ;
#1361 = CARTESIAN_POINT ( 'NONE',  ( 3.845299461620751202, -1.399999999999999911, -6.000000000000000000 ) ) ;
#1362 = ORIENTED_EDGE ( 'NONE', *, *, #5250, .F. ) ;
#1363 = CARTESIAN_POINT ( 'NONE',  ( 6.154700538379252350, -3.000000000000000000, -5.999999999999999112 ) ) ;
#1364 = FACE_OUTER_BOUND ( 'NONE', #1514, .T. ) ;
#1365 = DIRECTION ( 'NONE',  ( -1.000000000000000000, 0.000000000000000000, 0.000000000000000000 ) ) ;
#1366 = CARTESIAN_POINT ( 'NONE',  ( 62.49999999995100097, -0.5000000000000075495, -7.000000000000010658 ) ) ;
#1367 = EDGE_CURVE ( 'NONE', #6438, #4720, #826, .T. ) ;
#1368 = FACE_OUTER_BOUND ( 'NONE', #5740, .T. ) ;
#1369 = VECTOR ( 'NONE', #490, 1000.000000000000000 ) ;
#1370 = ORIENTED_EDGE ( 'NONE', *, *, #481, .T. ) ;
#1371 = CARTESIAN_POINT ( 'NONE',  ( 73.68933982819568485, -2.750000000000001332, 2.639087296550526762 ) ) ;
#1372 = VECTOR ( 'NONE', #4252, 1000.000000000000114 ) ;
#1373 = CIRCLE ( 'NONE', #5496, 1.100000000000003642 ) ;
#1374 = ORIENTED_EDGE ( 'NONE', *, *, #3420, .T. ) ;
#1375 = CARTESIAN_POINT ( 'NONE',  ( 21.15470053837924169, -3.000000000000000000, 5.999999999999998224 ) ) ;
#1376 = AXIS2_PLACEMENT_3D ( 'NONE', #3284, #5430, #772 ) ;
#1377 = CARTESIAN_POINT ( 'NONE',  ( -0.7919083118921623754, -3.000000000000000000, -3.389408197518542831 ) ) ;
#1378 = VERTEX_POINT ( 'NONE', #2656 ) ;
#1379 = DIRECTION ( 'NONE',  ( 1.000000000000000000, 2.168404344994509281E-16, 8.673617379978037124E-16 ) ) ;
#1380 = LINE ( 'NONE', #1411, #3136 ) ;
#1381 = DIRECTION ( 'NONE',  ( 0.9063077870366500477, -0.4226182617406992192, 0.000000000000000000 ) ) ;
#1382 = ADVANCED_FACE ( 'NONE', ( #4183 ), #5705, .F. ) ;
#1383 = VECTOR ( 'NONE', #1232, 1000.000000000000000 ) ;
#1384 = DIRECTION ( 'NONE',  ( 0.000000000000000000, -1.000000000000000000, -0.000000000000000000 ) ) ;
#1385 = EDGE_CURVE ( 'NONE', #5612, #4445, #3605, .T. ) ;
#1386 = CARTESIAN_POINT ( 'NONE',  ( -1.439252429696832314, -2.999999999999999556, 3.147461611174476204 ) ) ;
#1387 = CARTESIAN_POINT ( 'NONE',  ( 35.75735931288070901, 4.242640687119264342, 6.999999999999999112 ) ) ;
#1388 = ORIENTED_EDGE ( 'NONE', *, *, #6577, .F. ) ;
#1389 = AXIS2_PLACEMENT_3D ( 'NONE', #2610, #2101, #3659 ) ;
#1390 = LINE ( 'NONE', #1764, #3694 ) ;
#1391 = EDGE_LOOP ( 'NONE', ( #4526, #4907, #6018, #1068 ) ) ;
#1392 = CYLINDRICAL_SURFACE ( 'NONE', #5182, 2.000000000000001776 ) ;
#1393 = CONICAL_SURFACE ( 'NONE', #6056, 0.5249999999999976907, 0.8726646259970902708 ) ;
#1394 = EDGE_CURVE ( 'NONE', #4960, #2148, #2848, .T. ) ;
#1395 = CARTESIAN_POINT ( 'NONE',  ( 62.49999999995100097, -0.5000000000000075495, 6.999999999999999112 ) ) ;
#1396 = VECTOR ( 'NONE', #3954, 1000.000000000000000 ) ;
#1397 = DIRECTION ( 'NONE',  ( 0.000000000000000000, 0.000000000000000000, 1.000000000000000000 ) ) ;
#1398 = FACE_OUTER_BOUND ( 'NONE', #601, .T. ) ;
#1399 = VECTOR ( 'NONE', #1532, 1000.000000000000000 ) ;
#1400 = VERTEX_POINT ( 'NONE', #6445 ) ;
#1401 = EDGE_CURVE ( 'NONE', #2971, #6361, #3296, .T. ) ;
#1402 = DIRECTION ( 'NONE',  ( 0.4999999999999997780, 0.000000000000000000, 0.8660254037844387076 ) ) ;
#1403 =( BOUNDED_CURVE ( )  B_SPLINE_CURVE ( 3, ( #1939, #5541, #2438, #4011 ),
 .UNSPECIFIED., .F., .F. ) 
 B_SPLINE_CURVE_WITH_KNOTS ( ( 4, 4 ),
 ( 4.712388980384686121, 7.853981633974486343 ),
 .UNSPECIFIED. ) 
 CURVE ( )  GEOMETRIC_REPRESENTATION_ITEM ( )  RATIONAL_B_SPLINE_CURVE ( ( 1.000000000000000000, 0.3333333333333309834, 0.3333333333333309834, 1.000000000000000000 ) ) 
 REPRESENTATION_ITEM ( '' )  );
#1404 = VERTEX_POINT ( 'NONE', #1805 ) ;
#1405 = EDGE_CURVE ( 'NONE', #1850, #5192, #2243, .T. ) ;
#1406 = ORIENTED_EDGE ( 'NONE', *, *, #2862, .T. ) ;
#1407 = DIRECTION ( 'NONE',  ( 0.000000000000000000, 0.000000000000000000, 1.000000000000000000 ) ) ;
#1408 = ORIENTED_EDGE ( 'NONE', *, *, #4527, .F. ) ;
#1409 = VECTOR ( 'NONE', #4755, 1000.000000000000000 ) ;
#1410 = CARTESIAN_POINT ( 'NONE',  ( 44.80740522483011290, 5.092089711781552452, -1.356087523468789691 ) ) ;
#1411 = CARTESIAN_POINT ( 'NONE',  ( 41.15470053837924524, -2.000000000000001776, -4.000000000000010658 ) ) ;
#1412 = LINE ( 'NONE', #5562, #158 ) ;
#1413 = EDGE_CURVE ( 'NONE', #6668, #5141, #1302, .T. ) ;
#1414 = CARTESIAN_POINT ( 'NONE',  ( 7.309401076758502924, -1.399999999999999911, 4.000000000000001776 ) ) ;
#1415 = DIRECTION ( 'NONE',  ( 0.7071067811865460184, 0.7071067811865490160, -1.630079379862719496E-17 ) ) ;
#1416 = CARTESIAN_POINT ( 'NONE',  ( 3.157238608746171238, -3.000000000000000888, 1.757541431188590630 ) ) ;
#1417 = VECTOR ( 'NONE', #1076, 1000.000000000000000 ) ;
#1418 = DIRECTION ( 'NONE',  ( -0.000000000000000000, 1.000000000000000000, -0.000000000000000000 ) ) ;
#1419 = ORIENTED_EDGE ( 'NONE', *, *, #2970, .F. ) ;
#1420 = CARTESIAN_POINT ( 'NONE',  ( -0.7887041238980666558, -2.999999999999999556, 2.658206408743306159 ) ) ;
#1421 = VERTEX_POINT ( 'NONE', #3885 ) ;
#1422 = LINE ( 'NONE', #1163, #2541 ) ;
#1423 = ORIENTED_EDGE ( 'NONE', *, *, #4289, .F. ) ;
#1424 = CARTESIAN_POINT ( 'NONE',  ( 3.845299461620749426, -1.399999999999999911, -2.000000000000000000 ) ) ;
#1425 = DIRECTION ( 'NONE',  ( 0.000000000000000000, 0.000000000000000000, 1.000000000000000000 ) ) ;
#1426 = UNCERTAINTY_MEASURE_WITH_UNIT (LENGTH_MEASURE( 1.000000000000000082E-05 ), #2288, 'distance_accuracy_value', 'NONE');
#1427 = VECTOR ( 'NONE', #641, 1000.000000000000114 ) ;
#1428 = VERTEX_POINT ( 'NONE', #4933 ) ;
#1429 = VECTOR ( 'NONE', #1281, 1000.000000000000114 ) ;
#1430 = ADVANCED_FACE ( 'NONE', ( #5949, #1160 ), #266, .T. ) ;
#1431 = FACE_OUTER_BOUND ( 'NONE', #5223, .T. ) ;
#1432 = EDGE_CURVE ( 'NONE', #3907, #5718, #3815, .T. ) ;
#1433 = ORIENTED_EDGE ( 'NONE', *, *, #1316, .F. ) ;
#1434 = LINE ( 'NONE', #6082, #5806 ) ;
#1435 = ADVANCED_FACE ( 'NONE', ( #2208 ), #1692, .F. ) ;
#1436 = ORIENTED_EDGE ( 'NONE', *, *, #3795, .F. ) ;
#1437 = ORIENTED_EDGE ( 'NONE', *, *, #2970, .T. ) ;
#1438 = AXIS2_PLACEMENT_3D ( 'NONE', #2907, #3385, #2863 ) ;
#1439 = EDGE_CURVE ( 'NONE', #6668, #5522, #4798, .T. ) ;
#1440 = VERTEX_POINT ( 'NONE', #3328 ) ;
#1441 = CARTESIAN_POINT ( 'NONE',  ( 2.902333563713763720, -2.999999999999999112, -2.137306690898530537 ) ) ;
#1442 = VERTEX_POINT ( 'NONE', #5443 ) ;
#1443 = CARTESIAN_POINT ( 'NONE',  ( 44.94974746830583712, 4.949747468305822906, -1.307530621479057853 ) ) ;
#1444 = PLANE ( 'NONE',  #4975 ) ;
#1445 = CARTESIAN_POINT ( 'NONE',  ( 74.74999999997550049, -3.000000000000000000, 3.699747468330339739 ) ) ;
#1446 = FACE_OUTER_BOUND ( 'NONE', #5848, .T. ) ;
#1447 = CARTESIAN_POINT ( 'NONE',  ( 21.15470053837924880, -1.399999999999999911, -1.999999999999998224 ) ) ;
#1448 = CARTESIAN_POINT ( 'NONE',  ( 3.845299461620749870, -1.399999999999999911, 2.000000000000000888 ) ) ;
#1449 = ORIENTED_EDGE ( 'NONE', *, *, #440, .T. ) ;
#1450 = DIRECTION ( 'NONE',  ( 0.000000000000000000, 1.000000000000000000, 0.000000000000000000 ) ) ;
#1451 = CARTESIAN_POINT ( 'NONE',  ( 19.99999999999999645, -1.399999999999999911, -4.000000000000000000 ) ) ;
#1452 = ORIENTED_EDGE ( 'NONE', *, *, #913, .F. ) ;
#1453 = CYLINDRICAL_SURFACE ( 'NONE', #733, 0.5000000000000004441 ) ;
#1454 = DIRECTION ( 'NONE',  ( 0.8660254037844390407, -0.4999999999999992784, -9.229236442753882421E-17 ) ) ;
#1455 = AXIS2_PLACEMENT_3D ( 'NONE', #4409, #294, #840 ) ;
#1456 = ORIENTED_EDGE ( 'NONE', *, *, #5617, .F. ) ;
#1457 = FACE_OUTER_BOUND ( 'NONE', #450, .T. ) ;
#1458 = DIRECTION ( 'NONE',  ( 0.000000000000000000, 0.000000000000000000, 1.000000000000000000 ) ) ;
#1459 = ORIENTED_EDGE ( 'NONE', *, *, #2497, .F. ) ;
#1460 = CIRCLE ( 'NONE', #2658, 0.5000000000000004441 ) ;
#1461 = EDGE_CURVE ( 'NONE', #3447, #4957, #1695, .T. ) ;
#1462 = EDGE_LOOP ( 'NONE', ( #5955, #4475, #403, #3473 ) ) ;
#1463 = CARTESIAN_POINT ( 'NONE',  ( 75.25000000000001421, 1.000000000000000000, -6.750000000000007994 ) ) ;
#1464 = AXIS2_PLACEMENT_3D ( 'NONE', #2200, #3697, #4758 ) ;
#1465 = ORIENTED_EDGE ( 'NONE', *, *, #60, .T. ) ;
#1466 = LINE ( 'NONE', #5244, #3201 ) ;
#1467 = EDGE_CURVE ( 'NONE', #2622, #2762, #4190, .T. ) ;
#1468 = ORIENTED_EDGE ( 'NONE', *, *, #4717, .T. ) ;
#1469 = AXIS2_PLACEMENT_3D ( 'NONE', #2666, #140, #4743 ) ;
#1470 = CARTESIAN_POINT ( 'NONE',  ( -3.216644416678781315, -3.000000000000000444, -1.129561232299856499 ) ) ;
#1471 = ORIENTED_EDGE ( 'NONE', *, *, #1621, .F. ) ;
#1472 = DIRECTION ( 'NONE',  ( 1.000000000000000000, 0.000000000000000000, 0.000000000000000000 ) ) ;
#1473 = VECTOR ( 'NONE', #4122, 1000.000000000000000 ) ;
#1474 = FACE_BOUND ( 'NONE', #5271, .T. ) ;
#1475 = VECTOR ( 'NONE', #6128, 1000.000000000000000 ) ;
#1476 = ORIENTED_EDGE ( 'NONE', *, *, #4880, .F. ) ;
#1477 = CARTESIAN_POINT ( 'NONE',  ( 66.99999999995100097, -3.000000000000001332, 5.000000000000000000 ) ) ;
#1478 = DIRECTION ( 'NONE',  ( 1.000000000000000000, 0.000000000000000000, 0.000000000000000000 ) ) ;
#1479 = AXIS2_PLACEMENT_3D ( 'NONE', #4310, #96, #4376 ) ;
#1480 = VECTOR ( 'NONE', #6227, 1000.000000000000000 ) ;
#1481 = LINE ( 'NONE', #3558, #4090 ) ;
#1482 = ORIENTED_EDGE ( 'NONE', *, *, #1796, .T. ) ;
#1483 = DIRECTION ( 'NONE',  ( 0.03489949670249702096, -0.9993908270190958731, 0.000000000000000000 ) ) ;
#1484 = EDGE_CURVE ( 'NONE', #5158, #780, #2344, .T. ) ;
#1485 = CARTESIAN_POINT ( 'NONE',  ( 69.30940107670949146, -1.399999999999999911, 5.000000000000000888 ) ) ;
#1486 = ORIENTED_EDGE ( 'NONE', *, *, #2617, .T. ) ;
#1487 = CARTESIAN_POINT ( 'NONE',  ( 2.344831792788169000, -2.999999999999999556, 1.709086729569587515 ) ) ;
#1488 = VERTEX_POINT ( 'NONE', #3264 ) ;
#1489 = VECTOR ( 'NONE', #279, 1000.000000000000000 ) ;
#1490 = EDGE_CURVE ( 'NONE', #4770, #331, #685, .T. ) ;
#1491 = EDGE_LOOP ( 'NONE', ( #3153, #3692, #5873, #614 ) ) ;
#1492 = CARTESIAN_POINT ( 'NONE',  ( 18.84529946162074410, -3.000000000000000000, 5.999999999999994671 ) ) ;
#1493 = CARTESIAN_POINT ( 'NONE',  ( 39.99999999999999289, 0.000000000000000000, -2.100000000000000089 ) ) ;
#1494 = VECTOR ( 'NONE', #2316, 1000.000000000000000 ) ;
#1495 = ORIENTED_EDGE ( 'NONE', *, *, #365, .F. ) ;
#1496 = LINE ( 'NONE', #3570, #124 ) ;
#1497 = VECTOR ( 'NONE', #2880, 1000.000000000000000 ) ;
#1498 = ORIENTED_EDGE ( 'NONE', *, *, #3370, .T. ) ;
#1499 = LINE ( 'NONE', #1722, #588 ) ;
#1500 = VECTOR ( 'NONE', #1247, 1000.000000000000000 ) ;
#1501 = ORIENTED_EDGE ( 'NONE', *, *, #418, .T. ) ;
#1502 = EDGE_CURVE ( 'NONE', #3426, #758, #1772, .T. ) ;
#1503 = CARTESIAN_POINT ( 'NONE',  ( 5.000000000000000000, 1.000000000000000000, 4.000000000000000000 ) ) ;
#1504 = DIRECTION ( 'NONE',  ( -0.000000000000000000, 1.000000000000000000, -0.000000000000000000 ) ) ;
#1505 = DIRECTION ( 'NONE',  ( 0.000000000000000000, 1.000000000000000000, 0.000000000000000000 ) ) ;
#1506 = EDGE_LOOP ( 'NONE', ( #1657, #5657, #6526, #1638 ) ) ;
#1507 = VECTOR ( 'NONE', #2576, 1000.000000000000114 ) ;
#1508 = EDGE_LOOP ( 'NONE', ( #3816, #5255, #3416, #144 ) ) ;
#1509 = EDGE_CURVE ( 'NONE', #3025, #5698, #2635, .T. ) ;
#1510 = EDGE_CURVE ( 'NONE', #4770, #3070, #4901, .T. ) ;
#1511 = EDGE_CURVE ( 'NONE', #3057, #229, #3398, .T. ) ;
#1512 = ORIENTED_EDGE ( 'NONE', *, *, #4792, .T. ) ;
#1513 = LINE ( 'NONE', #927, #779 ) ;
#1514 = EDGE_LOOP ( 'NONE', ( #4622, #6485, #4098, #1953 ) ) ;
#1515 = FACE_BOUND ( 'NONE', #1675, .T. ) ;
#1516 = EDGE_LOOP ( 'NONE', ( #3064, #139 ) ) ;
#1517 = CARTESIAN_POINT ( 'NONE',  ( 62.99999999995100097, -1.000000000000007994, -7.000000000000010658 ) ) ;
#1518 = EDGE_CURVE ( 'NONE', #1543, #407, #3432, .T. ) ;
#1519 = DIRECTION ( 'NONE',  ( 0.000000000000000000, 0.000000000000000000, 1.000000000000000000 ) ) ;
#1520 = DIRECTION ( 'NONE',  ( 0.000000000000000000, -0.000000000000000000, 1.000000000000000000 ) ) ;
#1521 = CARTESIAN_POINT ( 'NONE',  ( -1.789744034730013028E-16, -3.000000000000000000, -5.999999999999987566 ) ) ;
#1522 = ORIENTED_EDGE ( 'NONE', *, *, #5701, .F. ) ;
#1523 = CARTESIAN_POINT ( 'NONE',  ( 62.49999999995100097, -1.000000000000007994, -7.000000000000010658 ) ) ;
#1524 = ORIENTED_EDGE ( 'NONE', *, *, #3040, .T. ) ;
#1525 = ADVANCED_FACE ( 'NONE', ( #5980 ), #3980, .F. ) ;
#1526 = CARTESIAN_POINT ( 'NONE',  ( 39.99999999999999289, 0.000000000000000000, 6.999999999999998224 ) ) ;
#1527 = ORIENTED_EDGE ( 'NONE', *, *, #1405, .T. ) ;
#1528 = DIRECTION ( 'NONE',  ( 1.873501354054951662E-16, -1.000000000000000000, 0.000000000000000000 ) ) ;
#1529 = CIRCLE ( 'NONE', #2612, 1.999999999996418643 ) ;
#1530 = LINE ( 'NONE', #2505, #6410 ) ;
#1531 = FACE_OUTER_BOUND ( 'NONE', #5509, .T. ) ;
#1532 = DIRECTION ( 'NONE',  ( -0.4999999999999992784, -0.8660254037844390407, 0.000000000000000000 ) ) ;
#1533 = DIRECTION ( 'NONE',  ( -0.4999999999999992784, 0.000000000000000000, -0.8660254037844390407 ) ) ;
#1534 = VERTEX_POINT ( 'NONE', #818 ) ;
#1535 = DIRECTION ( 'NONE',  ( -7.607762192503441988E-17, -1.000000000000000000, 0.000000000000000000 ) ) ;
#1536 = CARTESIAN_POINT ( 'NONE',  ( 73.25000000000001421, 0.9999999999999997780, 0.2500000000000002220 ) ) ;
#1537 = DIRECTION ( 'NONE',  ( -1.000000000000000000, 0.000000000000000000, 1.152640183373293597E-17 ) ) ;
#1538 = ORIENTED_EDGE ( 'NONE', *, *, #183, .F. ) ;
#1539 = VECTOR ( 'NONE', #282, 999.9999999999998863 ) ;
#1540 = DIRECTION ( 'NONE',  ( 9.899527020402261030E-17, -0.7071067811865475727, 0.7071067811865475727 ) ) ;
#1541 = ORIENTED_EDGE ( 'NONE', *, *, #1768, .F. ) ;
#1542 = CARTESIAN_POINT ( 'NONE',  ( -2.340779508884181404, -3.000000000000000444, -1.409263130670389774 ) ) ;
#1543 = VERTEX_POINT ( 'NONE', #2377 ) ;
#1544 = DIRECTION ( 'NONE',  ( 0.000000000000000000, 0.000000000000000000, 1.000000000000000000 ) ) ;
#1545 = ADVANCED_FACE ( 'NONE', ( #5512 ), #2881, .F. ) ;
#1546 = DIRECTION ( 'NONE',  ( -0.4840501729431872513, 0.2505628070857182088, 0.8383994929501065174 ) ) ;
#1547 = EDGE_LOOP ( 'NONE', ( #4266, #3610, #6203, #6593 ) ) ;
#1548 = EDGE_CURVE ( 'NONE', #3089, #3426, #5605, .T. ) ;
#1549 = DIRECTION ( 'NONE',  ( 1.169476500658520487E-16, -1.000000000000000000, 0.000000000000000000 ) ) ;
#1550 = ORIENTED_EDGE ( 'NONE', *, *, #1914, .F. ) ;
#1551 = CARTESIAN_POINT ( 'NONE',  ( -0.06938948308059995906, -3.000000000000000444, 2.800102823865961099 ) ) ;
#1552 = ORIENTED_EDGE ( 'NONE', *, *, #1385, .T. ) ;
#1553 = DIRECTION ( 'NONE',  ( -0.5000000000000003331, 0.000000000000000000, -0.8660254037844383745 ) ) ;
#1554 = EDGE_CURVE ( 'NONE', #940, #2824, #3464, .T. ) ;
#1555 = DIRECTION ( 'NONE',  ( -0.000000000000000000, -0.000000000000000000, -1.000000000000000000 ) ) ;
#1556 = FACE_OUTER_BOUND ( 'NONE', #881, .T. ) ;
#1557 = ADVANCED_FACE ( 'NONE', ( #368 ), #6580, .F. ) ;
#1558 = VERTEX_POINT ( 'NONE', #5002 ) ;
#1559 = CARTESIAN_POINT ( 'NONE',  ( 19.99999999999999645, 1.000000000000000000, 4.000000000000000000 ) ) ;
#1560 = DIRECTION ( 'NONE',  ( 0.000000000000000000, 0.000000000000000000, 1.000000000000000000 ) ) ;
#1561 = DIRECTION ( 'NONE',  ( 0.000000000000000000, 0.000000000000000000, 1.000000000000000000 ) ) ;
#1562 = ORIENTED_EDGE ( 'NONE', *, *, #6697, .F. ) ;
#1563 = AXIS2_PLACEMENT_3D ( 'NONE', #4332, #5919, #4908 ) ;
#1564 = LINE ( 'NONE', #4188, #5047 ) ;
#1565 = VECTOR ( 'NONE', #2496, 999.9999999999998863 ) ;
#1566 = EDGE_CURVE ( 'NONE', #4450, #6500, #848, .T. ) ;
#1567 = VECTOR ( 'NONE', #3303, 1000.000000000000000 ) ;
#1568 = PLANE ( 'NONE',  #678 ) ;
#1569 = ORIENTED_EDGE ( 'NONE', *, *, #5415, .F. ) ;
#1570 = CARTESIAN_POINT ( 'NONE',  ( 68.15470053833026043, -3.000000000000000000, 3.000000000000009770 ) ) ;
#1571 = ORIENTED_EDGE ( 'NONE', *, *, #3856, .T. ) ;
#1572 = AXIS2_PLACEMENT_3D ( 'NONE', #4813, #3309, #4438 ) ;
#1573 = VECTOR ( 'NONE', #4174, 1000.000000000000000 ) ;
#1574 = ORIENTED_EDGE ( 'NONE', *, *, #5936, .F. ) ;
#1575 = DIRECTION ( 'NONE',  ( 0.5000000000000145439, -0.7071067811865426878, -0.4999999999999923395 ) ) ;
#1576 = PLANE ( 'NONE',  #1293 ) ;
#1577 = FACE_OUTER_BOUND ( 'NONE', #3748, .T. ) ;
#1578 = VECTOR ( 'NONE', #5851, 1000.000000000000000 ) ;
#1579 = CARTESIAN_POINT ( 'NONE',  ( 70.19974746828131629, 0.9999999999999993339, -6.750000000000000888 ) ) ;
#1580 = ORIENTED_EDGE ( 'NONE', *, *, #2965, .F. ) ;
#1581 = DIRECTION ( 'NONE',  ( -0.000000000000000000, 1.000000000000000000, -0.000000000000000000 ) ) ;
#1582 = DIRECTION ( 'NONE',  ( 0.000000000000000000, 0.000000000000000000, -1.000000000000000000 ) ) ;
#1583 = ORIENTED_EDGE ( 'NONE', *, *, #728, .F. ) ;
#1584 = EDGE_CURVE ( 'NONE', #229, #4101, #4516, .T. ) ;
#1585 = LINE ( 'NONE', #5193, #2036 ) ;
#1586 = VECTOR ( 'NONE', #2278, 1000.000000000000000 ) ;
#1587 = EDGE_CURVE ( 'NONE', #1421, #4366, #3028, .T. ) ;
#1588 = CIRCLE ( 'NONE', #1917, 1.750000000000001554 ) ;
#1589 = EDGE_CURVE ( 'NONE', #3258, #4579, #5098, .T. ) ;
#1590 = DIRECTION ( 'NONE',  ( 1.000000000000000000, 0.000000000000000000, 0.000000000000000000 ) ) ;
#1591 = LINE ( 'NONE', #3662, #3984 ) ;
#1592 = CARTESIAN_POINT ( 'NONE',  ( 37.23743686706489342, -3.000000000000000000, 37.23743686706414024 ) ) ;
#1593 = AXIS2_PLACEMENT_3D ( 'NONE', #1215, #2714, #673 ) ;
#1594 = FACE_OUTER_BOUND ( 'NONE', #3743, .T. ) ;
#1595 = VERTEX_POINT ( 'NONE', #6103 ) ;
#1596 = EDGE_CURVE ( 'NONE', #2695, #1421, #5474, .T. ) ;
#1597 = ORIENTED_EDGE ( 'NONE', *, *, #1705, .F. ) ;
#1598 = DIRECTION ( 'NONE',  ( -0.1564344650402258174, -0.9876883405951384365, 0.000000000000000000 ) ) ;
#1599 = VECTOR ( 'NONE', #5386, 1000.000000000000114 ) ;
#1600 = CARTESIAN_POINT ( 'NONE',  ( 52.99999999999999289, 0.9999999999999974465, 6.749999999999998224 ) ) ;
#1601 = EDGE_CURVE ( 'NONE', #1595, #240, #3434, .T. ) ;
#1602 = AXIS2_PLACEMENT_3D ( 'NONE', #2210, #655, #4220 ) ;
#1603 = LINE ( 'NONE', #1736, #6112 ) ;
#1604 = VERTEX_POINT ( 'NONE', #3913 ) ;
#1605 = AXIS2_PLACEMENT_3D ( 'NONE', #3487, #1520, #5154 ) ;
#1606 = CARTESIAN_POINT ( 'NONE',  ( 66.99999999997550049, -1.399999999999999911, 7.000000000000013323 ) ) ;
#1607 = VERTEX_POINT ( 'NONE', #2506 ) ;
#1608 = ADVANCED_FACE ( 'NONE', ( #4588, #4042 ), #5065, .T. ) ;
#1609 = CARTESIAN_POINT ( 'NONE',  ( 1.520099444072956052, -3.000000000000000444, -2.429836373007288941 ) ) ;
#1610 = DIRECTION ( 'NONE',  ( 1.000000000000000000, 1.239088197128824786E-16, 0.000000000000000000 ) ) ;
#1611 = ORIENTED_EDGE ( 'NONE', *, *, #1265, .T. ) ;
#1612 = AXIS2_PLACEMENT_3D ( 'NONE', #2532, #938, #3015 ) ;
#1613 = EDGE_LOOP ( 'NONE', ( #5365, #5813, #6659, #5468 ) ) ;
#1614 = CARTESIAN_POINT ( 'NONE',  ( 37.69059892324148819, 3.042777124972457945E-15, -7.000000000000010658 ) ) ;
#1615 = SURFACE_STYLE_FILL_AREA ( #1989 ) ;
#1616 = EDGE_LOOP ( 'NONE', ( #4799, #2886, #91, #525 ) ) ;
#1617 = LINE ( 'NONE', #2706, #2347 ) ;
#1618 = VERTEX_POINT ( 'NONE', #2478 ) ;
#1619 = CARTESIAN_POINT ( 'NONE',  ( 8.000000000000000000, 0.000000000000000000, -1.248999599679684769 ) ) ;
#1620 = ORIENTED_EDGE ( 'NONE', *, *, #816, .F. ) ;
#1621 = EDGE_CURVE ( 'NONE', #4230, #6350, #4551, .T. ) ;
#1622 = LINE ( 'NONE', #5732, #2930 ) ;
#1623 = CARTESIAN_POINT ( 'NONE',  ( 68.99474601756980974, -2.954129394275438525, -5.544998549288506773 ) ) ;
#1624 = CARTESIAN_POINT ( 'NONE',  ( 68.15470053833026043, -3.000000000000000000, 3.000000000000009770 ) ) ;
#1625 = CARTESIAN_POINT ( 'NONE',  ( 75.25000000000001421, -1.999999999999992228, -7.000000000000007994 ) ) ;
#1626 = ORIENTED_EDGE ( 'NONE', *, *, #1811, .T. ) ;
#1627 = CARTESIAN_POINT ( 'NONE',  ( 6.154700538379250574, -3.000000000000000000, -2.000000000000000000 ) ) ;
#1628 = VECTOR ( 'NONE', #6098, 1000.000000000000000 ) ;
#1629 = ORIENTED_EDGE ( 'NONE', *, *, #5343, .T. ) ;
#1630 = FACE_OUTER_BOUND ( 'NONE', #6015, .T. ) ;
#1631 = FACE_OUTER_BOUND ( 'NONE', #928, .T. ) ;
#1632 = AXIS2_PLACEMENT_3D ( 'NONE', #4940, #726, #1337 ) ;
#1633 = EDGE_CURVE ( 'NONE', #3423, #4200, #1969, .T. ) ;
#1634 = LINE ( 'NONE', #885, #1494 ) ;
#1635 = CARTESIAN_POINT ( 'NONE',  ( 70.19974746828131629, 0.9999999999999993339, 5.000000000000004441 ) ) ;
#1636 = ADVANCED_FACE ( 'NONE', ( #1531 ), #574, .F. ) ;
#1637 = CARTESIAN_POINT ( 'NONE',  ( 19.99999999999999645, -1.399999999999999911, 5.099999999999999645 ) ) ;
#1638 = ORIENTED_EDGE ( 'NONE', *, *, #2425, .T. ) ;
#1639 = CARTESIAN_POINT ( 'NONE',  ( 2.902717992788899970, -3.000000000000000444, -0.3687310288751709519 ) ) ;
#1640 = DIRECTION ( 'NONE',  ( 0.000000000000000000, 0.000000000000000000, 1.000000000000000000 ) ) ;
#1641 = EDGE_CURVE ( 'NONE', #3618, #681, #3192, .T. ) ;
#1642 = ORIENTED_EDGE ( 'NONE', *, *, #1174, .F. ) ;
#1643 = EDGE_LOOP ( 'NONE', ( #2922, #1295, #2491, #2984 ) ) ;
#1644 = CARTESIAN_POINT ( 'NONE',  ( 48.43559376243930359, 7.903445365289373470, -1.446554634710627951 ) ) ;
#1645 = ORIENTED_EDGE ( 'NONE', *, *, #3603, .T. ) ;
#1646 = CARTESIAN_POINT ( 'NONE',  ( 36.38620478908359246, -3.000000000000000000, -2.100000000000000089 ) ) ;
#1647 = LINE ( 'NONE', #5222, #277 ) ;
#1648 = EDGE_LOOP ( 'NONE', ( #560, #1482, #5559, #507 ) ) ;
#1649 = CARTESIAN_POINT ( 'NONE',  ( 5.000000000000000000, -1.399999999999999911, 5.100000000000001421 ) ) ;
#1650 = ORIENTED_EDGE ( 'NONE', *, *, #2611, .T. ) ;
#1651 = PLANE ( 'NONE',  #1389 ) ;
#1652 = CARTESIAN_POINT ( 'NONE',  ( 72.00000000000046896, 0.7499999999999993339, 5.249999999978326670 ) ) ;
#1653 = CARTESIAN_POINT ( 'NONE',  ( 46.13528137423853082, 2.349999999999996980, 6.999999999999998224 ) ) ;
#1654 = DIRECTION ( 'NONE',  ( -0.4999999999999997780, 0.000000000000000000, -0.8660254037844387076 ) ) ;
#1655 = EDGE_LOOP ( 'NONE', ( #2192, #3137, #2110, #2514 ) ) ;
#1656 = CARTESIAN_POINT ( 'NONE',  ( 17.49999999999999645, 0.000000000000000000, 2.000000000000000444 ) ) ;
#1657 = ORIENTED_EDGE ( 'NONE', *, *, #5055, .F. ) ;
#1658 = ORIENTED_EDGE ( 'NONE', *, *, #6290, .T. ) ;
#1659 = DIRECTION ( 'NONE',  ( 0.000000000000000000, 0.000000000000000000, 1.000000000000000000 ) ) ;
#1660 = CARTESIAN_POINT ( 'NONE',  ( 66.99999999995100097, 0.9999999999999995559, 5.000000000000000000 ) ) ;
#1661 = DIRECTION ( 'NONE',  ( -0.7071067811865477948, -0.7071067811865473507, 3.268274812606743527E-14 ) ) ;
#1662 = CARTESIAN_POINT ( 'NONE',  ( 41.09999999999998721, 0.000000000000000000, -7.000000000000007994 ) ) ;
#1663 = EDGE_CURVE ( 'NONE', #4067, #4349, #1272, .T. ) ;
#1664 = CARTESIAN_POINT ( 'NONE',  ( 43.09811156375918983, 0.1081884397777404944, 2.100000000000000089 ) ) ;
#1665 = ORIENTED_EDGE ( 'NONE', *, *, #5110, .T. ) ;
#1666 = EDGE_CURVE ( 'NONE', #5698, #2619, #5636, .T. ) ;
#1667 = CIRCLE ( 'NONE', #5479, 1.000000000010825563 ) ;
#1668 = ORIENTED_EDGE ( 'NONE', *, *, #649, .T. ) ;
#1669 = DIRECTION ( 'NONE',  ( 0.000000000000000000, 0.000000000000000000, -1.000000000000000000 ) ) ;
#1670 = VERTEX_POINT ( 'NONE', #63 ) ;
#1671 = ADVANCED_FACE ( 'NONE', ( #539 ), #3627, .F. ) ;
#1672 = EDGE_LOOP ( 'NONE', ( #3690, #1498, #1025, #43 ) ) ;
#1673 = FACE_OUTER_BOUND ( 'NONE', #4654, .T. ) ;
#1674 = PLANE ( 'NONE',  #622 ) ;
#1675 = EDGE_LOOP ( 'NONE', ( #4304, #3505 ) ) ;
#1676 = CARTESIAN_POINT ( 'NONE',  ( 34.26002802492878629, -3.000000000000000000, 0.000000000000000000 ) ) ;
#1677 = DIRECTION ( 'NONE',  ( 0.000000000000000000, 0.000000000000000000, -1.000000000000000000 ) ) ;
#1678 = ORIENTED_EDGE ( 'NONE', *, *, #3307, .F. ) ;
#1679 = CARTESIAN_POINT ( 'NONE',  ( -6.020577338175835497E-11, -3.000000000000000000, -4.999999999154699282 ) ) ;
#1680 = VECTOR ( 'NONE', #4682, 1000.000000000000114 ) ;
#1681 = CARTESIAN_POINT ( 'NONE',  ( -6.020577338175835497E-11, -3.000000000000000000, -4.999999999154699282 ) ) ;
#1682 = LINE ( 'NONE', #5362, #545 ) ;
#1683 = EDGE_CURVE ( 'NONE', #4959, #4663, #2134, .T. ) ;
#1684 = AXIS2_PLACEMENT_3D ( 'NONE', #6147, #2966, #6459 ) ;
#1685 = DIRECTION ( 'NONE',  ( -0.7071067811865403563, 0.000000000000000000, 0.7071067811865546782 ) ) ;
#1686 = LINE ( 'NONE', #4312, #6655 ) ;
#1687 = CARTESIAN_POINT ( 'NONE',  ( 69.02042121731204816, -2.967419855635638370, -5.500527798840489702 ) ) ;
#1688 = ORIENTED_EDGE ( 'NONE', *, *, #1985, .T. ) ;
#1689 = LINE ( 'NONE', #2774, #4558 ) ;
#1690 = ORIENTED_EDGE ( 'NONE', *, *, #307, .F. ) ;
#1691 = VERTEX_POINT ( 'NONE', #4171 ) ;
#1692 = CONICAL_SURFACE ( 'NONE', #501, 0.5249999999999976907, 0.8726646259970902708 ) ;
#1693 = ORIENTED_EDGE ( 'NONE', *, *, #4255, .T. ) ;
#1694 = DIRECTION ( 'NONE',  ( -1.000000000000000000, 0.000000000000000000, 0.000000000000000000 ) ) ;
#1695 = LINE ( 'NONE', #3778, #4629 ) ;
#1696 = AXIS2_PLACEMENT_3D ( 'NONE', #5135, #2575, #33 ) ;
#1697 = EDGE_CURVE ( 'NONE', #686, #1488, #3696, .T. ) ;
#1698 = DIRECTION ( 'NONE',  ( 1.000000000000000000, 1.665334536937734811E-16, 0.000000000000000000 ) ) ;
#1699 = LINE ( 'NONE', #163, #4390 ) ;
#1700 = ORIENTED_EDGE ( 'NONE', *, *, #4415, .F. ) ;
#1701 = EDGE_CURVE ( 'NONE', #6198, #4699, #470, .T. ) ;
#1702 = VECTOR ( 'NONE', #6489, 1000.000000000000114 ) ;
#1703 = VECTOR ( 'NONE', #5407, 1000.000000000000000 ) ;
#1704 = CARTESIAN_POINT ( 'NONE',  ( 64.69059892319249627, -1.399999999999999911, 4.999999999999998224 ) ) ;
#1705 = EDGE_CURVE ( 'NONE', #1967, #4067, #2540, .T. ) ;
#1706 = AXIS2_PLACEMENT_3D ( 'NONE', #4752, #6269, #1179 ) ;
#1707 = VERTEX_POINT ( 'NONE', #4756 ) ;
#1708 = DIRECTION ( 'NONE',  ( 0.000000000000000000, 0.000000000000000000, 1.000000000000000000 ) ) ;
#1709 = EDGE_CURVE ( 'NONE', #4175, #1030, #4657, .T. ) ;
#1710 = AXIS2_PLACEMENT_3D ( 'NONE', #4385, #2207, #1694 ) ;
#1711 = VERTEX_POINT ( 'NONE', #1623 ) ;
#1712 = ORIENTED_EDGE ( 'NONE', *, *, #3406, .F. ) ;
#1713 = AXIS2_PLACEMENT_3D ( 'NONE', #6660, #1987, #3082 ) ;
#1714 = CARTESIAN_POINT ( 'NONE',  ( 2.690598923241498852, -1.399999999999999911, 3.999999999999998224 ) ) ;
#1715 = CARTESIAN_POINT ( 'NONE',  ( 64.49999999995100097, 0.7499999999999988898, -7.000000000000007105 ) ) ;
#1716 = ORIENTED_EDGE ( 'NONE', *, *, #5374, .T. ) ;
#1717 = CARTESIAN_POINT ( 'NONE',  ( 45.60265469696417995, 4.296840239647486293, 1.035071657468303208 ) ) ;
#1718 = ORIENTED_EDGE ( 'NONE', *, *, #1518, .F. ) ;
#1719 = CONICAL_SURFACE ( 'NONE', #6696, 1.750000000000003553, 0.7853981633974592702 ) ;
#1720 = CARTESIAN_POINT ( 'NONE',  ( 73.25000000000001421, -3.000000000000000000, 0.2500000000000002220 ) ) ;
#1721 = DIRECTION ( 'NONE',  ( 0.000000000000000000, 0.000000000000000000, -1.000000000000000000 ) ) ;
#1722 = CARTESIAN_POINT ( 'NONE',  ( 75.25000000000001421, 1.000000000000000000, -6.750000000000007994 ) ) ;
#1723 = LINE ( 'NONE', #607, #208 ) ;
#1724 = CYLINDRICAL_SURFACE ( 'NONE', #5074, 2.000000000000001776 ) ;
#1725 = EDGE_CURVE ( 'NONE', #3184, #2241, #4738, .T. ) ;
#1726 = DIRECTION ( 'NONE',  ( -0.000000000000000000, -1.000000000000000000, -0.000000000000000000 ) ) ;
#1727 = DIRECTION ( 'NONE',  ( -0.8660254037844388186, 0.000000000000000000, 0.4999999999999996669 ) ) ;
#1728 = ORIENTED_EDGE ( 'NONE', *, *, #6568, .F. ) ;
#1729 = FACE_OUTER_BOUND ( 'NONE', #843, .T. ) ;
#1730 = EDGE_LOOP ( 'NONE', ( #6086, #527, #604, #6608 ) ) ;
#1731 = ORIENTED_EDGE ( 'NONE', *, *, #4921, .T. ) ;
#1732 = ORIENTED_EDGE ( 'NONE', *, *, #5669, .T. ) ;
#1733 = CARTESIAN_POINT ( 'NONE',  ( 37.69059892324148819, 3.042777124972457945E-15, -7.000000000000010658 ) ) ;
#1734 = CARTESIAN_POINT ( 'NONE',  ( 31.97047807699053479, 1.946187992089260410, -1.536847163528781035 ) ) ;
#1735 = VECTOR ( 'NONE', #1048, 1000.000000000000000 ) ;
#1736 = CARTESIAN_POINT ( 'NONE',  ( 73.68933982819568485, -3.000000000000000000, -2.639087296550524986 ) ) ;
#1737 = VERTEX_POINT ( 'NONE', #2614 ) ;
#1738 = DIRECTION ( 'NONE',  ( 0.000000000000000000, 0.000000000000000000, 1.000000000000000000 ) ) ;
#1739 = VECTOR ( 'NONE', #3390, 1000.000000000000000 ) ;
#1740 = VERTEX_POINT ( 'NONE', #3569 ) ;
#1741 = DIRECTION ( 'NONE',  ( 1.000000000000000000, 0.000000000000000000, -1.204114654687106238E-11 ) ) ;
#1742 = ORIENTED_EDGE ( 'NONE', *, *, #2425, .F. ) ;
#1743 = AXIS2_PLACEMENT_3D ( 'NONE', #1823, #5931, #1284 ) ;
#1744 = VERTEX_POINT ( 'NONE', #609 ) ;
#1745 = CARTESIAN_POINT ( 'NONE',  ( 66.99999999995100097, -3.000000000000001332, -6.100000000000006750 ) ) ;
#1746 = DIRECTION ( 'NONE',  ( 0.000000000000000000, 0.000000000000000000, -1.000000000000000000 ) ) ;
#1747 = EDGE_LOOP ( 'NONE', ( #3405, #4168, #3178, #3524, #893, #6220, #6428, #2668 ) ) ;
#1748 = PLANE ( 'NONE',  #6194 ) ;
#1749 = VERTEX_POINT ( 'NONE', #3128 ) ;
#1750 = DIRECTION ( 'NONE',  ( -0.000000000000000000, 1.000000000000000000, -0.000000000000000000 ) ) ;
#1751 = DIRECTION ( 'NONE',  ( 1.152640183373293597E-17, -0.000000000000000000, 1.000000000000000000 ) ) ;
#1752 = AXIS2_PLACEMENT_3D ( 'NONE', #14, #5712, #5146 ) ;
#1753 = EDGE_CURVE ( 'NONE', #1618, #3787, #2069, .T. ) ;
#1754 = VECTOR ( 'NONE', #392, 1000.000000000000114 ) ;
#1755 = CARTESIAN_POINT ( 'NONE',  ( 44.24264068711926967, 4.242640687119259901, 6.999999999999998224 ) ) ;
#1756 = ADVANCED_FACE ( 'NONE', ( #504 ), #5175, .F. ) ;
#1757 = DIRECTION ( 'NONE',  ( 0.000000000000000000, 0.000000000000000000, 1.000000000000000000 ) ) ;
#1758 = CARTESIAN_POINT ( 'NONE',  ( 3.845299461620749870, -1.399999999999999911, 2.000000000000000888 ) ) ;
#1759 = CARTESIAN_POINT ( 'NONE',  ( 38.89999999999999858, 1.347111479062089982E-16, 4.999999999999999112 ) ) ;
#1760 = CARTESIAN_POINT ( 'NONE',  ( 73.97999999995100495, 0.9790225092205677715, -0.3299999999992652699 ) ) ;
#1761 = ORIENTED_EDGE ( 'NONE', *, *, #380, .F. ) ;
#1762 = DIRECTION ( 'NONE',  ( -0.4999999999999990563, 0.000000000000000000, 0.8660254037844391517 ) ) ;
#1763 = LINE ( 'NONE', #5305, #3786 ) ;
#1764 = CARTESIAN_POINT ( 'NONE',  ( 62.49999999995100097, 0.9999999999999920064, -7.000000000000010658 ) ) ;
#1765 = EDGE_LOOP ( 'NONE', ( #4124, #351, #2138, #1700 ) ) ;
#1766 = ORIENTED_EDGE ( 'NONE', *, *, #1697, .F. ) ;
#1767 = DIRECTION ( 'NONE',  ( -0.000000000000000000, -1.000000000000000000, -0.000000000000000000 ) ) ;
#1768 = EDGE_CURVE ( 'NONE', #1874, #842, #5266, .T. ) ;
#1769 = CARTESIAN_POINT ( 'NONE',  ( 28.79374561447864167, 1.000000000000000000, 1.600253026974970405 ) ) ;
#1770 = VERTEX_POINT ( 'NONE', #6237 ) ;
#1771 = CARTESIAN_POINT ( 'NONE',  ( 44.24264068711927678, 4.242640687119264342, 6.999999999999998224 ) ) ;
#1772 = LINE ( 'NONE', #4828, #2556 ) ;
#1773 = EDGE_CURVE ( 'NONE', #711, #344, #1591, .T. ) ;
#1774 = ORIENTED_EDGE ( 'NONE', *, *, #6492, .F. ) ;
#1775 = LINE ( 'NONE', #4127, #2184 ) ;
#1776 = FACE_OUTER_BOUND ( 'NONE', #1843, .T. ) ;
#1777 = B_SPLINE_CURVE_WITH_KNOTS ( 'NONE', 3,
 ( #3211, #2054, #4666, #1542, #1167, #2730, #3241, #4227, #6284, #5316, #3645, #3611, #4807, #2699, #661, #4129, #5679, #1031, #1609, #2087, #1069, #5716, #3681, #2597, #16, #3147, #4157, #1639, #559, #46 ),
 .UNSPECIFIED., .F., .F.,
 ( 4, 2, 2, 2, 2, 2, 2, 2, 2, 2, 2, 2, 2, 2, 4 ),
 ( 0.01550286845255246029, 0.01659825494455292177, 0.01769364143655338326, 0.01824133468255361226, 0.01878902792855384474, 0.01933672117455407374, 0.01988441442055430275, 0.02043210766655453522, 0.02097980091255476770, 0.02152749415855499671, 0.02207518740455522571, 0.02262288065055545819, 0.02317057389655568719, 0.02371826714255591967, 0.02426596038855614867 ),
 .UNSPECIFIED. ) ;
#1778 = EDGE_LOOP ( 'NONE', ( #3955, #4269, #6695, #4340 ) ) ;
#1779 = CARTESIAN_POINT ( 'NONE',  ( 46.55341286439822568, 3.469055466694029199, -0.2138418500121201105 ) ) ;
#1780 = ADVANCED_FACE ( 'NONE', ( #5830 ), #4345, .F. ) ;
#1781 = ORIENTED_EDGE ( 'NONE', *, *, #4170, .T. ) ;
#1782 = PLANE ( 'NONE',  #4185 ) ;
#1783 = VECTOR ( 'NONE', #3942, 1000.000000000000000 ) ;
#1784 = DIRECTION ( 'NONE',  ( -1.169476500658520487E-16, 1.000000000000000000, -0.000000000000000000 ) ) ;
#1785 = ORIENTED_EDGE ( 'NONE', *, *, #1510, .T. ) ;
#1786 = FACE_OUTER_BOUND ( 'NONE', #3699, .T. ) ;
#1787 = ORIENTED_EDGE ( 'NONE', *, *, #3886, .T. ) ;
#1788 = CARTESIAN_POINT ( 'NONE',  ( 41.09999999999998721, 0.000000000000000000, -4.000000000000010658 ) ) ;
#1789 = DIRECTION ( 'NONE',  ( 0.5000000000000150990, -0.7071067811865435759, -0.4999999999999905076 ) ) ;
#1790 = AXIS2_PLACEMENT_3D ( 'NONE', #2161, #6397, #5322 ) ;
#1791 = CARTESIAN_POINT ( 'NONE',  ( 71.99999999995094413, -3.000000000000000444, 4.000000000000711431 ) ) ;
#1792 = CARTESIAN_POINT ( 'NONE',  ( 44.94974746830583712, 4.949747468305822906, -5.999999999999992895 ) ) ;
#1793 = VECTOR ( 'NONE', #4804, 1000.000000000000227 ) ;
#1794 = CARTESIAN_POINT ( 'NONE',  ( 44.94974746830583712, 4.949747468305822906, 5.999999999999993783 ) ) ;
#1795 = EDGE_LOOP ( 'NONE', ( #4352, #3643, #1007, #6051 ) ) ;
#1796 = EDGE_CURVE ( 'NONE', #6664, #6500, #2783, .T. ) ;
#1797 = CARTESIAN_POINT ( 'NONE',  ( 71.99999999995104361, 1.000000000000000444, -3.999999999999287237 ) ) ;
#1798 = ORIENTED_EDGE ( 'NONE', *, *, #1705, .T. ) ;
#1799 = VERTEX_POINT ( 'NONE', #3804 ) ;
#1800 = CARTESIAN_POINT ( 'NONE',  ( 70.02999999995098790, -3.000000000000000888, -0.7999999999993120392 ) ) ;
#1801 = EDGE_CURVE ( 'NONE', #4349, #1837, #149, .T. ) ;
#1802 = CIRCLE ( 'NONE', #1039, 1.600000000000000311 ) ;
#1803 = CIRCLE ( 'NONE', #5803, 0.5000000000000004441 ) ;
#1804 = CARTESIAN_POINT ( 'NONE',  ( 3.845299461620749870, -1.399999999999999911, 2.000000000000000888 ) ) ;
#1805 = CARTESIAN_POINT ( 'NONE',  ( 62.49999999995100097, 0.9999999999999920064, 6.749999999999998224 ) ) ;
#1806 = VECTOR ( 'NONE', #5240, 1000.000000000000000 ) ;
#1807 = DIRECTION ( 'NONE',  ( -0.000000000000000000, -0.000000000000000000, 1.000000000000000000 ) ) ;
#1808 = ORIENTED_EDGE ( 'NONE', *, *, #3745, .F. ) ;
#1809 = DIRECTION ( 'NONE',  ( 0.000000000000000000, 0.000000000000000000, 1.000000000000000000 ) ) ;
#1810 = VECTOR ( 'NONE', #4074, 1000.000000000000000 ) ;
#1811 = EDGE_CURVE ( 'NONE', #6500, #5138, #1250, .T. ) ;
#1812 = VERTEX_POINT ( 'NONE', #2271 ) ;
#1813 = AXIS2_PLACEMENT_3D ( 'NONE', #632, #1784, #5852 ) ;
#1814 = DIRECTION ( 'NONE',  ( -0.000000000000000000, -0.000000000000000000, 1.000000000000000000 ) ) ;
#1815 = ORIENTED_EDGE ( 'NONE', *, *, #3414, .F. ) ;
#1816 = CARTESIAN_POINT ( 'NONE',  ( 71.24999999995101518, 1.000000000000000222, -0.9249999999992993827 ) ) ;
#1817 = CIRCLE ( 'NONE', #6472, 2.000000000000002665 ) ;
#1818 = DIRECTION ( 'NONE',  ( 0.4999999999999981126, 0.7071067811865398012, -0.5000000000000127676 ) ) ;
#1819 = ADVANCED_FACE ( 'NONE', ( #5863 ), #1182, .F. ) ;
#1820 = AXIS2_PLACEMENT_3D ( 'NONE', #6102, #3912, #3430 ) ;
#1821 = LINE ( 'NONE', #2225, #1099 ) ;
#1822 = VERTEX_POINT ( 'NONE', #5897 ) ;
#1823 = CARTESIAN_POINT ( 'NONE',  ( 73.25000000000001421, -2.749999999999992895, 0.2500000000000002220 ) ) ;
#1824 = AXIS2_PLACEMENT_3D ( 'NONE', #5530, #3512, #6120 ) ;
#1825 = CARTESIAN_POINT ( 'NONE',  ( 3.845299461620749426, -1.399999999999999911, 5.999999999999998224 ) ) ;
#1826 = CARTESIAN_POINT ( 'NONE',  ( 46.23883476483180743, 2.599999999999998312, 6.749999999999998224 ) ) ;
#1827 = CARTESIAN_POINT ( 'NONE',  ( 3.623496594642296120, -3.000000000000000000, 0.2289407251418889844 ) ) ;
#1828 = CARTESIAN_POINT ( 'NONE',  ( 39.99999999999999289, 0.000000000000000000, -4.286263797015736595E-16 ) ) ;
#1829 = DIRECTION ( 'NONE',  ( 1.000000000000000000, 2.168404344947534586E-16, 0.000000000000000000 ) ) ;
#1830 = VECTOR ( 'NONE', #4437, 1000.000000000000000 ) ;
#1831 = LINE ( 'NONE', #2306, #2766 ) ;
#1832 = EDGE_LOOP ( 'NONE', ( #2074, #3392, #5488, #1221 ) ) ;
#1833 = DIRECTION ( 'NONE',  ( -1.000000000000000000, 0.000000000000000000, -1.877893248421447556E-16 ) ) ;
#1834 = EDGE_CURVE ( 'NONE', #5787, #489, #2244, .T. ) ;
#1835 = LINE ( 'NONE', #5974, #1739 ) ;
#1836 = ORIENTED_EDGE ( 'NONE', *, *, #1045, .F. ) ;
#1837 = VERTEX_POINT ( 'NONE', #6404 ) ;
#1838 = DIRECTION ( 'NONE',  ( -0.000000000000000000, 1.000000000000000000, -0.000000000000000000 ) ) ;
#1839 = CARTESIAN_POINT ( 'NONE',  ( 39.99999999999999289, 0.000000000000000000, -3.429011037612588783E-16 ) ) ;
#1840 = DIRECTION ( 'NONE',  ( 4.336808689942017736E-15, -1.000000000000000000, -4.998779963629660938E-32 ) ) ;
#1841 = EDGE_CURVE ( 'NONE', #4250, #6625, #2232, .T. ) ;
#1842 = DIRECTION ( 'NONE',  ( 0.000000000000000000, 0.000000000000000000, -1.000000000000000000 ) ) ;
#1843 = EDGE_LOOP ( 'NONE', ( #2018, #2832, #2014, #5597 ) ) ;
#1844 = CARTESIAN_POINT ( 'NONE',  ( 64.49999999995100097, 0.9999999999999920064, 6.749999999999998224 ) ) ;
#1845 = ADVANCED_FACE ( 'NONE', ( #3318 ), #187, .F. ) ;
#1846 = ORIENTED_EDGE ( 'NONE', *, *, #5328, .F. ) ;
#1847 = EDGE_CURVE ( 'NONE', #4131, #3835, #2563, .T. ) ;
#1848 = VERTEX_POINT ( 'NONE', #1653 ) ;
#1849 = LINE ( 'NONE', #1273, #875 ) ;
#1850 = VERTEX_POINT ( 'NONE', #2198 ) ;
#1851 = VECTOR ( 'NONE', #6230, 1000.000000000000000 ) ;
#1852 = ADVANCED_FACE ( 'NONE', ( #2741 ), #3839, .F. ) ;
#1853 = EDGE_LOOP ( 'NONE', ( #3059, #437 ) ) ;
#1854 = DIRECTION ( 'NONE',  ( -0.000000000000000000, 1.000000000000000000, -0.000000000000000000 ) ) ;
#1855 = EDGE_CURVE ( 'NONE', #3491, #4096, #402, .T. ) ;
#1856 = FACE_OUTER_BOUND ( 'NONE', #448, .T. ) ;
#1857 = ORIENTED_EDGE ( 'NONE', *, *, #6162, .F. ) ;
#1858 = VECTOR ( 'NONE', #3044, 1000.000000000000000 ) ;
#1859 = CARTESIAN_POINT ( 'NONE',  ( 39.99999999999999289, 0.000000000000000000, 4.999999999999999112 ) ) ;
#1860 = CARTESIAN_POINT ( 'NONE',  ( 52.74999999999999289, 0.7499999999999971134, -7.000000000000007105 ) ) ;
#1861 = CARTESIAN_POINT ( 'NONE',  ( -2.528313666333796395, -3.000000000000000444, 2.316096726207106826 ) ) ;
#1862 = CARTESIAN_POINT ( 'NONE',  ( 73.97999999995100495, 1.000000000000000666, -0.3299999999992652699 ) ) ;
#1863 = FACE_OUTER_BOUND ( 'NONE', #3672, .T. ) ;
#1864 = VERTEX_POINT ( 'NONE', #1792 ) ;
#1865 = DIRECTION ( 'NONE',  ( -0.000000000000000000, -0.000000000000000000, 1.000000000000000000 ) ) ;
#1866 = VERTEX_POINT ( 'NONE', #1151 ) ;
#1867 = ORIENTED_EDGE ( 'NONE', *, *, #1340, .F. ) ;
#1868 = DIRECTION ( 'NONE',  ( 0.000000000000000000, -1.000000000000000000, 0.000000000000000000 ) ) ;
#1869 = CARTESIAN_POINT ( 'NONE',  ( 28.32233047033630413, 1.000000000000000000, 1.600000000000000311 ) ) ;
#1870 = CARTESIAN_POINT ( 'NONE',  ( 2.690598923241498408, -3.000000000000000000, -4.000000000000000000 ) ) ;
#1871 = DIRECTION ( 'NONE',  ( -0.000000000000000000, 1.000000000000000000, -0.000000000000000000 ) ) ;
#1872 = CARTESIAN_POINT ( 'NONE',  ( 38.84529946162074054, -2.000000000000001776, -4.000000000000010658 ) ) ;
#1873 = ORIENTED_EDGE ( 'NONE', *, *, #1554, .F. ) ;
#1874 = VERTEX_POINT ( 'NONE', #3351 ) ;
#1875 =( BOUNDED_CURVE ( )  B_SPLINE_CURVE ( 3, ( #3623, #6100, #944, #3058 ),
 .UNSPECIFIED., .F., .F. ) 
 B_SPLINE_CURVE_WITH_KNOTS ( ( 4, 4 ),
 ( 0.000000000000000000, 1.570796326794896558 ),
 .UNSPECIFIED. ) 
 CURVE ( )  GEOMETRIC_REPRESENTATION_ITEM ( )  RATIONAL_B_SPLINE_CURVE ( ( 1.000000000000000000, 0.8047378541243649375, 0.8047378541243649375, 1.000000000000000000 ) ) 
 REPRESENTATION_ITEM ( '' )  );
#1876 = ORIENTED_EDGE ( 'NONE', *, *, #4687, .T. ) ;
#1877 = EDGE_CURVE ( 'NONE', #5373, #2338, #6298, .T. ) ;
#1878 = EDGE_LOOP ( 'NONE', ( #38, #4939, #5261, #1984 ) ) ;
#1879 = ORIENTED_EDGE ( 'NONE', *, *, #2646, .T. ) ;
#1880 = CARTESIAN_POINT ( 'NONE',  ( 68.41421356234859275, -1.399999999999999911, 6.414213562373091371 ) ) ;
#1881 = CARTESIAN_POINT ( 'NONE',  ( 0.5743140832309390209, -3.000000000000000000, -3.477068667354648923 ) ) ;
#1882 = ORIENTED_EDGE ( 'NONE', *, *, #6048, .F. ) ;
#1883 = ADVANCED_FACE ( 'NONE', ( #3254 ), #6352, .T. ) ;
#1884 = LINE ( 'NONE', #2299, #3635 ) ;
#1885 = CARTESIAN_POINT ( 'NONE',  ( 66.99999999995100097, 0.9999999999999995559, 6.100000000000006750 ) ) ;
#1886 = DIRECTION ( 'NONE',  ( 0.7071067811865486830, 0.7071067811865463515, 0.000000000000000000 ) ) ;
#1887 = CARTESIAN_POINT ( 'NONE',  ( 18.84529946162074410, -1.399999999999999911, -1.999999999999998224 ) ) ;
#1888 = CARTESIAN_POINT ( 'NONE',  ( 72.99999999997548628, -3.000000000000000000, -3.699747468330327749 ) ) ;
#1889 = LINE ( 'NONE', #5025, #2136 ) ;
#1890 = DIRECTION ( 'NONE',  ( -0.7071067811865546782, -8.269447640539619495E-17, -0.7071067811865403563 ) ) ;
#1891 = CARTESIAN_POINT ( 'NONE',  ( 7.309401076758502924, -1.399999999999999911, -4.000000000000000000 ) ) ;
#1892 = ORIENTED_EDGE ( 'NONE', *, *, #4543, .F. ) ;
#1893 = DIRECTION ( 'NONE',  ( -0.000000000000000000, 1.000000000000000000, -0.000000000000000000 ) ) ;
#1894 = EDGE_CURVE ( 'NONE', #528, #5718, #5796, .T. ) ;
#1895 = FACE_OUTER_BOUND ( 'NONE', #4972, .T. ) ;
#1896 = EDGE_LOOP ( 'NONE', ( #3099, #1452, #4265, #531 ) ) ;
#1897 = CIRCLE ( 'NONE', #1790, 1.750000000000001554 ) ;
#1898 = ORIENTED_EDGE ( 'NONE', *, *, #6079, .T. ) ;
#1899 = CARTESIAN_POINT ( 'NONE',  ( 73.24999999997550049, -2.749999999999992895, -3.699747468330339739 ) ) ;
#1900 = CARTESIAN_POINT ( 'NONE',  ( 63.99999999995097255, -1.000000000000007994, -7.000000000000010658 ) ) ;
#1901 = CIRCLE ( 'NONE', #4181, 6.000000000000005329 ) ;
#1902 = CARTESIAN_POINT ( 'NONE',  ( 0.000000000000000000, -1.399999999999999911, 0.000000000000000000 ) ) ;
#1903 = ORIENTED_EDGE ( 'NONE', *, *, #5613, .T. ) ;
#1904 = ADVANCED_FACE ( 'NONE', ( #6369 ), #1724, .F. ) ;
#1905 = FACE_OUTER_BOUND ( 'NONE', #6268, .T. ) ;
#1906 = CARTESIAN_POINT ( 'NONE',  ( 35.75735931288069480, 4.242640687119280329, -7.000000000000007105 ) ) ;
#1907 = AXIS2_PLACEMENT_3D ( 'NONE', #4235, #6292, #1677 ) ;
#1908 = AXIS2_PLACEMENT_3D ( 'NONE', #6030, #1381, #4500 ) ;
#1909 = ORIENTED_EDGE ( 'NONE', *, *, #2590, .T. ) ;
#1910 = ORIENTED_EDGE ( 'NONE', *, *, #4334, .F. ) ;
#1911 = CIRCLE ( 'NONE', #2015, 6.999999999999999112 ) ;
#1912 = CARTESIAN_POINT ( 'NONE',  ( 43.33119630131911038, 6.170283086614733570, 1.519868415357066516 ) ) ;
#1913 = ORIENTED_EDGE ( 'NONE', *, *, #5862, .T. ) ;
#1914 = EDGE_CURVE ( 'NONE', #2194, #4175, #1889, .T. ) ;
#1915 = ORIENTED_EDGE ( 'NONE', *, *, #3716, .F. ) ;
#1916 = VECTOR ( 'NONE', #6610, 1000.000000000000000 ) ;
#1917 = AXIS2_PLACEMENT_3D ( 'NONE', #1579, #3155, #1175 ) ;
#1918 = VERTEX_POINT ( 'NONE', #5462 ) ;
#1919 = DIRECTION ( 'NONE',  ( 0.000000000000000000, 0.000000000000000000, 1.000000000000000000 ) ) ;
#1920 = VECTOR ( 'NONE', #6271, 1000.000000000000114 ) ;
#1921 = EDGE_CURVE ( 'NONE', #3507, #1711, #2945, .T. ) ;
#1922 = CARTESIAN_POINT ( 'NONE',  ( -3.373708943321092057, -3.000000000000000444, -0.4586013374418231314 ) ) ;
#1923 = VERTEX_POINT ( 'NONE', #4540 ) ;
#1924 = CARTESIAN_POINT ( 'NONE',  ( 52.74999999999998579, 2.349999999999996980, -7.000000000000007105 ) ) ;
#1925 = DIRECTION ( 'NONE',  ( 0.7071067811865511255, 0.7071067811865440200, 0.000000000000000000 ) ) ;
#1926 = CARTESIAN_POINT ( 'NONE',  ( 19.99999999999999645, -1.399999999999999911, 4.000000000000000000 ) ) ;
#1927 = VECTOR ( 'NONE', #5809, 1000.000000000000000 ) ;
#1928 = DIRECTION ( 'NONE',  ( -0.000000000000000000, -1.000000000000000000, -0.000000000000000000 ) ) ;
#1929 = CARTESIAN_POINT ( 'NONE',  ( 1.665506853373542206, -3.000000000000000444, 3.147236205673215270 ) ) ;
#1930 = DIRECTION ( 'NONE',  ( -0.5000000000000003331, 0.000000000000000000, 0.8660254037844383745 ) ) ;
#1931 = ORIENTED_EDGE ( 'NONE', *, *, #6494, .T. ) ;
#1932 = CARTESIAN_POINT ( 'NONE',  ( 68.15470053833026043, -1.399999999999999911, -3.000000000000009770 ) ) ;
#1933 = CARTESIAN_POINT ( 'NONE',  ( 16.49999999999999645, 0.000000000000000000, -1.248999599679684991 ) ) ;
#1934 = CIRCLE ( 'NONE', #6688, 3.500000000000000000 ) ;
#1935 = DIRECTION ( 'NONE',  ( 0.5000000000000152101, -0.7071067811865424657, 0.4999999999999918954 ) ) ;
#1936 = EDGE_LOOP ( 'NONE', ( #5350, #1665, #422, #4439 ) ) ;
#1937 = DIRECTION ( 'NONE',  ( -0.000000000000000000, 1.000000000000000000, -0.000000000000000000 ) ) ;
#1938 = AXIS2_PLACEMENT_3D ( 'NONE', #3848, #4797, #4283 ) ;
#1939 = CARTESIAN_POINT ( 'NONE',  ( 5.999999999999985789, 1.000000000000000000, -1.600000000000000311 ) ) ;
#1940 = DIRECTION ( 'NONE',  ( 0.000000000000000000, 0.000000000000000000, 1.000000000000000000 ) ) ;
#1941 = EDGE_CURVE ( 'NONE', #4891, #489, #805, .T. ) ;
#1942 = CARTESIAN_POINT ( 'NONE',  ( 62.49999999995100097, -1.000000000000007994, 6.999999999999999112 ) ) ;
#1943 = ORIENTED_EDGE ( 'NONE', *, *, #3917, .T. ) ;
#1944 = PLANE ( 'NONE',  #894 ) ;
#1945 = EDGE_CURVE ( 'NONE', #2369, #896, #3881, .T. ) ;
#1946 = ORIENTED_EDGE ( 'NONE', *, *, #2864, .F. ) ;
#1947 = CYLINDRICAL_SURFACE ( 'NONE', #6046, 2.100000000000002753 ) ;
#1948 = DIRECTION ( 'NONE',  ( 0.000000000000000000, 1.000000000000000000, 0.000000000000000000 ) ) ;
#1949 = CARTESIAN_POINT ( 'NONE',  ( 6.154700538379253238, -3.000000000000000000, 5.999999999999998224 ) ) ;
#1950 = ORIENTED_EDGE ( 'NONE', *, *, #3288, .F. ) ;
#1951 = ORIENTED_EDGE ( 'NONE', *, *, #720, .T. ) ;
#1952 = CARTESIAN_POINT ( 'NONE',  ( 1.245723892380891318, -3.000000000000000000, -3.320523408398908138 ) ) ;
#1953 = ORIENTED_EDGE ( 'NONE', *, *, #734, .F. ) ;
#1954 = DIRECTION ( 'NONE',  ( -1.000000000000000000, 0.000000000000000000, -0.000000000000000000 ) ) ;
#1955 = CYLINDRICAL_SURFACE ( 'NONE', #1137, 1.600000000000000311 ) ;
#1956 = CARTESIAN_POINT ( 'NONE',  ( 6.154700538379252350, -1.399999999999999911, -5.999999999999999112 ) ) ;
#1957 = DIRECTION ( 'NONE',  ( -0.000000000000000000, -1.000000000000000000, -0.000000000000000000 ) ) ;
#1958 = CARTESIAN_POINT ( 'NONE',  ( 0.5728946037373060518, -3.000000000000000000, 3.477312416600513600 ) ) ;
#1959 = AXIS2_PLACEMENT_3D ( 'NONE', #3157, #3187, #1210 ) ;
#1960 = CARTESIAN_POINT ( 'NONE',  ( 19.99999999999999645, -3.000000000000000888, -2.900000000000000799 ) ) ;
#1961 = ORIENTED_EDGE ( 'NONE', *, *, #2967, .F. ) ;
#1962 = DIRECTION ( 'NONE',  ( -1.000000000000000000, 0.000000000000000000, 0.000000000000000000 ) ) ;
#1963 = ORIENTED_EDGE ( 'NONE', *, *, #5808, .F. ) ;
#1964 = CARTESIAN_POINT ( 'NONE',  ( 74.66421356237310647, 0.7499999999999997780, 1.664213562373100475 ) ) ;
#1965 = EDGE_CURVE ( 'NONE', #3439, #2503, #2626, .T. ) ;
#1966 = CIRCLE ( 'NONE', #5220, 0.5000000000000004441 ) ;
#1967 = VERTEX_POINT ( 'NONE', #4002 ) ;
#1968 = CARTESIAN_POINT ( 'NONE',  ( 71.99999999995098676, -3.000000000000000444, 1.500000000000711653 ) ) ;
#1969 = LINE ( 'NONE', #6674, #2453 ) ;
#1970 = UNCERTAINTY_MEASURE_WITH_UNIT (LENGTH_MEASURE( 1.000000000000000082E-05 ), #4744, 'distance_accuracy_value', 'NONE');
#1971 = CIRCLE ( 'NONE', #2830, 3.099999999999998757 ) ;
#1972 = CARTESIAN_POINT ( 'NONE',  ( 41.15470053837924524, -2.000000000000001776, -7.000000000000010658 ) ) ;
#1973 = LINE ( 'NONE', #3655, #3305 ) ;
#1974 = EDGE_CURVE ( 'NONE', #5181, #2423, #4473, .T. ) ;
#1975 = CARTESIAN_POINT ( 'NONE',  ( 71.99999999997550049, -2.749999999999992895, 4.000000000000000000 ) ) ;
#1976 = CARTESIAN_POINT ( 'NONE',  ( 72.99999999997550049, -3.000000000000000000, 3.699747468330321976 ) ) ;
#1977 = LINE ( 'NONE', #6424, #3317 ) ;
#1978 = LINE ( 'NONE', #5644, #958 ) ;
#1979 = ORIENTED_EDGE ( 'NONE', *, *, #2758, .T. ) ;
#1980 = ORIENTED_EDGE ( 'NONE', *, *, #3092, .T. ) ;
#1981 =( NAMED_UNIT ( * ) SI_UNIT ( $, .STERADIAN. ) SOLID_ANGLE_UNIT ( ) );
#1982 = ORIENTED_EDGE ( 'NONE', *, *, #1641, .T. ) ;
#1983 = CARTESIAN_POINT ( 'NONE',  ( 3.443569564964766183, -2.999999999999999112, -1.129230154923731799 ) ) ;
#1984 = ORIENTED_EDGE ( 'NONE', *, *, #2178, .F. ) ;
#1985 = EDGE_CURVE ( 'NONE', #4676, #2762, #6530, .T. ) ;
#1986 = CARTESIAN_POINT ( 'NONE',  ( 73.97999999995100495, 0.9790225092205677715, -0.8299999999992657695 ) ) ;
#1987 = DIRECTION ( 'NONE',  ( -1.000000000000000000, 0.000000000000000000, -0.000000000000000000 ) ) ;
#1988 = CARTESIAN_POINT ( 'NONE',  ( 65.84529946157175573, -1.399999999999999911, 3.000000000000009770 ) ) ;
#1989 = FILL_AREA_STYLE ('',( #6264 ) ) ;
#1990 = ORIENTED_EDGE ( 'NONE', *, *, #3856, .F. ) ;
#1991 = LINE ( 'NONE', #1960, #4522 ) ;
#1992 = EDGE_LOOP ( 'NONE', ( #2435, #198 ) ) ;
#1993 = CARTESIAN_POINT ( 'NONE',  ( 2.921165066847101421, -2.999999999999999556, 0.1840061828500543506 ) ) ;
#1994 = ORIENTED_EDGE ( 'NONE', *, *, #2170, .T. ) ;
#1995 = EDGE_CURVE ( 'NONE', #3408, #3657, #3905, .T. ) ;
#1996 = DIRECTION ( 'NONE',  ( -0.5000000000000003331, 0.000000000000000000, 0.8660254037844383745 ) ) ;
#1997 = ORIENTED_EDGE ( 'NONE', *, *, #4383, .F. ) ;
#1998 = FACE_OUTER_BOUND ( 'NONE', #2851, .T. ) ;
#1999 = DIRECTION ( 'NONE',  ( 0.4999999999999993339, 0.7071067811865415775, 0.5000000000000091038 ) ) ;
#2000 = DIRECTION ( 'NONE',  ( 0.4999999999999986677, -0.4999999999999965583, -0.7071067811865509034 ) ) ;
#2001 = EDGE_CURVE ( 'NONE', #4644, #896, #3516, .T. ) ;
#2002 = AXIS2_PLACEMENT_3D ( 'NONE', #2778, #6044, #3846 ) ;
#2003 = ADVANCED_FACE ( 'NONE', ( #1347, #3419, #970, #6168, #4064, #1006, #3084, #5185, #2530, #1037 ), #3586, .F. ) ;
#2004 = CARTESIAN_POINT ( 'NONE',  ( 74.48743686707645395, 1.000000000000000000, 1.487436867076468605 ) ) ;
#2005 = VERTEX_POINT ( 'NONE', #429 ) ;
#2006 = ORIENTED_EDGE ( 'NONE', *, *, #4702, .T. ) ;
#2007 = CIRCLE ( 'NONE', #6444, 1.749999999996421085 ) ;
#2008 = LINE ( 'NONE', #5741, #3550 ) ;
#2009 = DIRECTION ( 'NONE',  ( 0.4999999999999998335, 0.000000000000000000, 0.8660254037844387076 ) ) ;
#2010 = EDGE_CURVE ( 'NONE', #4644, #319, #2352, .T. ) ;
#2011 = EDGE_CURVE ( 'NONE', #6154, #5787, #1481, .T. ) ;
#2012 = CIRCLE ( 'NONE', #2446, 2.100000000000003197 ) ;
#2013 = ORIENTED_EDGE ( 'NONE', *, *, #5413, .T. ) ;
#2014 = ORIENTED_EDGE ( 'NONE', *, *, #1701, .F. ) ;
#2015 = AXIS2_PLACEMENT_3D ( 'NONE', #2222, #3685, #4298 ) ;
#2016 = EDGE_CURVE ( 'NONE', #5707, #4579, #6663, .T. ) ;
#2017 = CARTESIAN_POINT ( 'NONE',  ( 3.623496594642294788, -3.000000000000000444, -0.2289047631195782750 ) ) ;
#2018 = ORIENTED_EDGE ( 'NONE', *, *, #2410, .F. ) ;
#2019 = AXIS2_PLACEMENT_3D ( 'NONE', #515, #1060, #2045 ) ;
#2020 = CYLINDRICAL_SURFACE ( 'NONE', #4786, 2.000000000000001776 ) ;
#2021 = EDGE_LOOP ( 'NONE', ( #1731, #2731, #138, #5213, #420, #4873, #4814, #4722, #1501, #4272, #5156, #5179, #6381, #5670, #5338, #5272, #5514, #81, #1574, #4771, #5903, #2567, #1119, #4158 ) ) ;
#2022 = FACE_OUTER_BOUND ( 'NONE', #5101, .T. ) ;
#2023 = DIRECTION ( 'NONE',  ( -0.000000000000000000, 1.000000000000000000, -0.000000000000000000 ) ) ;
#2024 = VECTOR ( 'NONE', #458, 999.9999999999998863 ) ;
#2025 = DIRECTION ( 'NONE',  ( -0.5000000000000004441, 0.000000000000000000, 0.8660254037844383745 ) ) ;
#2026 = ORIENTED_EDGE ( 'NONE', *, *, #2214, .F. ) ;
#2027 = CARTESIAN_POINT ( 'NONE',  ( 31.10050506338834353, 1.000000000000000000, -5.999999999999996447 ) ) ;
#2028 = ORIENTED_EDGE ( 'NONE', *, *, #2790, .T. ) ;
#2029 = CARTESIAN_POINT ( 'NONE',  ( 30.44093718258905312, 1.194761027726207292, 1.581744569666567513 ) ) ;
#2030 = VERTEX_POINT ( 'NONE', #5155 ) ;
#2031 = VECTOR ( 'NONE', #1738, 1000.000000000000000 ) ;
#2032 = VERTEX_POINT ( 'NONE', #3617 ) ;
#2033 = LINE ( 'NONE', #4114, #3253 ) ;
#2034 = DIRECTION ( 'NONE',  ( -0.000000000000000000, -1.000000000000000000, -0.000000000000000000 ) ) ;
#2035 = CARTESIAN_POINT ( 'NONE',  ( 71.24999999995101518, 1.000000000000000222, -0.9249999999992993827 ) ) ;
#2036 = VECTOR ( 'NONE', #2229, 1000.000000000000114 ) ;
#2037 = ORIENTED_EDGE ( 'NONE', *, *, #4126, .T. ) ;
#2038 = CARTESIAN_POINT ( 'NONE',  ( 71.99999999995094413, 0.9999999999999995559, 4.500000000000711431 ) ) ;
#2039 = ORIENTED_EDGE ( 'NONE', *, *, #3299, .T. ) ;
#2040 = CARTESIAN_POINT ( 'NONE',  ( 2.799999999999993161, 5.245803791353851440E-16, 0.000000000000000000 ) ) ;
#2041 = CONICAL_SURFACE ( 'NONE', #3897, 1.499999999999990896, 0.7853981633974522758 ) ;
#2042 = VERTEX_POINT ( 'NONE', #5723 ) ;
#2043 = CARTESIAN_POINT ( 'NONE',  ( 38.89999999999999858, 1.347111479062087271E-16, -7.000000000000007994 ) ) ;
#2044 = EDGE_CURVE ( 'NONE', #968, #3812, #4162, .T. ) ;
#2045 = DIRECTION ( 'NONE',  ( -0.9876883405951385475, 0.1564344650402256232, 0.000000000000000000 ) ) ;
#2046 = DIRECTION ( 'NONE',  ( -1.152640183373293597E-17, 0.000000000000000000, -1.000000000000000000 ) ) ;
#2047 = ORIENTED_EDGE ( 'NONE', *, *, #1921, .F. ) ;
#2048 = VECTOR ( 'NONE', #3096, 1000.000000000000114 ) ;
#2049 = B_SPLINE_CURVE_WITH_KNOTS ( 'NONE', 3,
 ( #5499, #4003, #396, #3939 ),
 .UNSPECIFIED., .F., .F.,
 ( 4, 4 ),
 ( 0.004663059592371983711, 0.005374015777886652877 ),
 .UNSPECIFIED. ) ;
#2050 = EDGE_LOOP ( 'NONE', ( #5945, #1650, #1111, #328 ) ) ;
#2051 = EDGE_LOOP ( 'NONE', ( #521, #2295, #714, #4128 ) ) ;
#2052 = CARTESIAN_POINT ( 'NONE',  ( 39.99999999999999289, 0.000000000000000000, -7.000000000000010658 ) ) ;
#2053 = ORIENTED_EDGE ( 'NONE', *, *, #4254, .F. ) ;
#2054 = CARTESIAN_POINT ( 'NONE',  ( -2.694730353991009686, -2.999999999999999556, -0.3651854755817466325 ) ) ;
#2055 = ORIENTED_EDGE ( 'NONE', *, *, #3552, .T. ) ;
#2056 = ADVANCED_FACE ( 'NONE', ( #5089 ), #5219, .F. ) ;
#2057 = ORIENTED_EDGE ( 'NONE', *, *, #5578, .F. ) ;
#2058 = CARTESIAN_POINT ( 'NONE',  ( 5.000000000000000000, 1.000000000000000000, -4.000000000000000000 ) ) ;
#2059 = ADVANCED_FACE ( 'NONE', ( #1577 ), #566, .F. ) ;
#2060 = CARTESIAN_POINT ( 'NONE',  ( 48.02675723815367803, 2.599999999999996092, -5.485747894878281627 ) ) ;
#2061 = VERTEX_POINT ( 'NONE', #4640 ) ;
#2062 = VECTOR ( 'NONE', #2166, 1000.000000000000000 ) ;
#2063 = DIRECTION ( 'NONE',  ( 0.000000000000000000, 0.000000000000000000, 1.000000000000000000 ) ) ;
#2064 = ORIENTED_EDGE ( 'NONE', *, *, #1401, .F. ) ;
#2065 = CARTESIAN_POINT ( 'NONE',  ( 1.018155981146399602, -3.000000000000000444, 2.656702255983726335 ) ) ;
#2066 = VERTEX_POINT ( 'NONE', #4104 ) ;
#2067 = AXIS2_PLACEMENT_3D ( 'NONE', #3842, #4994, #5943 ) ;
#2068 = CARTESIAN_POINT ( 'NONE',  ( 2.724046100840773939E-17, -1.000000000000007994, 0.000000000000000000 ) ) ;
#2069 = LINE ( 'NONE', #3094, #4849 ) ;
#2070 = DIRECTION ( 'NONE',  ( 0.000000000000000000, 0.000000000000000000, 1.000000000000000000 ) ) ;
#2071 = ORIENTED_EDGE ( 'NONE', *, *, #1114, .T. ) ;
#2072 = CARTESIAN_POINT ( 'NONE',  ( 42.95832783218488515, 6.344154509256552110, 1.519868415357070290 ) ) ;
#2073 = CARTESIAN_POINT ( 'NONE',  ( 43.09811156375918983, 0.1081884397777425344, 0.000000000000000000 ) ) ;
#2074 = ORIENTED_EDGE ( 'NONE', *, *, #687, .F. ) ;
#2075 = CIRCLE ( 'NONE', #2394, 0.5000000000000004441 ) ;
#2076 = ORIENTED_EDGE ( 'NONE', *, *, #510, .F. ) ;
#2077 = DIRECTION ( 'NONE',  ( -8.150396899313574369E-18, 0.7071067811865512365, -0.7071067811865439090 ) ) ;
#2078 = CIRCLE ( 'NONE', #5869, 1.100000000000001199 ) ;
#2079 = DIRECTION ( 'NONE',  ( -0.000000000000000000, 1.000000000000000000, -0.000000000000000000 ) ) ;
#2080 = PLANE ( 'NONE',  #3027 ) ;
#2081 = ORIENTED_EDGE ( 'NONE', *, *, #5140, .F. ) ;
#2082 = CIRCLE ( 'NONE', #20, 2.000000000000001776 ) ;
#2083 = AXIS2_PLACEMENT_3D ( 'NONE', #5746, #3209, #4866 ) ;
#2084 = EDGE_CURVE ( 'NONE', #6436, #754, #6677, .T. ) ;
#2085 = CARTESIAN_POINT ( 'NONE',  ( 75.25000000000001421, 0.7499999999999997780, -7.000000000000007994 ) ) ;
#2086 = ORIENTED_EDGE ( 'NONE', *, *, #2834, .F. ) ;
#2087 = CARTESIAN_POINT ( 'NONE',  ( 1.825194691673809766, -3.000000000000000444, -2.226633876106330234 ) ) ;
#2088 = EDGE_CURVE ( 'NONE', #4750, #2194, #3268, .T. ) ;
#2089 = FACE_OUTER_BOUND ( 'NONE', #6538, .T. ) ;
#2090 = ORIENTED_EDGE ( 'NONE', *, *, #4833, .F. ) ;
#2091 = DIRECTION ( 'NONE',  ( -0.000000000000000000, 1.000000000000000000, -0.000000000000000000 ) ) ;
#2092 = DIRECTION ( 'NONE',  ( -0.8660254037844372643, 0.000000000000000000, -0.5000000000000024425 ) ) ;
#2093 = DIRECTION ( 'NONE',  ( 0.000000000000000000, 1.000000000000000000, 0.000000000000000000 ) ) ;
#2094 = ORIENTED_EDGE ( 'NONE', *, *, #2353, .F. ) ;
#2095 = EDGE_CURVE ( 'NONE', #1967, #6211, #4135, .T. ) ;
#2096 = CARTESIAN_POINT ( 'NONE',  ( 8.000000000000000000, 0.000000000000000000, 1.248999599679684769 ) ) ;
#2097 = ORIENTED_EDGE ( 'NONE', *, *, #4768, .F. ) ;
#2098 = FACE_OUTER_BOUND ( 'NONE', #4545, .T. ) ;
#2099 = LINE ( 'NONE', #1679, #5856 ) ;
#2100 = ORIENTED_EDGE ( 'NONE', *, *, #5374, .F. ) ;
#2101 = DIRECTION ( 'NONE',  ( 7.454407950608177934E-17, -0.7071067811865476838, -0.7071067811865473507 ) ) ;
#2102 = CARTESIAN_POINT ( 'NONE',  ( 39.99999999999999289, 0.000000000000000000, -7.000000000000007994 ) ) ;
#2103 = CARTESIAN_POINT ( 'NONE',  ( 68.41421356234859275, -3.000000000000000888, -6.414213562373094035 ) ) ;
#2104 = DIRECTION ( 'NONE',  ( 0.7071067811865574537, 0.7071067811865376918, 1.533293416683309057E-16 ) ) ;
#2105 = ADVANCED_FACE ( 'NONE', ( #5683 ), #3118, .F. ) ;
#2106 = DIRECTION ( 'NONE',  ( -0.7071067811865445751, -8.269447640539507329E-17, 0.7071067811865504593 ) ) ;
#2107 = ORIENTED_EDGE ( 'NONE', *, *, #4458, .F. ) ;
#2108 = FACE_OUTER_BOUND ( 'NONE', #856, .T. ) ;
#2109 = ORIENTED_EDGE ( 'NONE', *, *, #1385, .F. ) ;
#2110 = ORIENTED_EDGE ( 'NONE', *, *, #687, .T. ) ;
#2111 = LINE ( 'NONE', #2043, #6569 ) ;
#2112 = DIRECTION ( 'NONE',  ( -0.5000000000000004441, -0.7071067811865546782, 0.4999999999999895639 ) ) ;
#2113 = EDGE_CURVE ( 'NONE', #4667, #4959, #6042, .T. ) ;
#2114 = DIRECTION ( 'NONE',  ( 0.7071067811865485719, 0.7071067811865464625, 0.000000000000000000 ) ) ;
#2115 = AXIS2_PLACEMENT_3D ( 'NONE', #3402, #6513, #1365 ) ;
#2116 = MANIFOLD_SOLID_BREP ( '\X2\501289d2\X0\5', #5286 ) ;
#2117 = EDGE_CURVE ( 'NONE', #950, #4456, #3546, .T. ) ;
#2118 = DIRECTION ( 'NONE',  ( 0.000000000000000000, -0.000000000000000000, 1.000000000000000000 ) ) ;
#2119 = ORIENTED_EDGE ( 'NONE', *, *, #759, .F. ) ;
#2120 = LINE ( 'NONE', #627, #770 ) ;
#2121 = ORIENTED_EDGE ( 'NONE', *, *, #60, .F. ) ;
#2122 = VECTOR ( 'NONE', #4789, 1000.000000000000114 ) ;
#2123 = DIRECTION ( 'NONE',  ( 0.4999999999999997780, 0.000000000000000000, 0.8660254037844387076 ) ) ;
#2124 = CARTESIAN_POINT ( 'NONE',  ( 73.51256313289904654, -3.000000000000000000, 2.462310601253884457 ) ) ;
#2125 = CARTESIAN_POINT ( 'NONE',  ( 49.37056274847713411, 2.599999999999997868, -4.535533905932698673 ) ) ;
#2126 = ORIENTED_EDGE ( 'NONE', *, *, #3345, .T. ) ;
#2127 = AXIS2_PLACEMENT_3D ( 'NONE', #336, #2412, #6540 ) ;
#2128 = DIRECTION ( 'NONE',  ( 1.000000000000000000, 1.971276677246365109E-16, 0.000000000000000000 ) ) ;
#2129 = VERTEX_POINT ( 'NONE', #3718 ) ;
#2130 = CARTESIAN_POINT ( 'NONE',  ( 2.850082953419102081E-17, -3.000000000000000000, 5.999999999999981348 ) ) ;
#2131 = ORIENTED_EDGE ( 'NONE', *, *, #972, .F. ) ;
#2132 = CARTESIAN_POINT ( 'NONE',  ( 70.19974746828131629, -3.000000000000000000, 4.999999999999985789 ) ) ;
#2133 = ADVANCED_FACE ( 'NONE', ( #4232 ), #2157, .F. ) ;
#2134 = LINE ( 'NONE', #4680, #1810 ) ;
#2135 = CARTESIAN_POINT ( 'NONE',  ( 73.68933982819568485, 0.7499999999999997780, 2.639087296550522765 ) ) ;
#2136 = VECTOR ( 'NONE', #2365, 1000.000000000000000 ) ;
#2137 = DIRECTION ( 'NONE',  ( -1.000000000000000000, 0.000000000000000000, -3.755786496842889690E-16 ) ) ;
#2138 = ORIENTED_EDGE ( 'NONE', *, *, #3667, .T. ) ;
#2139 = AXIS2_PLACEMENT_3D ( 'NONE', #6246, #5204, #6181 ) ;
#2140 = EDGE_CURVE ( 'NONE', #896, #3409, #4299, .T. ) ;
#2141 = DIRECTION ( 'NONE',  ( -1.000000000000000000, 0.000000000000000000, 0.000000000000000000 ) ) ;
#2142 = VECTOR ( 'NONE', #6061, 1000.000000000000000 ) ;
#2143 = DIRECTION ( 'NONE',  ( 1.169476500658520487E-16, -1.000000000000000000, 0.000000000000000000 ) ) ;
#2144 = AXIS2_PLACEMENT_3D ( 'NONE', #6443, #199, #5948 ) ;
#2145 = EDGE_CURVE ( 'NONE', #754, #6436, #3011, .T. ) ;
#2146 = CARTESIAN_POINT ( 'NONE',  ( 64.69059892319249627, -3.000000000000000000, 4.999999999999998224 ) ) ;
#2147 = LINE ( 'NONE', #864, #3562 ) ;
#2148 = VERTEX_POINT ( 'NONE', #211 ) ;
#2149 = CIRCLE ( 'NONE', #1713, 1.600000000000000311 ) ;
#2150 = CARTESIAN_POINT ( 'NONE',  ( -4.065758146820641628E-17, 7.000000000000000000, -3.469446951953614189E-15 ) ) ;
#2151 = DIRECTION ( 'NONE',  ( -1.502314598737162778E-15, 0.000000000000000000, 1.000000000000000000 ) ) ;
#2152 = ORIENTED_EDGE ( 'NONE', *, *, #2642, .F. ) ;
#2153 = CARTESIAN_POINT ( 'NONE',  ( -1.789744034730013028E-16, -3.000000000000000000, -5.999999999999987566 ) ) ;
#2154 = ORIENTED_EDGE ( 'NONE', *, *, #1801, .T. ) ;
#2155 = ORIENTED_EDGE ( 'NONE', *, *, #6162, .T. ) ;
#2156 = CARTESIAN_POINT ( 'NONE',  ( 17.69059892324149175, -3.000000000000000000, -3.999999999999998224 ) ) ;
#2157 = PLANE ( 'NONE',  #5942 ) ;
#2158 = ORIENTED_EDGE ( 'NONE', *, *, #1965, .T. ) ;
#2159 = CARTESIAN_POINT ( 'NONE',  ( 39.99999999999999289, -1.999999999999992228, 6.999999999999998224 ) ) ;
#2160 = ORIENTED_EDGE ( 'NONE', *, *, #3514, .T. ) ;
#2161 = CARTESIAN_POINT ( 'NONE',  ( 70.19974746828131629, 0.9999999999999993339, 6.750000000000000888 ) ) ;
#2162 = DIRECTION ( 'NONE',  ( -0.000000000000000000, -0.000000000000000000, -1.000000000000000000 ) ) ;
#2163 = CARTESIAN_POINT ( 'NONE',  ( 75.25000000000001421, 1.000000000000000000, 6.749999999999998224 ) ) ;
#2164 = EDGE_LOOP ( 'NONE', ( #5584, #914, #3076, #2636, #6536, #4314, #1225, #3478, #6504, #6373, #5885, #4706, #6026, #401, #6386, #2600, #2160, #2844, #4796, #3242, #6411, #4087 ) ) ;
#2165 = LINE ( 'NONE', #5226, #2898 ) ;
#2166 = DIRECTION ( 'NONE',  ( -1.362023050420387124E-17, 1.000000000000000000, -0.000000000000000000 ) ) ;
#2167 = DIRECTION ( 'NONE',  ( 0.000000000000000000, 0.000000000000000000, 1.000000000000000000 ) ) ;
#2168 = LINE ( 'NONE', #5766, #269 ) ;
#2169 = ORIENTED_EDGE ( 'NONE', *, *, #5328, .T. ) ;
#2170 = EDGE_CURVE ( 'NONE', #3258, #5855, #5254, .T. ) ;
#2171 = DIRECTION ( 'NONE',  ( 0.000000000000000000, 0.000000000000000000, -1.000000000000000000 ) ) ;
#2172 = ORIENTED_EDGE ( 'NONE', *, *, #1855, .T. ) ;
#2173 = AXIS2_PLACEMENT_3D ( 'NONE', #5569, #5093, #3492 ) ;
#2174 = ORIENTED_EDGE ( 'NONE', *, *, #4669, .T. ) ;
#2175 = FACE_OUTER_BOUND ( 'NONE', #4899, .T. ) ;
#2176 = DIRECTION ( 'NONE',  ( 0.000000000000000000, 0.000000000000000000, 1.000000000000000000 ) ) ;
#2177 = AXIS2_PLACEMENT_3D ( 'NONE', #6694, #999, #3080 ) ;
#2178 = EDGE_CURVE ( 'NONE', #5349, #2218, #598, .T. ) ;
#2179 = CARTESIAN_POINT ( 'NONE',  ( 66.99999999995100097, 0.9999999999999995559, -3.899999999999993694 ) ) ;
#2180 = LINE ( 'NONE', #3711, #3341 ) ;
#2181 = ORIENTED_EDGE ( 'NONE', *, *, #2117, .T. ) ;
#2182 = DIRECTION ( 'NONE',  ( 0.7071067811865445751, 8.269447640539504864E-17, -0.7071067811865504593 ) ) ;
#2183 = ORIENTED_EDGE ( 'NONE', *, *, #3379, .F. ) ;
#2184 = VECTOR ( 'NONE', #3712, 1000.000000000000000 ) ;
#2185 = LINE ( 'NONE', #526, #2724 ) ;
#2186 = ORIENTED_EDGE ( 'NONE', *, *, #5583, .F. ) ;
#2187 = EDGE_CURVE ( 'NONE', #1749, #4517, #3183, .T. ) ;
#2188 = AXIS2_PLACEMENT_3D ( 'NONE', #3642, #5245, #1029 ) ;
#2189 = CARTESIAN_POINT ( 'NONE',  ( 17.49999999999999645, 0.000000000000000000, 1.248999599679684769 ) ) ;
#2190 = FACE_BOUND ( 'NONE', #2895, .T. ) ;
#2191 = EDGE_CURVE ( 'NONE', #1618, #6690, #2223, .T. ) ;
#2192 = ORIENTED_EDGE ( 'NONE', *, *, #5438, .F. ) ;
#2193 = FACE_OUTER_BOUND ( 'NONE', #964, .T. ) ;
#2194 = VERTEX_POINT ( 'NONE', #4368 ) ;
#2195 = CARTESIAN_POINT ( 'NONE',  ( 5.000000000000000000, 1.000000000000000000, 2.899999999999999023 ) ) ;
#2196 = DIRECTION ( 'NONE',  ( -0.000000000000000000, 1.000000000000000000, -0.000000000000000000 ) ) ;
#2197 = CARTESIAN_POINT ( 'NONE',  ( 44.94974746830583712, 4.949747468305823794, 5.999999999999990230 ) ) ;
#2198 = CARTESIAN_POINT ( 'NONE',  ( 71.99999999999745626, 0.9999999999999995559, 4.999999999989162447 ) ) ;
#2199 = EDGE_CURVE ( 'NONE', #1558, #2264, #666, .T. ) ;
#2200 = CARTESIAN_POINT ( 'NONE',  ( 71.24999999995101518, -3.000000000000000888, -1.449999999999297184 ) ) ;
#2201 = ORIENTED_EDGE ( 'NONE', *, *, #2918, .F. ) ;
#2202 = DIRECTION ( 'NONE',  ( -1.000000000000000000, 0.000000000000000000, 2.305280366746587194E-17 ) ) ;
#2203 = EDGE_LOOP ( 'NONE', ( #4842, #5039, #959, #6389 ) ) ;
#2204 = ORIENTED_EDGE ( 'NONE', *, *, #1461, .T. ) ;
#2205 = ORIENTED_EDGE ( 'NONE', *, *, #2839, .T. ) ;
#2206 = EDGE_CURVE ( 'NONE', #331, #6633, #3793, .T. ) ;
#2207 = DIRECTION ( 'NONE',  ( -0.000000000000000000, 0.000000000000000000, -1.000000000000000000 ) ) ;
#2208 = FACE_OUTER_BOUND ( 'NONE', #4694, .T. ) ;
#2209 = ADVANCED_FACE ( 'NONE', ( #5355 ), #6425, .T. ) ;
#2210 = CARTESIAN_POINT ( 'NONE',  ( 21.15470053837924880, -1.399999999999999911, -1.999999999999998224 ) ) ;
#2211 = LINE ( 'NONE', #4285, #5152 ) ;
#2212 = PLANE ( 'NONE',  #416 ) ;
#2213 = CARTESIAN_POINT ( 'NONE',  ( 43.09811156375918983, 0.1081884397777440332, 0.000000000000000000 ) ) ;
#2214 = EDGE_CURVE ( 'NONE', #3188, #3860, #1105, .T. ) ;
#2215 = DIRECTION ( 'NONE',  ( -0.000000000000000000, -1.000000000000000000, -0.000000000000000000 ) ) ;
#2216 = ORIENTED_EDGE ( 'NONE', *, *, #4427, .F. ) ;
#2217 = CARTESIAN_POINT ( 'NONE',  ( 46.34507606720085704, 3.618142085003389852, -0.4417828712652208112 ) ) ;
#2218 = VERTEX_POINT ( 'NONE', #1205 ) ;
#2219 = ADVANCED_FACE ( 'NONE', ( #3753, #2190 ), #1674, .T. ) ;
#2220 = ORIENTED_EDGE ( 'NONE', *, *, #3040, .F. ) ;
#2221 = AXIS2_PLACEMENT_3D ( 'NONE', #2468, #4541, #6095 ) ;
#2222 = CARTESIAN_POINT ( 'NONE',  ( 39.99999999999999289, 0.000000000000000000, 5.999999999999993783 ) ) ;
#2223 = LINE ( 'NONE', #1172, #5610 ) ;
#2224 = ORIENTED_EDGE ( 'NONE', *, *, #2467, .F. ) ;
#2225 = CARTESIAN_POINT ( 'NONE',  ( 62.49999999995100097, -1.000000000000007994, 6.999999999999999112 ) ) ;
#2226 = EDGE_LOOP ( 'NONE', ( #5332, #5145, #2963, #3210 ) ) ;
#2227 = DIRECTION ( 'NONE',  ( 0.000000000000000000, 0.000000000000000000, 1.000000000000000000 ) ) ;
#2228 = VECTOR ( 'NONE', #2947, 1000.000000000000114 ) ;
#2229 = DIRECTION ( 'NONE',  ( 0.7071067811865403563, 8.269447640539453095E-17, -0.7071067811865546782 ) ) ;
#2230 = DIRECTION ( 'NONE',  ( 0.000000000000000000, 1.000000000000000000, 0.000000000000000000 ) ) ;
#2231 = CIRCLE ( 'NONE', #6564, 0.5000000000000004441 ) ;
#2232 = LINE ( 'NONE', #5397, #5395 ) ;
#2233 = CARTESIAN_POINT ( 'NONE',  ( 71.99999999995094413, 0.9790225092205675494, 3.500000000000710987 ) ) ;
#2234 = DIRECTION ( 'NONE',  ( -1.000000000000000000, 0.000000000000000000, 0.000000000000000000 ) ) ;
#2235 = ORIENTED_EDGE ( 'NONE', *, *, #1945, .F. ) ;
#2236 = DIRECTION ( 'NONE',  ( -0.000000000000000000, 1.000000000000000000, -0.000000000000000000 ) ) ;
#2237 = VERTEX_POINT ( 'NONE', #2761 ) ;
#2238 = ORIENTED_EDGE ( 'NONE', *, *, #5045, .T. ) ;
#2239 = AXIS2_PLACEMENT_3D ( 'NONE', #2690, #2112, #6213 ) ;
#2240 = VECTOR ( 'NONE', #4643, 1000.000000000000000 ) ;
#2241 = VERTEX_POINT ( 'NONE', #4914 ) ;
#2242 = CARTESIAN_POINT ( 'NONE',  ( 43.09811156375919694, 0.1081884397777439361, -2.100000000000000089 ) ) ;
#2243 = LINE ( 'NONE', #4284, #1046 ) ;
#2244 = CIRCLE ( 'NONE', #5607, 1.750000000000008438 ) ;
#2245 = VERTEX_POINT ( 'NONE', #1375 ) ;
#2246 = AXIS2_PLACEMENT_3D ( 'NONE', #1503, #2654, #5642 ) ;
#2247 = DIRECTION ( 'NONE',  ( -0.7071067811865474617, 0.7071067811865474617, 0.000000000000000000 ) ) ;
#2248 = EDGE_LOOP ( 'NONE', ( #2238, #2257, #2255, #3578 ) ) ;
#2249 = STYLED_ITEM ( 'NONE', ( #3865 ), #2116 ) ;
#2250 = VECTOR ( 'NONE', #4583, 1000.000000000000000 ) ;
#2251 = ORIENTED_EDGE ( 'NONE', *, *, #6421, .T. ) ;
#2252 = EDGE_CURVE ( 'NONE', #4466, #3907, #6553, .T. ) ;
#2253 = FACE_OUTER_BOUND ( 'NONE', #5952, .T. ) ;
#2254 = DIRECTION ( 'NONE',  ( 1.000000000000000000, 0.000000000000000000, 0.000000000000000000 ) ) ;
#2255 = ORIENTED_EDGE ( 'NONE', *, *, #6114, .F. ) ;
#2256 = EDGE_CURVE ( 'NONE', #5618, #1848, #3958, .T. ) ;
#2257 = ORIENTED_EDGE ( 'NONE', *, *, #2113, .F. ) ;
#2258 = VECTOR ( 'NONE', #516, 1000.000000000000000 ) ;
#2259 = CARTESIAN_POINT ( 'NONE',  ( 71.99999999995094413, 0.9790225092205675494, 4.500000000000711431 ) ) ;
#2260 = CARTESIAN_POINT ( 'NONE',  ( 3.845299461620751202, -1.399999999999999911, -6.000000000000000000 ) ) ;
#2261 = ORIENTED_EDGE ( 'NONE', *, *, #5551, .T. ) ;
#2262 = CARTESIAN_POINT ( 'NONE',  ( 62.49999999995100097, 0.7499999999999983347, 6.999999999999999112 ) ) ;
#2263 = CARTESIAN_POINT ( 'NONE',  ( 70.19974746828131629, -3.000000000000000000, -6.750000000000000888 ) ) ;
#2264 = VERTEX_POINT ( 'NONE', #4981 ) ;
#2265 = EDGE_CURVE ( 'NONE', #1691, #5353, #5925, .T. ) ;
#2266 = CONICAL_SURFACE ( 'NONE', #2754, 1.999999999996418643, 0.7853981633974469467 ) ;
#2267 = CARTESIAN_POINT ( 'NONE',  ( 65.84529946157174152, -1.999999999999992228, -6.999999999999992006 ) ) ;
#2268 = DIRECTION ( 'NONE',  ( -1.000000000000000000, -1.169476500658520487E-16, 2.305280366746587194E-17 ) ) ;
#2269 = ADVANCED_FACE ( 'NONE', ( #5961 ), #5711, .T. ) ;
#2270 = CARTESIAN_POINT ( 'NONE',  ( 37.98743686745887516, -3.000000000000000000, -37.98743686706364286 ) ) ;
#2271 = CARTESIAN_POINT ( 'NONE',  ( 52.74999999999999289, 0.7499999999999973355, 6.999999999999998224 ) ) ;
#2272 = CARTESIAN_POINT ( 'NONE',  ( -2.800000000000005596, -5.245803791353875106E-16, 0.000000000000000000 ) ) ;
#2273 = ORIENTED_EDGE ( 'NONE', *, *, #6451, .F. ) ;
#2274 = DIRECTION ( 'NONE',  ( -0.000000000000000000, -1.000000000000000000, -0.000000000000000000 ) ) ;
#2275 = ORIENTED_EDGE ( 'NONE', *, *, #131, .F. ) ;
#2276 = ORIENTED_EDGE ( 'NONE', *, *, #4884, .F. ) ;
#2277 = CARTESIAN_POINT ( 'NONE',  ( 71.24999999995101518, 1.000000000000000222, -1.449999999999297184 ) ) ;
#2278 = DIRECTION ( 'NONE',  ( -1.000000000000000000, 0.000000000000000000, 0.000000000000000000 ) ) ;
#2279 = ORIENTED_EDGE ( 'NONE', *, *, #6001, .F. ) ;
#2280 = EDGE_CURVE ( 'NONE', #1206, #2508, #3445, .T. ) ;
#2281 = VECTOR ( 'NONE', #1553, 1000.000000000000114 ) ;
#2282 = CARTESIAN_POINT ( 'NONE',  ( 64.49999999995100097, -0.5000000000000006661, 6.999999999999999112 ) ) ;
#2283 = ORIENTED_EDGE ( 'NONE', *, *, #2904, .F. ) ;
#2284 = EDGE_CURVE ( 'NONE', #4025, #6517, #2325, .T. ) ;
#2285 = VECTOR ( 'NONE', #4341, 1000.000000000000000 ) ;
#2286 = DIRECTION ( 'NONE',  ( -0.7071067811865462405, 0.7071067811865489050, 1.630079379862720112E-17 ) ) ;
#2287 = VERTEX_POINT ( 'NONE', #5525 ) ;
#2288 =( LENGTH_UNIT ( ) NAMED_UNIT ( * ) SI_UNIT ( .MILLI., .METRE. ) );
#2289 = VECTOR ( 'NONE', #702, 1000.000000000000000 ) ;
#2290 = EDGE_LOOP ( 'NONE', ( #1678, #2516 ) ) ;
#2291 = FACE_OUTER_BOUND ( 'NONE', #41, .T. ) ;
#2292 = EDGE_CURVE ( 'NONE', #831, #3783, #3770, .T. ) ;
#2293 = CIRCLE ( 'NONE', #320, 0.5000000000000004441 ) ;
#2294 = DIRECTION ( 'NONE',  ( 1.000000000000000000, 0.000000000000000000, 3.755786496842901029E-16 ) ) ;
#2295 = ORIENTED_EDGE ( 'NONE', *, *, #2913, .F. ) ;
#2296 = EDGE_CURVE ( 'NONE', #940, #5522, #2936, .T. ) ;
#2297 = CARTESIAN_POINT ( 'NONE',  ( 21.15470053837924524, -3.000000000000000000, 2.000000000000001776 ) ) ;
#2298 = EDGE_LOOP ( 'NONE', ( #6571, #6070, #5012, #2551 ) ) ;
#2299 = CARTESIAN_POINT ( 'NONE',  ( -7.000000000000001776, 1.000000000000000000, -7.000000000000010658 ) ) ;
#2300 = DIRECTION ( 'NONE',  ( -0.7071067811865552333, -8.269447640539626891E-17, 0.7071067811865399122 ) ) ;
#2301 = CARTESIAN_POINT ( 'NONE',  ( 73.25000000000001421, 0.7499999999999997780, 0.2500000000000002220 ) ) ;
#2302 = DIRECTION ( 'NONE',  ( -8.512672956183629062E-12, 0.7071067811865571207, -0.7071067811865379138 ) ) ;
#2303 = CARTESIAN_POINT ( 'NONE',  ( 39.99999999999999289, 0.000000000000000000, 1.519868415357066294 ) ) ;
#2304 = PLANE ( 'NONE',  #5624 ) ;
#2305 = DIRECTION ( 'NONE',  ( 1.000000000000000000, 8.881784197001252323E-16, 0.000000000000000000 ) ) ;
#2306 = CARTESIAN_POINT ( 'NONE',  ( 38.84529946162073344, 1.999999999999994893, -7.000000000000010658 ) ) ;
#2307 = ORIENTED_EDGE ( 'NONE', *, *, #408, .F. ) ;
#2308 = DIRECTION ( 'NONE',  ( -0.000000000000000000, 1.000000000000000000, -0.000000000000000000 ) ) ;
#2309 = ORIENTED_EDGE ( 'NONE', *, *, #6217, .F. ) ;
#2310 = ORIENTED_EDGE ( 'NONE', *, *, #3176, .F. ) ;
#2311 = ORIENTED_EDGE ( 'NONE', *, *, #1349, .F. ) ;
#2312 = DIRECTION ( 'NONE',  ( -1.000000000000000000, 0.000000000000000000, 0.000000000000000000 ) ) ;
#2313 = EDGE_CURVE ( 'NONE', #2334, #2673, #5290, .T. ) ;
#2314 = CARTESIAN_POINT ( 'NONE',  ( 73.68933982819568485, -2.749999999999995115, -2.639087296550524986 ) ) ;
#2315 = DIRECTION ( 'NONE',  ( 1.000000000000000000, -0.000000000000000000, 0.000000000000000000 ) ) ;
#2316 = DIRECTION ( 'NONE',  ( 0.4999999999999996114, 0.8660254037844389297, 0.000000000000000000 ) ) ;
#2317 = ORIENTED_EDGE ( 'NONE', *, *, #1847, .T. ) ;
#2318 = DIRECTION ( 'NONE',  ( 0.000000000000000000, 0.000000000000000000, -1.000000000000000000 ) ) ;
#2319 = ORIENTED_EDGE ( 'NONE', *, *, #4133, .T. ) ;
#2320 = CARTESIAN_POINT ( 'NONE',  ( 46.35068071351676622, 3.613867333635005785, 0.4366456663150897199 ) ) ;
#2321 = ORIENTED_EDGE ( 'NONE', *, *, #4112, .F. ) ;
#2322 = EDGE_LOOP ( 'NONE', ( #3893, #1611 ) ) ;
#2323 = DIRECTION ( 'NONE',  ( -0.7071067811865445751, -8.269447640539504864E-17, 0.7071067811865504593 ) ) ;
#2324 = VECTOR ( 'NONE', #4327, 1000.000000000000114 ) ;
#2325 = LINE ( 'NONE', #3991, #1489 ) ;
#2326 = CARTESIAN_POINT ( 'NONE',  ( 23.49999999999999645, 0.000000000000000000, 1.999999999999999112 ) ) ;
#2327 = ORIENTED_EDGE ( 'NONE', *, *, #4287, .T. ) ;
#2328 = CARTESIAN_POINT ( 'NONE',  ( 69.13908729650148643, -3.000000000000000888, -5.689339828220186135 ) ) ;
#2329 = VECTOR ( 'NONE', #254, 1000.000000000000114 ) ;
#2330 = CARTESIAN_POINT ( 'NONE',  ( 17.69059892324149175, -1.399999999999999911, -3.999999999999998224 ) ) ;
#2331 = CARTESIAN_POINT ( 'NONE',  ( -0.1160838013781412270, -2.999999999999999556, 3.499984362018580430 ) ) ;
#2332 = AXIS2_PLACEMENT_3D ( 'NONE', #4246, #675, #5735 ) ;
#2333 = FACE_OUTER_BOUND ( 'NONE', #3440, .T. ) ;
#2334 = VERTEX_POINT ( 'NONE', #3343 ) ;
#2335 = CARTESIAN_POINT ( 'NONE',  ( 64.69059892319249627, -1.399999999999999911, -5.000000000000009770 ) ) ;
#2336 = CARTESIAN_POINT ( 'NONE',  ( 64.69059892319249627, -1.399999999999999911, 4.999999999999998224 ) ) ;
#2337 = ORIENTED_EDGE ( 'NONE', *, *, #5917, .F. ) ;
#2338 = VERTEX_POINT ( 'NONE', #1880 ) ;
#2339 = EDGE_CURVE ( 'NONE', #3620, #4233, #5401, .T. ) ;
#2340 = CYLINDRICAL_SURFACE ( 'NONE', #5370, 7.000000000000002665 ) ;
#2341 = AXIS2_PLACEMENT_3D ( 'NONE', #2703, #4704, #3791 ) ;
#2342 = ADVANCED_FACE ( 'NONE', ( #1339 ), #5016, .F. ) ;
#2343 = CARTESIAN_POINT ( 'NONE',  ( 72.76999999995101120, 1.000000000000000444, -1.449999999999279421 ) ) ;
#2344 = LINE ( 'NONE', #719, #4519 ) ;
#2345 = AXIS2_PLACEMENT_3D ( 'NONE', #1600, #6278, #1840 ) ;
#2346 = DIRECTION ( 'NONE',  ( 0.4999999999999997780, -0.8660254037844387076, 0.000000000000000000 ) ) ;
#2347 = VECTOR ( 'NONE', #1041, 1000.000000000000000 ) ;
#2348 = EDGE_CURVE ( 'NONE', #873, #5141, #1279, .T. ) ;
#2349 = DIRECTION ( 'NONE',  ( 0.000000000000000000, -0.7071067811865474617, -0.7071067811865474617 ) ) ;
#2350 = DIRECTION ( 'NONE',  ( 0.7071067811865460184, 0.7071067811865490160, -8.150396899313597481E-18 ) ) ;
#2351 = ORIENTED_EDGE ( 'NONE', *, *, #4971, .T. ) ;
#2352 = CIRCLE ( 'NONE', #281, 0.5000000000000004441 ) ;
#2353 = EDGE_CURVE ( 'NONE', #2030, #2066, #2360, .T. ) ;
#2354 = ORIENTED_EDGE ( 'NONE', *, *, #5327, .T. ) ;
#2355 = VECTOR ( 'NONE', #2829, 1000.000000000000114 ) ;
#2356 = CARTESIAN_POINT ( 'NONE',  ( 46.62709344624479968, 3.419883026477619214, -0.06278271323249856595 ) ) ;
#2357 = ORIENTED_EDGE ( 'NONE', *, *, #925, .F. ) ;
#2358 = EDGE_LOOP ( 'NONE', ( #812, #5703 ) ) ;
#2359 = AXIS2_PLACEMENT_3D ( 'NONE', #1975, #3533, #954 ) ;
#2360 = LINE ( 'NONE', #3927, #1059 ) ;
#2361 = DIRECTION ( 'NONE',  ( 8.517751588359204617E-12, 0.7071067811865450192, 0.7071067811865500152 ) ) ;
#2362 = VERTEX_POINT ( 'NONE', #317 ) ;
#2363 = CARTESIAN_POINT ( 'NONE',  ( 70.19974746828131629, -3.000000000000000888, -5.249999999999999112 ) ) ;
#2364 = DIRECTION ( 'NONE',  ( -0.000000000000000000, -1.000000000000000000, -0.000000000000000000 ) ) ;
#2365 = DIRECTION ( 'NONE',  ( 0.000000000000000000, 0.000000000000000000, 1.000000000000000000 ) ) ;
#2366 = DIRECTION ( 'NONE',  ( 1.000000000000000000, 0.000000000000000000, 0.000000000000000000 ) ) ;
#2367 = AXIS2_PLACEMENT_3D ( 'NONE', #1828, #1320, #5463 ) ;
#2368 = DIRECTION ( 'NONE',  ( 0.000000000000000000, 0.000000000000000000, 1.000000000000000000 ) ) ;
#2369 = VERTEX_POINT ( 'NONE', #5990 ) ;
#2370 = LINE ( 'NONE', #6501, #1783 ) ;
#2371 = DIRECTION ( 'NONE',  ( -0.7071067811865314745, 0.7071067811865636710, 3.268274812606667165E-14 ) ) ;
#2372 = ORIENTED_EDGE ( 'NONE', *, *, #4727, .F. ) ;
#2373 = ORIENTED_EDGE ( 'NONE', *, *, #3626, .T. ) ;
#2374 = CARTESIAN_POINT ( 'NONE',  ( 36.38620478908359246, -3.000000000000000000, 2.100000000000000089 ) ) ;
#2375 = VERTEX_POINT ( 'NONE', #5485 ) ;
#2376 = DIRECTION ( 'NONE',  ( 1.000000000000000000, 1.169476500658520487E-16, -1.203873754668172080E-11 ) ) ;
#2377 = CARTESIAN_POINT ( 'NONE',  ( 72.00000000000048317, -2.749999999999992895, -5.250000000021676883 ) ) ;
#2378 = EDGE_CURVE ( 'NONE', #6201, #3989, #4855, .T. ) ;
#2379 = FACE_OUTER_BOUND ( 'NONE', #6606, .T. ) ;
#2380 = CARTESIAN_POINT ( 'NONE',  ( 39.99999999999999289, 0.000000000000000000, 2.099999999999999645 ) ) ;
#2381 = LINE ( 'NONE', #1976, #3554 ) ;
#2382 = ORIENTED_EDGE ( 'NONE', *, *, #2839, .F. ) ;
#2383 = EDGE_CURVE ( 'NONE', #2593, #2522, #287, .T. ) ;
#2384 = ORIENTED_EDGE ( 'NONE', *, *, #2420, .T. ) ;
#2385 = CARTESIAN_POINT ( 'NONE',  ( 69.30940107670949146, -1.399999999999999911, -4.999999999999997335 ) ) ;
#2386 = LINE ( 'NONE', #895, #6014 ) ;
#2387 = CIRCLE ( 'NONE', #4132, 1.749999999999988454 ) ;
#2388 = VERTEX_POINT ( 'NONE', #4259 ) ;
#2389 = EDGE_CURVE ( 'NONE', #6590, #4774, #3741, .T. ) ;
#2390 = CARTESIAN_POINT ( 'NONE',  ( 5.000000000000000000, -1.399999999999999911, 4.000000000000000000 ) ) ;
#2391 = CARTESIAN_POINT ( 'NONE',  ( 65.84529946157175573, -1.399999999999999911, 3.000000000000009770 ) ) ;
#2392 = DIRECTION ( 'NONE',  ( 0.000000000000000000, 0.000000000000000000, 1.000000000000000000 ) ) ;
#2393 = ORIENTED_EDGE ( 'NONE', *, *, #3914, .T. ) ;
#2394 = AXIS2_PLACEMENT_3D ( 'NONE', #3714, #4263, #4739 ) ;
#2395 = EDGE_CURVE ( 'NONE', #5349, #660, #6314, .T. ) ;
#2396 = DIRECTION ( 'NONE',  ( 0.000000000000000000, 0.000000000000000000, 1.000000000000000000 ) ) ;
#2397 = LINE ( 'NONE', #4470, #5411 ) ;
#2398 = AXIS2_PLACEMENT_3D ( 'NONE', #2102, #59, #1590 ) ;
#2399 = CARTESIAN_POINT ( 'NONE',  ( 19.99999999999999645, -1.399999999999999911, 2.900000000000000799 ) ) ;
#2400 = CARTESIAN_POINT ( 'NONE',  ( -0.7967428207883593405, -3.000000000000000444, 3.388303594236372174 ) ) ;
#2401 = CARTESIAN_POINT ( 'NONE',  ( 68.96231060120484813, -3.000000000000000000, -5.512563132923538056 ) ) ;
#2402 = FACE_OUTER_BOUND ( 'NONE', #5899, .T. ) ;
#2403 = ORIENTED_EDGE ( 'NONE', *, *, #2918, .T. ) ;
#2404 = CARTESIAN_POINT ( 'NONE',  ( 73.25000000000001421, -2.749999999999992895, -0.2500000000000002220 ) ) ;
#2405 = EDGE_LOOP ( 'NONE', ( #4292, #945, #194, #1355 ) ) ;
#2406 = AXIS2_PLACEMENT_3D ( 'NONE', #5423, #1207, #700 ) ;
#2407 = ORIENTED_EDGE ( 'NONE', *, *, #4346, .T. ) ;
#2408 = DIRECTION ( 'NONE',  ( 0.000000000000000000, 0.000000000000000000, 1.000000000000000000 ) ) ;
#2409 = CARTESIAN_POINT ( 'NONE',  ( 65.84529946157176994, -1.399999999999999911, 7.000000000000013323 ) ) ;
#2410 = EDGE_CURVE ( 'NONE', #3974, #5158, #5414, .T. ) ;
#2411 = CARTESIAN_POINT ( 'NONE',  ( 39.99999999999999289, 0.000000000000000000, 0.000000000000000000 ) ) ;
#2412 = DIRECTION ( 'NONE',  ( 0.7071067811865485719, 0.7071067811865464625, 0.000000000000000000 ) ) ;
#2413 = VECTOR ( 'NONE', #5950, 1000.000000000000000 ) ;
#2414 = ORIENTED_EDGE ( 'NONE', *, *, #2199, .F. ) ;
#2415 = CARTESIAN_POINT ( 'NONE',  ( 65.84529946157175573, -3.000000000000000000, -3.000000000000010214 ) ) ;
#2416 = CARTESIAN_POINT ( 'NONE',  ( 39.99999999999999289, 0.000000000000000000, 1.959434878635765477E-16 ) ) ;
#2417 = EDGE_CURVE ( 'NONE', #4460, #6500, #4329, .T. ) ;
#2418 = ORIENTED_EDGE ( 'NONE', *, *, #3020, .F. ) ;
#2419 = ORIENTED_EDGE ( 'NONE', *, *, #1127, .T. ) ;
#2420 = EDGE_CURVE ( 'NONE', #1737, #650, #5377, .T. ) ;
#2421 = DIRECTION ( 'NONE',  ( -1.169476500658520487E-16, 1.000000000000000000, -0.000000000000000000 ) ) ;
#2422 = CARTESIAN_POINT ( 'NONE',  ( 3.159880312245629597, -2.999999999999999112, -1.753363386736354501 ) ) ;
#2423 = VERTEX_POINT ( 'NONE', #1305 ) ;
#2424 = DIRECTION ( 'NONE',  ( 0.000000000000000000, 0.000000000000000000, -1.000000000000000000 ) ) ;
#2425 = EDGE_CURVE ( 'NONE', #117, #6375, #3334, .T. ) ;
#2426 = DIRECTION ( 'NONE',  ( 0.000000000000000000, 0.000000000000000000, -1.000000000000000000 ) ) ;
#2427 = CARTESIAN_POINT ( 'NONE',  ( 75.00000000000001421, 1.000000000000000000, -0.2500000000000000555 ) ) ;
#2428 = DIRECTION ( 'NONE',  ( 0.4999999999999996669, 0.000000000000000000, 0.8660254037844388186 ) ) ;
#2429 = EDGE_CURVE ( 'NONE', #1378, #4371, #756, .T. ) ;
#2430 = CARTESIAN_POINT ( 'NONE',  ( 1.022862784617380338, -3.000000000000000000, 3.388009273114440667 ) ) ;
#2431 = CONICAL_SURFACE ( 'NONE', #3203, 0.5249999999999976907, 0.8726646259970902708 ) ;
#2432 = PLANE ( 'NONE',  #4291 ) ;
#2433 = ORIENTED_EDGE ( 'NONE', *, *, #5207, .F. ) ;
#2434 = FACE_OUTER_BOUND ( 'NONE', #5881, .T. ) ;
#2435 = ORIENTED_EDGE ( 'NONE', *, *, #4961, .T. ) ;
#2436 = AXIS2_PLACEMENT_3D ( 'NONE', #329, #1893, #3456 ) ;
#2437 = LINE ( 'NONE', #5131, #296 ) ;
#2438 = CARTESIAN_POINT ( 'NONE',  ( 9.199999999999976197, -2.200000000000023270, 1.600000000000011857 ) ) ;
#2439 = DIRECTION ( 'NONE',  ( -1.000000000000000000, -1.169476500658520487E-16, -9.244077131101839741E-14 ) ) ;
#2440 = AXIS2_PLACEMENT_3D ( 'NONE', #2380, #6447, #3331 ) ;
#2441 = CARTESIAN_POINT ( 'NONE',  ( 6.154700538379250574, -1.399999999999999911, -2.000000000000000000 ) ) ;
#2442 = ORIENTED_EDGE ( 'NONE', *, *, #5917, .T. ) ;
#2443 = DIRECTION ( 'NONE',  ( -0.000000000000000000, -1.000000000000000000, -0.000000000000000000 ) ) ;
#2444 = CARTESIAN_POINT ( 'NONE',  ( 70.19974746828131629, -2.749999999999992895, 5.250000000000004441 ) ) ;
#2445 = AXIS2_PLACEMENT_3D ( 'NONE', #6490, #180, #213 ) ;
#2446 = AXIS2_PLACEMENT_3D ( 'NONE', #190, #6470, #6499 ) ;
#2447 = EDGE_CURVE ( 'NONE', #2508, #1558, #4803, .T. ) ;
#2448 = CARTESIAN_POINT ( 'NONE',  ( 32.32303413741993126, 2.234349512730872789, -1.522693158096219079 ) ) ;
#2449 = DIRECTION ( 'NONE',  ( 0.7071067811865574537, 0.7071067811865376918, 6.501164086737229337E-14 ) ) ;
#2450 = EDGE_LOOP ( 'NONE', ( #5202, #1742, #6426, #5232 ) ) ;
#2451 = CARTESIAN_POINT ( 'NONE',  ( 71.99999999995094413, 0.9790225092205675494, 4.000000000000711431 ) ) ;
#2452 = ORIENTED_EDGE ( 'NONE', *, *, #444, .F. ) ;
#2453 = VECTOR ( 'NONE', #5734, 1000.000000000000000 ) ;
#2454 = CONICAL_SURFACE ( 'NONE', #1054, 0.5249999999999976907, 0.8726646259970902708 ) ;
#2455 = VERTEX_POINT ( 'NONE', #3784 ) ;
#2456 = ADVANCED_FACE ( 'NONE', ( #1776 ), #205, .F. ) ;
#2457 = AXIS2_PLACEMENT_3D ( 'NONE', #2303, #1757, #5363 ) ;
#2458 = CARTESIAN_POINT ( 'NONE',  ( 72.76999999995101120, 1.000000000000000444, -0.9249999999992816191 ) ) ;
#2459 = EDGE_LOOP ( 'NONE', ( #1235, #612, #5294, #6533 ) ) ;
#2460 = DIRECTION ( 'NONE',  ( 0.000000000000000000, 0.000000000000000000, -1.000000000000000000 ) ) ;
#2461 = AXIS2_PLACEMENT_3D ( 'NONE', #6, #2077, #4152 ) ;
#2462 = DIRECTION ( 'NONE',  ( -0.1564344650402256509, -0.9876883405951385475, 0.000000000000000000 ) ) ;
#2463 = DIRECTION ( 'NONE',  ( 0.7071067811865474617, -0.7071067811865474617, 1.533293416683372906E-16 ) ) ;
#2464 = VECTOR ( 'NONE', #2294, 1000.000000000000000 ) ;
#2465 = CARTESIAN_POINT ( 'NONE',  ( 36.38620478908359246, -3.000000000000000000, 2.100000000000000089 ) ) ;
#2466 = CARTESIAN_POINT ( 'NONE',  ( 2.902681500771845169, -3.000000000000000444, 2.136545955502044514 ) ) ;
#2467 = EDGE_CURVE ( 'NONE', #1848, #203, #4905, .T. ) ;
#2468 = CARTESIAN_POINT ( 'NONE',  ( 39.99999999999999289, 0.000000000000000000, 6.999999999999998224 ) ) ;
#2469 = CARTESIAN_POINT ( 'NONE',  ( 70.02999999995098790, -3.000000000000000888, -0.2999999999993115396 ) ) ;
#2470 = ORIENTED_EDGE ( 'NONE', *, *, #3758, .T. ) ;
#2471 = AXIS2_PLACEMENT_3D ( 'NONE', #4486, #6586, #3918 ) ;
#2472 = CARTESIAN_POINT ( 'NONE',  ( -1.130658859105348135, -3.000000000000000888, 2.517269014657231185 ) ) ;
#2473 = VERTEX_POINT ( 'NONE', #623 ) ;
#2474 = EDGE_CURVE ( 'NONE', #2824, #6668, #5845, .T. ) ;
#2475 = ORIENTED_EDGE ( 'NONE', *, *, #5238, .F. ) ;
#2476 = CARTESIAN_POINT ( 'NONE',  ( 29.02943725152286447, 1.000000000000000000, 4.535533905932743082 ) ) ;
#2477 = VECTOR ( 'NONE', #1789, 1000.000000000000000 ) ;
#2478 = CARTESIAN_POINT ( 'NONE',  ( 6.154700538379253238, -1.399999999999999911, 5.999999999999998224 ) ) ;
#2479 = CARTESIAN_POINT ( 'NONE',  ( 72.76999999995101120, -3.000000000000000444, -1.449999999999279421 ) ) ;
#2480 = ORIENTED_EDGE ( 'NONE', *, *, #1288, .F. ) ;
#2481 = CARTESIAN_POINT ( 'NONE',  ( 0.000000000000000000, 1.000000000000000000, -7.000000000000010658 ) ) ;
#2482 = AXIS2_PLACEMENT_3D ( 'NONE', #1862, #5970, #6433 ) ;
#2483 = EDGE_CURVE ( 'NONE', #1923, #3258, #5348, .T. ) ;
#2484 = CARTESIAN_POINT ( 'NONE',  ( 66.99999999995100097, -1.399999999999999911, 3.899999999999993694 ) ) ;
#2485 = FACE_OUTER_BOUND ( 'NONE', #1992, .T. ) ;
#2486 = DIRECTION ( 'NONE',  ( -0.000000000000000000, -0.000000000000000000, 1.000000000000000000 ) ) ;
#2487 = EDGE_LOOP ( 'NONE', ( #1130, #4840 ) ) ;
#2488 = VERTEX_POINT ( 'NONE', #3470 ) ;
#2489 = EDGE_LOOP ( 'NONE', ( #4995, #6003, #2585, #6471 ) ) ;
#2490 = DIRECTION ( 'NONE',  ( -0.4999999999999980571, 0.000000000000000000, 0.8660254037844397068 ) ) ;
#2491 = ORIENTED_EDGE ( 'NONE', *, *, #6279, .T. ) ;
#2492 = FACE_BOUND ( 'NONE', #79, .T. ) ;
#2493 = VECTOR ( 'NONE', #4446, 1000.000000000000000 ) ;
#2494 = DIRECTION ( 'NONE',  ( 0.000000000000000000, 0.000000000000000000, 1.000000000000000000 ) ) ;
#2495 = EDGE_CURVE ( 'NONE', #594, #2148, #2964, .T. ) ;
#2496 = DIRECTION ( 'NONE',  ( 0.7071067811865574537, 0.7071067811865376918, -3.311913780035946735E-14 ) ) ;
#2497 = EDGE_CURVE ( 'NONE', #2030, #1918, #5447, .T. ) ;
#2498 = DIRECTION ( 'NONE',  ( -0.4999999999999997224, 0.000000000000000000, -0.8660254037844388186 ) ) ;
#2499 = ORIENTED_EDGE ( 'NONE', *, *, #3762, .T. ) ;
#2500 = CARTESIAN_POINT ( 'NONE',  ( 34.26002802492878629, -3.000000000000000000, 0.000000000000000000 ) ) ;
#2501 = ORIENTED_EDGE ( 'NONE', *, *, #5372, .T. ) ;
#2502 = CARTESIAN_POINT ( 'NONE',  ( 0.2978738755755124257, -2.999999999999999556, 2.799896285593329370 ) ) ;
#2503 = VERTEX_POINT ( 'NONE', #887 ) ;
#2504 = ORIENTED_EDGE ( 'NONE', *, *, #4985, .F. ) ;
#2505 = CARTESIAN_POINT ( 'NONE',  ( 69.30940107670949146, -1.399999999999999911, 5.000000000000000888 ) ) ;
#2506 = CARTESIAN_POINT ( 'NONE',  ( 37.99999999999999289, 0.000000000000000000, 6.999999999999998224 ) ) ;
#2507 = DIRECTION ( 'NONE',  ( 0.8660254037844397068, -0.000000000000000000, 0.4999999999999980571 ) ) ;
#2508 = VERTEX_POINT ( 'NONE', #1844 ) ;
#2509 = DIRECTION ( 'NONE',  ( 0.000000000000000000, 0.000000000000000000, 1.000000000000000000 ) ) ;
#2510 = VERTEX_POINT ( 'NONE', #5983 ) ;
#2511 = EDGE_CURVE ( 'NONE', #5041, #4163, #5038, .T. ) ;
#2512 = VERTEX_POINT ( 'NONE', #4936 ) ;
#2513 = AXIS2_PLACEMENT_3D ( 'NONE', #2785, #3177, #5677 ) ;
#2514 = ORIENTED_EDGE ( 'NONE', *, *, #2814, .F. ) ;
#2515 = CARTESIAN_POINT ( 'NONE',  ( 6.154700538379253238, -3.000000000000000000, 2.000000000000001332 ) ) ;
#2516 = ORIENTED_EDGE ( 'NONE', *, *, #3667, .F. ) ;
#2517 =( NAMED_UNIT ( * ) PLANE_ANGLE_UNIT ( ) SI_UNIT ( $, .RADIAN. ) );
#2518 = EDGE_CURVE ( 'NONE', #2609, #1260, #514, .T. ) ;
#2519 = ORIENTED_EDGE ( 'NONE', *, *, #4707, .T. ) ;
#2520 = CARTESIAN_POINT ( 'NONE',  ( 44.66593189142049170, 5.233563045191157670, 1.404348016044924874 ) ) ;
#2521 = CARTESIAN_POINT ( 'NONE',  ( 71.24999999995101518, 0.9999999999999993339, -1.449999999999297184 ) ) ;
#2522 = VERTEX_POINT ( 'NONE', #788 ) ;
#2523 = FACE_BOUND ( 'NONE', #1853, .T. ) ;
#2524 = PLANE ( 'NONE',  #2759 ) ;
#2525 = VERTEX_POINT ( 'NONE', #340 ) ;
#2526 = PLANE ( 'NONE',  #3237 ) ;
#2527 = EDGE_CURVE ( 'NONE', #4429, #6549, #2381, .T. ) ;
#2528 = EDGE_LOOP ( 'NONE', ( #3087, #2685 ) ) ;
#2529 = DIRECTION ( 'NONE',  ( -1.000000000000000000, 0.000000000000000000, -1.877893248421447556E-16 ) ) ;
#2530 = FACE_BOUND ( 'NONE', #4670, .T. ) ;
#2531 = ORIENTED_EDGE ( 'NONE', *, *, #4630, .T. ) ;
#2532 = CARTESIAN_POINT ( 'NONE',  ( 74.74999999997550049, 1.000000000000000000, -3.699747468330339739 ) ) ;
#2533 = CARTESIAN_POINT ( 'NONE',  ( 69.13908729650148643, -2.749999999999999556, -5.689339828220186135 ) ) ;
#2534 = VERTEX_POINT ( 'NONE', #6514 ) ;
#2535 = CARTESIAN_POINT ( 'NONE',  ( 32.19369568079715549, 2.128634789539154415, 1.527885686102823160 ) ) ;
#2536 = ORIENTED_EDGE ( 'NONE', *, *, #4189, .T. ) ;
#2537 = CARTESIAN_POINT ( 'NONE',  ( 70.02999999995098790, 1.000000000000000222, 0.2250000000006861234 ) ) ;
#2538 = ORIENTED_EDGE ( 'NONE', *, *, #2010, .F. ) ;
#2539 = DIRECTION ( 'NONE',  ( 0.000000000000000000, 1.000000000000000000, 0.000000000000000000 ) ) ;
#2540 = LINE ( 'NONE', #4620, #3542 ) ;
#2541 = VECTOR ( 'NONE', #553, 1000.000000000000000 ) ;
#2542 = ADVANCED_FACE ( 'NONE', ( #5577 ), #4751, .F. ) ;
#2543 = FACE_OUTER_BOUND ( 'NONE', #4107, .T. ) ;
#2544 = ORIENTED_EDGE ( 'NONE', *, *, #2483, .F. ) ;
#2545 = EDGE_CURVE ( 'NONE', #6644, #4663, #6482, .T. ) ;
#2546 = AXIS2_PLACEMENT_3D ( 'NONE', #2961, #411, #4557 ) ;
#2547 = DIRECTION ( 'NONE',  ( -0.1564344650402258452, -0.9876883405951386585, 0.000000000000000000 ) ) ;
#2548 = DIRECTION ( 'NONE',  ( -0.000000000000000000, 0.000000000000000000, 1.000000000000000000 ) ) ;
#2549 = EDGE_CURVE ( 'NONE', #1488, #2066, #4559, .T. ) ;
#2550 = VECTOR ( 'NONE', #2463, 1000.000000000000114 ) ;
#2551 = ORIENTED_EDGE ( 'NONE', *, *, #3528, .F. ) ;
#2552 = EDGE_CURVE ( 'NONE', #1707, #6338, #5719, .T. ) ;
#2553 = AXIS2_PLACEMENT_3D ( 'NONE', #3049, #2023, #1519 ) ;
#2554 = DIRECTION ( 'NONE',  ( -1.873501354054951662E-16, 1.000000000000000000, -0.000000000000000000 ) ) ;
#2555 = VERTEX_POINT ( 'NONE', #6013 ) ;
#2556 = VECTOR ( 'NONE', #160, 1000.000000000000114 ) ;
#2557 = CARTESIAN_POINT ( 'NONE',  ( 44.65655987269563809, 5.230465822285101929, -1.391700431084605505 ) ) ;
#2558 = VECTOR ( 'NONE', #668, 1000.000000000000000 ) ;
#2559 = VERTEX_POINT ( 'NONE', #1366 ) ;
#2560 = CARTESIAN_POINT ( 'NONE',  ( 71.99999999995094413, -3.000000000000000444, 3.500000000000710987 ) ) ;
#2561 = ORIENTED_EDGE ( 'NONE', *, *, #5578, .T. ) ;
#2562 = DIRECTION ( 'NONE',  ( 0.000000000000000000, 0.000000000000000000, -1.000000000000000000 ) ) ;
#2563 = CIRCLE ( 'NONE', #2457, 6.999999999999999112 ) ;
#2564 = LINE ( 'NONE', #5054, #5521 ) ;
#2565 = CARTESIAN_POINT ( 'NONE',  ( 45.83502884254438925, 4.064466094067268109, -5.999999999999992006 ) ) ;
#2566 = ADVANCED_FACE ( 'NONE', ( #413, #2485 ), #6615, .T. ) ;
#2567 = ORIENTED_EDGE ( 'NONE', *, *, #4334, .T. ) ;
#2568 = DIRECTION ( 'NONE',  ( 0.7071067811865462405, -0.7071067811865489050, -1.630079379862720112E-17 ) ) ;
#2569 = ORIENTED_EDGE ( 'NONE', *, *, #1834, .F. ) ;
#2570 = CARTESIAN_POINT ( 'NONE',  ( -2.676566931362052593, -2.999999999999999556, 0.3674554548833096623 ) ) ;
#2571 = ORIENTED_EDGE ( 'NONE', *, *, #931, .F. ) ;
#2572 = VECTOR ( 'NONE', #2350, 1000.000000000000114 ) ;
#2573 = CARTESIAN_POINT ( 'NONE',  ( 75.00000000000000000, -3.000000000000000000, -3.469446951953614189E-15 ) ) ;
#2574 = CARTESIAN_POINT ( 'NONE',  ( 72.00000000000048317, 0.7499999999999997780, -5.250000000021676883 ) ) ;
#2575 = DIRECTION ( 'NONE',  ( -0.000000000000000000, -1.000000000000000000, -0.000000000000000000 ) ) ;
#2576 = DIRECTION ( 'NONE',  ( 9.381338752702144066E-17, 0.6427876096865963174, -0.7660444431189300518 ) ) ;
#2577 = VECTOR ( 'NONE', #671, 1000.000000000000227 ) ;
#2578 = ORIENTED_EDGE ( 'NONE', *, *, #4585, .T. ) ;
#2579 = DIRECTION ( 'NONE',  ( 0.8660254037844390407, 0.000000000000000000, -0.4999999999999992784 ) ) ;
#2580 = AXIS2_PLACEMENT_3D ( 'NONE', #5573, #846, #6539 ) ;
#2581 = ORIENTED_EDGE ( 'NONE', *, *, #6024, .F. ) ;
#2582 = DIRECTION ( 'NONE',  ( -0.000000000000000000, 1.000000000000000000, -0.000000000000000000 ) ) ;
#2583 = CARTESIAN_POINT ( 'NONE',  ( 5.000000000000000000, -1.399999999999999911, -4.000000000000000000 ) ) ;
#2584 = AXIS2_PLACEMENT_3D ( 'NONE', #4732, #6091, #2494 ) ;
#2585 = ORIENTED_EDGE ( 'NONE', *, *, #1725, .T. ) ;
#2586 = ADVANCED_FACE ( 'NONE', ( #3853 ), #5375, .F. ) ;
#2587 = FACE_OUTER_BOUND ( 'NONE', #1082, .T. ) ;
#2588 = LINE ( 'NONE', #4659, #4193 ) ;
#2589 = DIRECTION ( 'NONE',  ( -0.000000000000000000, -1.000000000000000000, -0.000000000000000000 ) ) ;
#2590 = EDGE_CURVE ( 'NONE', #3045, #2512, #4424, .T. ) ;
#2591 = EDGE_CURVE ( 'NONE', #810, #1400, #12, .T. ) ;
#2592 = VECTOR ( 'NONE', #4982, 1000.000000000000000 ) ;
#2593 = VERTEX_POINT ( 'NONE', #1093 ) ;
#2594 = EDGE_CURVE ( 'NONE', #6276, #4230, #1634, .T. ) ;
#2595 = FACE_OUTER_BOUND ( 'NONE', #1643, .T. ) ;
#2596 = EDGE_LOOP ( 'NONE', ( #5044, #4492, #2107, #5523 ) ) ;
#2597 = CARTESIAN_POINT ( 'NONE',  ( 2.548796662228384413, -3.000000000000000444, -1.405016486157870004 ) ) ;
#2598 = ORIENTED_EDGE ( 'NONE', *, *, #5325, .F. ) ;
#2599 = EDGE_CURVE ( 'NONE', #4163, #681, #1817, .T. ) ;
#2600 = ORIENTED_EDGE ( 'NONE', *, *, #3814, .T. ) ;
#2601 = LINE ( 'NONE', #6166, #2665 ) ;
#2602 = CARTESIAN_POINT ( 'NONE',  ( 21.15470053837924524, -1.399999999999999911, 2.000000000000001776 ) ) ;
#2603 = VERTEX_POINT ( 'NONE', #2040 ) ;
#2604 = DIRECTION ( 'NONE',  ( -0.000000000000000000, -1.000000000000000000, -0.000000000000000000 ) ) ;
#2605 = AXIS2_PLACEMENT_3D ( 'NONE', #2411, #3093, #5097 ) ;
#2606 = DIRECTION ( 'NONE',  ( -8.517751588359480883E-12, -0.7071067811865469066, -0.7071067811865482389 ) ) ;
#2607 = ORIENTED_EDGE ( 'NONE', *, *, #3307, .T. ) ;
#2608 = CARTESIAN_POINT ( 'NONE',  ( 75.00000000000001421, 1.000000000000000000, 0.2500000000000004441 ) ) ;
#2609 = VERTEX_POINT ( 'NONE', #2484 ) ;
#2610 = CARTESIAN_POINT ( 'NONE',  ( 75.25000000000001421, 1.000000000000000000, 6.749999999999998224 ) ) ;
#2611 = EDGE_CURVE ( 'NONE', #1837, #6644, #5298, .T. ) ;
#2612 = AXIS2_PLACEMENT_3D ( 'NONE', #2404, #4411, #3908 ) ;
#2613 = LINE ( 'NONE', #2132, #1085 ) ;
#2614 = CARTESIAN_POINT ( 'NONE',  ( 6.154700538379253238, -1.399999999999999911, 2.000000000000000888 ) ) ;
#2615 = LINE ( 'NONE', #505, #1507 ) ;
#2616 = LINE ( 'NONE', #5697, #5379 ) ;
#2617 = EDGE_CURVE ( 'NONE', #896, #2369, #3990, .T. ) ;
#2618 = DIRECTION ( 'NONE',  ( 0.000000000000000000, 0.000000000000000000, -1.000000000000000000 ) ) ;
#2619 = VERTEX_POINT ( 'NONE', #6306 ) ;
#2620 = AXIS2_PLACEMENT_3D ( 'NONE', #274, #4333, #1708 ) ;
#2621 = DIRECTION ( 'NONE',  ( -1.000000000000000000, 0.000000000000000000, 0.000000000000000000 ) ) ;
#2622 = VERTEX_POINT ( 'NONE', #4179 ) ;
#2623 = CARTESIAN_POINT ( 'NONE',  ( 33.94325914427972180, -5.000000000000000000, 0.000000000000000000 ) ) ;
#2624 = FACE_OUTER_BOUND ( 'NONE', #4577, .T. ) ;
#2625 = DIRECTION ( 'NONE',  ( 0.000000000000000000, 0.000000000000000000, 1.000000000000000000 ) ) ;
#2626 = B_SPLINE_CURVE_WITH_KNOTS ( 'NONE', 3,
 ( #905, #5056, #6035, #6566, #394, #356, #4990, #3386, #1861, #6602, #937, #324, #1386, #6496, #2400, #5968, #2331, #836, #1958, #2430, #4032, #1929, #3453, #1319, #5533, #2908, #2466, #1416, #2865, #6068, #4922, #4954, #1827, #6094 ),
 .UNSPECIFIED., .F., .F.,
 ( 4, 2, 2, 2, 2, 2, 2, 2, 2, 2, 2, 2, 2, 2, 2, 2, 4 ),
 ( 0.002307422248809030615, 0.002992302465437443864, 0.003677182682065857112, 0.004362062898694269927, 0.005046943115322683610, 0.005731823331951097292, 0.006416703548579511841, 0.007101583765207925523, 0.007786463981836340073, 0.008471344198464753755, 0.009156224415093169172, 0.009841104631721584589, 0.01052598484834999827, 0.01121086506497841195, 0.01189574528160682564, 0.01258062549823524105, 0.01326550571486365473 ),
 .UNSPECIFIED. ) ;
#2627 = ORIENTED_EDGE ( 'NONE', *, *, #3588, .T. ) ;
#2628 = CARTESIAN_POINT ( 'NONE',  ( 75.25000000000001421, 0.7499999999999997780, -7.000000000000007994 ) ) ;
#2629 = CIRCLE ( 'NONE', #6417, 0.5249999999999976907 ) ;
#2630 = CARTESIAN_POINT ( 'NONE',  ( 0.000000000000000000, 0.000000000000000000, 0.000000000000000000 ) ) ;
#2631 = ORIENTED_EDGE ( 'NONE', *, *, #3100, .T. ) ;
#2632 = LINE ( 'NONE', #4772, #6617 ) ;
#2633 = ORIENTED_EDGE ( 'NONE', *, *, #6351, .F. ) ;
#2634 = ADVANCED_FACE ( 'NONE', ( #5838 ), #5739, .F. ) ;
#2635 = B_SPLINE_CURVE_WITH_KNOTS ( 'NONE', 3,
 ( #6380, #1734, #3849, #236, #5875, #5910, #1263, #5409 ),
 .UNSPECIFIED., .F., .F.,
 ( 4, 2, 2, 4 ),
 ( 8.673617379884034509E-19, 0.0008538622165729878874, 0.001707724433145974908, 0.003415448866291938973 ),
 .UNSPECIFIED. ) ;
#2636 = ORIENTED_EDGE ( 'NONE', *, *, #3528, .T. ) ;
#2637 = LINE ( 'NONE', #4639, #1150 ) ;
#2638 = CARTESIAN_POINT ( 'NONE',  ( 66.99999999995100097, -1.399999999999999911, -5.000000000000000000 ) ) ;
#2639 = ORIENTED_EDGE ( 'NONE', *, *, #4996, .F. ) ;
#2640 = DIRECTION ( 'NONE',  ( -0.4999999999999992784, -0.8660254037844390407, 0.000000000000000000 ) ) ;
#2641 = ORIENTED_EDGE ( 'NONE', *, *, #6106, .F. ) ;
#2642 = EDGE_CURVE ( 'NONE', #1740, #2005, #3460, .T. ) ;
#2643 = CARTESIAN_POINT ( 'NONE',  ( 2.690598923241498408, -3.000000000000000000, -4.000000000000000000 ) ) ;
#2644 = EDGE_LOOP ( 'NONE', ( #4215, #359, #1808, #1732 ) ) ;
#2645 = DIRECTION ( 'NONE',  ( 0.000000000000000000, 1.000000000000000000, 0.000000000000000000 ) ) ;
#2646 = EDGE_CURVE ( 'NONE', #3204, #5168, #5079, .T. ) ;
#2647 = LINE ( 'NONE', #6176, #2281 ) ;
#2648 = DIRECTION ( 'NONE',  ( -1.169476500658520487E-16, 1.000000000000000000, -0.000000000000000000 ) ) ;
#2649 = CARTESIAN_POINT ( 'NONE',  ( 71.99999999995104361, -3.000000000000000444, -4.499999999999287681 ) ) ;
#2650 = ORIENTED_EDGE ( 'NONE', *, *, #4518, .F. ) ;
#2651 = PLANE ( 'NONE',  #238 ) ;
#2652 = EDGE_LOOP ( 'NONE', ( #3850, #207, #3956, #1867 ) ) ;
#2653 = ORIENTED_EDGE ( 'NONE', *, *, #5311, .F. ) ;
#2654 = DIRECTION ( 'NONE',  ( 0.000000000000000000, 1.000000000000000000, 0.000000000000000000 ) ) ;
#2655 = VECTOR ( 'NONE', #4222, 1000.000000000000114 ) ;
#2656 = CARTESIAN_POINT ( 'NONE',  ( 35.05025253169414867, 4.949747468305824682, -5.999999999999992895 ) ) ;
#2657 = CARTESIAN_POINT ( 'NONE',  ( 6.154700538379253238, -3.000000000000000000, 5.999999999999998224 ) ) ;
#2658 = AXIS2_PLACEMENT_3D ( 'NONE', #4987, #5995, #2859 ) ;
#2659 = ORIENTED_EDGE ( 'NONE', *, *, #6155, .T. ) ;
#2660 = CIRCLE ( 'NONE', #5585, 1.499999999999996891 ) ;
#2661 = FACE_OUTER_BOUND ( 'NONE', #1070, .T. ) ;
#2662 = ORIENTED_EDGE ( 'NONE', *, *, #1974, .T. ) ;
#2663 = DIRECTION ( 'NONE',  ( 1.000000000000000000, 0.000000000000000000, 3.755786496842901029E-16 ) ) ;
#2664 = ORIENTED_EDGE ( 'NONE', *, *, #1283, .F. ) ;
#2665 = VECTOR ( 'NONE', #3614, 1000.000000000000000 ) ;
#2666 = CARTESIAN_POINT ( 'NONE',  ( 66.99999999995100097, -3.000000000000001332, -5.000000000000000000 ) ) ;
#2667 = DIRECTION ( 'NONE',  ( -4.336808689942017736E-15, 1.000000000000000000, 9.997559927259321876E-32 ) ) ;
#2668 = ORIENTED_EDGE ( 'NONE', *, *, #1877, .T. ) ;
#2669 = AXIS2_PLACEMENT_3D ( 'NONE', #3674, #4726, #2176 ) ;
#2670 = CYLINDRICAL_SURFACE ( 'NONE', #6250, 1.100000000000001199 ) ;
#2671 = ORIENTED_EDGE ( 'NONE', *, *, #2474, .F. ) ;
#2672 = DIRECTION ( 'NONE',  ( 0.5000000000000150990, -0.7071067811865426878, -0.4999999999999916733 ) ) ;
#2673 = VERTEX_POINT ( 'NONE', #1800 ) ;
#2674 = CYLINDRICAL_SURFACE ( 'NONE', #847, 0.5000000000000004441 ) ;
#2675 = AXIS2_PLACEMENT_3D ( 'NONE', #6468, #4443, #867 ) ;
#2676 = AXIS2_PLACEMENT_3D ( 'NONE', #3490, #432, #3086 ) ;
#2677 = LINE ( 'NONE', #5763, #861 ) ;
#2678 = EDGE_CURVE ( 'NONE', #4081, #6154, #77, .T. ) ;
#2679 = DIRECTION ( 'NONE',  ( -1.000000000000000000, 0.000000000000000000, 0.000000000000000000 ) ) ;
#2680 = CARTESIAN_POINT ( 'NONE',  ( 69.13908729650148643, -1.399999999999999911, -5.689339828220186135 ) ) ;
#2681 = ORIENTED_EDGE ( 'NONE', *, *, #522, .T. ) ;
#2682 =( GEOMETRIC_REPRESENTATION_CONTEXT ( 3 ) GLOBAL_UNCERTAINTY_ASSIGNED_CONTEXT ( ( #1970 ) ) GLOBAL_UNIT_ASSIGNED_CONTEXT ( ( #4744, #4268, #5887 ) ) REPRESENTATION_CONTEXT ( 'NONE', 'WORKASPACE' ) );
#2683 = CARTESIAN_POINT ( 'NONE',  ( 52.99999999999999289, 0.9999999999999974465, -7.000000000000010658 ) ) ;
#2684 = ADVANCED_FACE ( 'NONE', ( #1328 ), #6476, .F. ) ;
#2685 = ORIENTED_EDGE ( 'NONE', *, *, #879, .F. ) ;
#2686 = VECTOR ( 'NONE', #2141, 1000.000000000000000 ) ;
#2687 = ORIENTED_EDGE ( 'NONE', *, *, #2296, .F. ) ;
#2688 = DIRECTION ( 'NONE',  ( 0.000000000000000000, 0.000000000000000000, 1.000000000000000000 ) ) ;
#2689 = CIRCLE ( 'NONE', #5827, 0.5000000000000004441 ) ;
#2690 = CARTESIAN_POINT ( 'NONE',  ( 69.13908729650148643, 0.7499999999999988898, -5.689339828220186135 ) ) ;
#2691 = CARTESIAN_POINT ( 'NONE',  ( 52.74999999999996447, 6.999999999999902300, -7.000000000000007105 ) ) ;
#2692 = FACE_OUTER_BOUND ( 'NONE', #2874, .T. ) ;
#2693 = CARTESIAN_POINT ( 'NONE',  ( 74.48743686708270673, -3.000000000000000000, -1.487436867060061063 ) ) ;
#2694 = ADVANCED_FACE ( 'NONE', ( #5946 ), #1356, .F. ) ;
#2695 = VERTEX_POINT ( 'NONE', #1899 ) ;
#2696 = VECTOR ( 'NONE', #4245, 1000.000000000000000 ) ;
#2697 = ORIENTED_EDGE ( 'NONE', *, *, #1921, .T. ) ;
#2698 = ADVANCED_FACE ( 'NONE', ( #3393, #4895 ), #5904, .T. ) ;
#2699 = CARTESIAN_POINT ( 'NONE',  ( 0.2969445503334091629, -3.000000000000000444, -2.799888136350346723 ) ) ;
#2700 = ORIENTED_EDGE ( 'NONE', *, *, #1304, .F. ) ;
#2701 = EDGE_CURVE ( 'NONE', #4984, #780, #264, .T. ) ;
#2702 = ADVANCED_FACE ( 'NONE', ( #3359 ), #6054, .F. ) ;
#2703 = CARTESIAN_POINT ( 'NONE',  ( 39.99999999999999289, 0.000000000000000000, -2.100000000000000089 ) ) ;
#2704 = CARTESIAN_POINT ( 'NONE',  ( 73.51256313289904654, -3.000000000000000000, 2.462310601253884457 ) ) ;
#2705 = EDGE_LOOP ( 'NONE', ( #2261, #3592, #2119, #382 ) ) ;
#2706 = CARTESIAN_POINT ( 'NONE',  ( 70.02999999995098790, 0.9999999999999993339, -0.7999999999993120392 ) ) ;
#2707 = ORIENTED_EDGE ( 'NONE', *, *, #5264, .F. ) ;
#2708 = DIRECTION ( 'NONE',  ( -0.000000000000000000, 1.000000000000000000, -0.000000000000000000 ) ) ;
#2709 = ORIENTED_EDGE ( 'NONE', *, *, #1621, .T. ) ;
#2710 = ADVANCED_FACE ( 'NONE', ( #781, #4449 ), #261, .T. ) ;
#2711 = CARTESIAN_POINT ( 'NONE',  ( 44.94974746830583712, 4.949747468305822906, -7.000000000000010658 ) ) ;
#2712 = EDGE_CURVE ( 'NONE', #6376, #2241, #3946, .T. ) ;
#2713 = FACE_OUTER_BOUND ( 'NONE', #5846, .T. ) ;
#2714 = DIRECTION ( 'NONE',  ( -1.203873754668172080E-11, -1.407902065843968062E-27, -1.000000000000000000 ) ) ;
#2715 = LINE ( 'NONE', #1758, #5195 ) ;
#2716 = LINE ( 'NONE', #1624, #1261 ) ;
#2717 = ORIENTED_EDGE ( 'NONE', *, *, #798, .F. ) ;
#2718 = CARTESIAN_POINT ( 'NONE',  ( 29.02943725152286447, 1.000000000000000000, 4.535533905932743082 ) ) ;
#2719 = ORIENTED_EDGE ( 'NONE', *, *, #6001, .T. ) ;
#2720 = AXIS2_PLACEMENT_3D ( 'NONE', #118, #2708, #4239 ) ;
#2721 = ORIENTED_EDGE ( 'NONE', *, *, #3236, .F. ) ;
#2722 = CARTESIAN_POINT ( 'NONE',  ( 73.97999999995100495, 1.000000000000000666, 0.1950000000007323930 ) ) ;
#2723 = CARTESIAN_POINT ( 'NONE',  ( 32.32303413741993126, 2.234349512730873233, 1.522693158096231736 ) ) ;
#2724 = VECTOR ( 'NONE', #2663, 1000.000000000000000 ) ;
#2725 = ADVANCED_FACE ( 'NONE', ( #3427 ), #1392, .T. ) ;
#2726 = DIRECTION ( 'NONE',  ( -1.000000000000000000, 0.000000000000000000, 0.000000000000000000 ) ) ;
#2727 = AXIS2_PLACEMENT_3D ( 'NONE', #120, #5795, #5829 ) ;
#2728 = CARTESIAN_POINT ( 'NONE',  ( 35.05025253169414867, 4.949747468305823794, -5.999999999999992895 ) ) ;
#2729 = ORIENTED_EDGE ( 'NONE', *, *, #1367, .T. ) ;
#2730 = CARTESIAN_POINT ( 'NONE',  ( -1.738536409626977530, -3.000000000000000000, -2.113091893232946106 ) ) ;
#2731 = ORIENTED_EDGE ( 'NONE', *, *, #6391, .T. ) ;
#2732 = ORIENTED_EDGE ( 'NONE', *, *, #3985, .T. ) ;
#2733 = AXIS2_PLACEMENT_3D ( 'NONE', #1097, #2554, #6418 ) ;
#2734 = DIRECTION ( 'NONE',  ( 1.000000000000000000, -7.607762192503441988E-17, -1.152640183373293597E-17 ) ) ;
#2735 = ORIENTED_EDGE ( 'NONE', *, *, #1467, .F. ) ;
#2736 = ORIENTED_EDGE ( 'NONE', *, *, #5900, .F. ) ;
#2737 = LINE ( 'NONE', #2643, #4454 ) ;
#2738 = LINE ( 'NONE', #5528, #3417 ) ;
#2739 = AXIS2_PLACEMENT_3D ( 'NONE', #3597, #3098, #6210 ) ;
#2740 = PLANE ( 'NONE',  #3472 ) ;
#2741 = FACE_OUTER_BOUND ( 'NONE', #3326, .T. ) ;
#2742 = DIRECTION ( 'NONE',  ( 0.000000000000000000, 0.000000000000000000, 1.000000000000000000 ) ) ;
#2743 = ORIENTED_EDGE ( 'NONE', *, *, #806, .F. ) ;
#2744 = CARTESIAN_POINT ( 'NONE',  ( 38.89999999999999858, 1.347111479062089982E-16, 2.099999999999999645 ) ) ;
#2745 = ORIENTED_EDGE ( 'NONE', *, *, #31, .T. ) ;
#2746 = EDGE_LOOP ( 'NONE', ( #4592, #6550, #4113, #3879 ) ) ;
#2747 = ORIENTED_EDGE ( 'NONE', *, *, #6559, .F. ) ;
#2748 = CYLINDRICAL_SURFACE ( 'NONE', #5722, 0.5000000000000004441 ) ;
#2749 = CARTESIAN_POINT ( 'NONE',  ( 6.154700538379250574, -1.399999999999999911, -2.000000000000000000 ) ) ;
#2750 = EDGE_CURVE ( 'NONE', #6198, #5552, #1875, .T. ) ;
#2751 = CARTESIAN_POINT ( 'NONE',  ( 3.845299461620749426, -3.000000000000000000, 5.999999999999998224 ) ) ;
#2752 = EDGE_LOOP ( 'NONE', ( #1240, #2158 ) ) ;
#2753 = ADVANCED_FACE ( 'NONE', ( #4039 ), #5031, .F. ) ;
#2754 = AXIS2_PLACEMENT_3D ( 'NONE', #1155, #677, #4760 ) ;
#2755 = VERTEX_POINT ( 'NONE', #3565 ) ;
#2756 = LINE ( 'NONE', #1131, #1248 ) ;
#2757 = DIRECTION ( 'NONE',  ( -0.000000000000000000, 1.000000000000000000, -0.000000000000000000 ) ) ;
#2758 = EDGE_CURVE ( 'NONE', #1256, #5358, #2437, .T. ) ;
#2759 = AXIS2_PLACEMENT_3D ( 'NONE', #2942, #424, #6160 ) ;
#2760 = LINE ( 'NONE', #6288, #5276 ) ;
#2761 = CARTESIAN_POINT ( 'NONE',  ( 7.309401076758502924, -3.000000000000000000, -4.000000000000000000 ) ) ;
#2762 = VERTEX_POINT ( 'NONE', #2537 ) ;
#2763 = DIRECTION ( 'NONE',  ( -1.362023050420387124E-17, 1.000000000000000000, -0.000000000000000000 ) ) ;
#2764 = EDGE_LOOP ( 'NONE', ( #4660, #4625 ) ) ;
#2765 = DIRECTION ( 'NONE',  ( -1.169476500658520487E-16, 1.000000000000000000, -0.000000000000000000 ) ) ;
#2766 = VECTOR ( 'NONE', #2870, 1000.000000000000000 ) ;
#2767 = LINE ( 'NONE', #2906, #5832 ) ;
#2768 = EDGE_CURVE ( 'NONE', #4854, #953, #4111, .T. ) ;
#2769 = CARTESIAN_POINT ( 'NONE',  ( 72.76999999995101120, -3.000000000000000444, -1.949999999999279865 ) ) ;
#2770 = DIRECTION ( 'NONE',  ( 0.000000000000000000, 0.000000000000000000, -1.000000000000000000 ) ) ;
#2771 = DIRECTION ( 'NONE',  ( -0.000000000000000000, -1.000000000000000000, -0.000000000000000000 ) ) ;
#2772 = DIRECTION ( 'NONE',  ( -0.000000000000000000, 1.000000000000000000, -0.000000000000000000 ) ) ;
#2773 = EDGE_LOOP ( 'NONE', ( #5503, #2220, #5019, #1550, #6222, #4055 ) ) ;
#2774 = CARTESIAN_POINT ( 'NONE',  ( 70.19974746828131629, -3.000000000000000888, 5.250000000000004441 ) ) ;
#2775 = ORIENTED_EDGE ( 'NONE', *, *, #2292, .F. ) ;
#2776 = ORIENTED_EDGE ( 'NONE', *, *, #5539, .F. ) ;
#2777 = VECTOR ( 'NONE', #5842, 1000.000000000000114 ) ;
#2778 = CARTESIAN_POINT ( 'NONE',  ( 71.99999999997550049, 0.7499999999999997780, -4.000000000000000000 ) ) ;
#2779 = ORIENTED_EDGE ( 'NONE', *, *, #1589, .T. ) ;
#2780 = AXIS2_PLACEMENT_3D ( 'NONE', #1559, #4691, #583 ) ;
#2781 = FACE_OUTER_BOUND ( 'NONE', #5689, .T. ) ;
#2782 = CARTESIAN_POINT ( 'NONE',  ( 32.56497115745560933, 2.464466094067269797, 1.519868415357060965 ) ) ;
#2783 = CIRCLE ( 'NONE', #5505, 7.000000000000002665 ) ;
#2784 = ORIENTED_EDGE ( 'NONE', *, *, #5238, .T. ) ;
#2785 = CARTESIAN_POINT ( 'NONE',  ( 64.49999999995100097, -1.000000000000007994, -7.000000000000010658 ) ) ;
#2786 = CIRCLE ( 'NONE', #2246, 1.100000000000001199 ) ;
#2787 =( BOUNDED_CURVE ( )  B_SPLINE_CURVE ( 3, ( #5417, #239, #6454, #272 ),
 .UNSPECIFIED., .F., .F. ) 
 B_SPLINE_CURVE_WITH_KNOTS ( ( 4, 4 ),
 ( 5.497787143782136177, 6.283185307179586232 ),
 .UNSPECIFIED. ) 
 CURVE ( )  GEOMETRIC_REPRESENTATION_ITEM ( )  RATIONAL_B_SPLINE_CURVE ( ( 1.000000000000000000, 0.9492530216741910110, 0.9492530216741910110, 1.000000000000000000 ) ) 
 REPRESENTATION_ITEM ( '' )  );
#2788 = EDGE_CURVE ( 'NONE', #3404, #2362, #1934, .T. ) ;
#2789 = AXIS2_PLACEMENT_3D ( 'NONE', #2213, #2822, #6346 ) ;
#2790 = EDGE_CURVE ( 'NONE', #3789, #1749, #3024, .T. ) ;
#2791 = ORIENTED_EDGE ( 'NONE', *, *, #6484, .T. ) ;
#2792 = PLANE ( 'NONE',  #1563 ) ;
#2793 = DIRECTION ( 'NONE',  ( 0.4999999999999993894, -0.8660254037844389297, 0.000000000000000000 ) ) ;
#2794 = ADVANCED_FACE ( 'NONE', ( #6576 ), #6261, .F. ) ;
#2795 = ORIENTED_EDGE ( 'NONE', *, *, #4410, .F. ) ;
#2796 = TOROIDAL_SURFACE ( 'NONE', #955, 40.00000000000000000, 2.799999999999999822 ) ;
#2797 = DIRECTION ( 'NONE',  ( -0.7071067811865424657, -0.7071067811865526798, -6.536549625213551424E-14 ) ) ;
#2798 = CARTESIAN_POINT ( 'NONE',  ( 66.99999999995100097, -1.399999999999999911, -5.000000000000000000 ) ) ;
#2799 = ORIENTED_EDGE ( 'NONE', *, *, #2348, .T. ) ;
#2800 = LINE ( 'NONE', #4948, #1539 ) ;
#2801 = ORIENTED_EDGE ( 'NONE', *, *, #1405, .F. ) ;
#2802 = CIRCLE ( 'NONE', #4979, 0.5249999999999976907 ) ;
#2803 = FACE_OUTER_BOUND ( 'NONE', #6020, .T. ) ;
#2804 = ADVANCED_FACE ( 'NONE', ( #977 ), #3249, .F. ) ;
#2805 = FACE_OUTER_BOUND ( 'NONE', #6173, .T. ) ;
#2806 = DIRECTION ( 'NONE',  ( 0.000000000000000000, 0.000000000000000000, -1.000000000000000000 ) ) ;
#2807 = FACE_OUTER_BOUND ( 'NONE', #5076, .T. ) ;
#2808 = FACE_OUTER_BOUND ( 'NONE', #2021, .T. ) ;
#2809 = ORIENTED_EDGE ( 'NONE', *, *, #4374, .T. ) ;
#2810 = DIRECTION ( 'NONE',  ( 0.000000000000000000, -0.7071067811865474617, 0.7071067811865474617 ) ) ;
#2811 = DIRECTION ( 'NONE',  ( -0.000000000000000000, 1.000000000000000000, -0.000000000000000000 ) ) ;
#2812 = ORIENTED_EDGE ( 'NONE', *, *, #3198, .T. ) ;
#2813 = ORIENTED_EDGE ( 'NONE', *, *, #2788, .F. ) ;
#2814 = EDGE_CURVE ( 'NONE', #2032, #1256, #6365, .T. ) ;
#2815 = CARTESIAN_POINT ( 'NONE',  ( 71.99999999997550049, -3.000000000000000000, 4.000000000000000000 ) ) ;
#2816 = LINE ( 'NONE', #4860, #4493 ) ;
#2817 = ORIENTED_EDGE ( 'NONE', *, *, #4556, .T. ) ;
#2818 = FACE_BOUND ( 'NONE', #2487, .T. ) ;
#2819 = DIRECTION ( 'NONE',  ( 0.000000000000000000, 0.000000000000000000, 1.000000000000000000 ) ) ;
#2820 = CARTESIAN_POINT ( 'NONE',  ( 43.16963696305523257, 6.797308402774867808, 0.000000000000000000 ) ) ;
#2821 = EDGE_CURVE ( 'NONE', #4809, #6295, #4817, .T. ) ;
#2822 = DIRECTION ( 'NONE',  ( -0.03489949670249702096, 0.9993908270190958731, 0.000000000000000000 ) ) ;
#2823 = AXIS2_PLACEMENT_3D ( 'NONE', #1344, #6527, #4402 ) ;
#2824 = VERTEX_POINT ( 'NONE', #1147 ) ;
#2825 = CARTESIAN_POINT ( 'NONE',  ( 6.154700538379252350, -1.399999999999999911, -5.999999999999999112 ) ) ;
#2826 = VECTOR ( 'NONE', #965, 1000.000000000000000 ) ;
#2827 = ORIENTED_EDGE ( 'NONE', *, *, #408, .T. ) ;
#2828 = PLANE ( 'NONE',  #2879 ) ;
#2829 = DIRECTION ( 'NONE',  ( 9.381338752702144066E-17, 0.6427876096865963174, -0.7660444431189300518 ) ) ;
#2830 = AXIS2_PLACEMENT_3D ( 'NONE', #4602, #6656, #4024 ) ;
#2831 = DIRECTION ( 'NONE',  ( 0.000000000000000000, 0.000000000000000000, -1.000000000000000000 ) ) ;
#2832 = ORIENTED_EDGE ( 'NONE', *, *, #4727, .T. ) ;
#2833 = CARTESIAN_POINT ( 'NONE',  ( 45.30793193882909264, -3.000000000000000888, 1.230151519016504436 ) ) ;
#2834 = EDGE_CURVE ( 'NONE', #4854, #2755, #1585, .T. ) ;
#2835 = CARTESIAN_POINT ( 'NONE',  ( 49.37056274847713411, 2.599999999999997868, 4.535533905932741305 ) ) ;
#2836 = DIRECTION ( 'NONE',  ( -0.8660254037844384856, 0.000000000000000000, 0.5000000000000004441 ) ) ;
#2837 = FACE_OUTER_BOUND ( 'NONE', #3124, .T. ) ;
#2838 = CARTESIAN_POINT ( 'NONE',  ( 70.19974746828131629, -3.000000000000000000, 6.750000000000000888 ) ) ;
#2839 = EDGE_CURVE ( 'NONE', #3866, #4742, #4307, .T. ) ;
#2840 = DIRECTION ( 'NONE',  ( 4.336808689942017736E-15, -1.000000000000000000, -4.998779963629660938E-32 ) ) ;
#2841 = ORIENTED_EDGE ( 'NONE', *, *, #4792, .F. ) ;
#2842 = CARTESIAN_POINT ( 'NONE',  ( 17.69059892324149530, -1.399999999999999911, 3.999999999999998224 ) ) ;
#2843 = EDGE_LOOP ( 'NONE', ( #6676, #4993, #498, #2662 ) ) ;
#2844 = ORIENTED_EDGE ( 'NONE', *, *, #5652, .T. ) ;
#2845 = ADVANCED_FACE ( 'NONE', ( #3224 ), #1651, .F. ) ;
#2846 = CARTESIAN_POINT ( 'NONE',  ( 7.309401076758502924, -3.000000000000000000, -4.000000000000000000 ) ) ;
#2847 = DIRECTION ( 'NONE',  ( 0.000000000000000000, 0.000000000000000000, 1.000000000000000000 ) ) ;
#2848 = LINE ( 'NONE', #4386, #6033 ) ;
#2849 = CARTESIAN_POINT ( 'NONE',  ( 73.25000000000001421, 0.7499999999999993339, 0.2500000000000002220 ) ) ;
#2850 = CARTESIAN_POINT ( 'NONE',  ( 66.99999999995100097, -1.399999999999999911, 5.000000000000000000 ) ) ;
#2851 = EDGE_LOOP ( 'NONE', ( #6287, #5287, #2216, #1275 ) ) ;
#2852 = CARTESIAN_POINT ( 'NONE',  ( 46.62928963717403974, 3.418442460772820546, 0.05228623054752578464 ) ) ;
#2853 = VERTEX_POINT ( 'NONE', #5299 ) ;
#2854 = CIRCLE ( 'NONE', #2436, 0.5249999999999976907 ) ;
#2855 = DIRECTION ( 'NONE',  ( -9.630957350846425337E-18, 0.7071067811865474617, -0.7071067811865476838 ) ) ;
#2856 = DIRECTION ( 'NONE',  ( 0.000000000000000000, 0.000000000000000000, -1.000000000000000000 ) ) ;
#2857 = VERTEX_POINT ( 'NONE', #5828 ) ;
#2858 = CARTESIAN_POINT ( 'NONE',  ( 73.25000000000001421, -3.000000000000000000, 0.2500000000000002220 ) ) ;
#2859 = DIRECTION ( 'NONE',  ( 0.000000000000000000, 0.000000000000000000, 1.000000000000000000 ) ) ;
#2860 = CARTESIAN_POINT ( 'NONE',  ( 7.309401076758502924, -3.000000000000000000, 4.000000000000001776 ) ) ;
#2861 = CIRCLE ( 'NONE', #2440, 1.099999999999996758 ) ;
#2862 = EDGE_CURVE ( 'NONE', #2287, #4676, #2689, .T. ) ;
#2863 = DIRECTION ( 'NONE',  ( 0.5000000000000018874, 0.000000000000000000, 0.8660254037844374864 ) ) ;
#2864 = EDGE_CURVE ( 'NONE', #303, #2559, #2165, .T. ) ;
#2865 = CARTESIAN_POINT ( 'NONE',  ( 3.267053914309389739, -3.000000000000000444, 1.553545869713188532 ) ) ;
#2866 = ADVANCED_FACE ( 'NONE', ( #4242 ), #3336, .T. ) ;
#2867 = FACE_OUTER_BOUND ( 'NONE', #4553, .T. ) ;
#2868 = DIRECTION ( 'NONE',  ( -0.8660254037844388186, 0.000000000000000000, 0.4999999999999998335 ) ) ;
#2869 = AXIS2_PLACEMENT_3D ( 'NONE', #1445, #6562, #5087 ) ;
#2870 = DIRECTION ( 'NONE',  ( 1.000000000000000000, -1.877893248421447556E-16, 0.000000000000000000 ) ) ;
#2871 = EDGE_LOOP ( 'NONE', ( #2892, #5687 ) ) ;
#2872 = CARTESIAN_POINT ( 'NONE',  ( 17.50000000000000000, 1.216386554128327888E-15, -1.248999599679684769 ) ) ;
#2873 = CARTESIAN_POINT ( 'NONE',  ( 35.05025253169414867, 4.949747468305824682, -7.000000000000010658 ) ) ;
#2874 = EDGE_LOOP ( 'NONE', ( #2531, #4384, #663, #4462 ) ) ;
#2875 = ORIENTED_EDGE ( 'NONE', *, *, #183, .T. ) ;
#2876 = DIRECTION ( 'NONE',  ( -0.7071067811865403563, -8.269447640539454327E-17, 0.7071067811865546782 ) ) ;
#2877 = ADVANCED_FACE ( 'NONE', ( #537 ), #5326, .F. ) ;
#2878 = LINE ( 'NONE', #5508, #5909 ) ;
#2879 = AXIS2_PLACEMENT_3D ( 'NONE', #4912, #244, #2323 ) ;
#2880 = DIRECTION ( 'NONE',  ( -1.000000000000000000, -1.169476500658520487E-16, 1.152640183373293597E-17 ) ) ;
#2881 = PLANE ( 'NONE',  #5063 ) ;
#2882 = AXIS2_PLACEMENT_3D ( 'NONE', #548, #2548, #4628 ) ;
#2883 = PLANE ( 'NONE',  #5663 ) ;
#2884 = CIRCLE ( 'NONE', #502, 0.5000000000000004441 ) ;
#2885 = LINE ( 'NONE', #6507, #703 ) ;
#2886 = ORIENTED_EDGE ( 'NONE', *, *, #1596, .T. ) ;
#2887 = VECTOR ( 'NONE', #3937, 1000.000000000000000 ) ;
#2888 = AXIS2_PLACEMENT_3D ( 'NONE', #2683, #3668, #5737 ) ;
#2889 = DIRECTION ( 'NONE',  ( 0.000000000000000000, 0.000000000000000000, -1.000000000000000000 ) ) ;
#2890 = AXIS2_PLACEMENT_3D ( 'NONE', #2416, #853, #5073 ) ;
#2891 = CARTESIAN_POINT ( 'NONE',  ( 72.99999999997550049, -3.000000000000000000, 3.699747468330321976 ) ) ;
#2892 = ORIENTED_EDGE ( 'NONE', *, *, #6106, .T. ) ;
#2893 = AXIS2_PLACEMENT_3D ( 'NONE', #246, #1854, #1312 ) ;
#2894 = CARTESIAN_POINT ( 'NONE',  ( 46.12784907739028739, 3.789413089418408376, 0.6330779189801504225 ) ) ;
#2895 = EDGE_LOOP ( 'NONE', ( #5824, #6326 ) ) ;
#2896 = EDGE_CURVE ( 'NONE', #780, #5149, #4713, .T. ) ;
#2897 = ORIENTED_EDGE ( 'NONE', *, *, #134, .T. ) ;
#2898 = VECTOR ( 'NONE', #1721, 1000.000000000000000 ) ;
#2899 = CARTESIAN_POINT ( 'NONE',  ( 66.99999999997550049, 0.7499999999999993339, -7.000000000000001776 ) ) ;
#2900 = CARTESIAN_POINT ( 'NONE',  ( 74.74999999997550049, -3.000000000000000000, 3.699747468330339739 ) ) ;
#2901 = CARTESIAN_POINT ( 'NONE',  ( -2.022149652414261034, -3.000000000000000444, -2.787298699151779413 ) ) ;
#2902 = EDGE_LOOP ( 'NONE', ( #2480, #6058, #3647, #6622 ) ) ;
#2903 = DIRECTION ( 'NONE',  ( -0.4999999999999997780, 0.000000000000000000, 0.8660254037844387076 ) ) ;
#2904 = EDGE_CURVE ( 'NONE', #3089, #6165, #6364, .T. ) ;
#2905 = CIRCLE ( 'NONE', #6691, 1.100000000000001199 ) ;
#2906 = CARTESIAN_POINT ( 'NONE',  ( 5.000000000000000000, -3.000000000000000888, -5.100000000000001421 ) ) ;
#2907 = CARTESIAN_POINT ( 'NONE',  ( 65.84529946157176994, -1.399999999999999911, 7.000000000000013323 ) ) ;
#2908 = CARTESIAN_POINT ( 'NONE',  ( 2.756294842824519087, -3.000000000000000888, 2.314391690259618883 ) ) ;
#2909 = CARTESIAN_POINT ( 'NONE',  ( 75.25000000000001421, -2.749999999999992895, -0.2500000000000000000 ) ) ;
#2910 = CIRCLE ( 'NONE', #5524, 42.79999999999999005 ) ;
#2911 = LINE ( 'NONE', #3940, #1146 ) ;
#2912 = ORIENTED_EDGE ( 'NONE', *, *, #4964, .T. ) ;
#2913 = EDGE_CURVE ( 'NONE', #5599, #2237, #3693, .T. ) ;
#2914 = CARTESIAN_POINT ( 'NONE',  ( 22.30940107675850115, -3.000000000000000000, -4.000000000000000888 ) ) ;
#2915 = ORIENTED_EDGE ( 'NONE', *, *, #6315, .F. ) ;
#2916 = ORIENTED_EDGE ( 'NONE', *, *, #4527, .T. ) ;
#2917 = DIRECTION ( 'NONE',  ( 0.7071067811865398012, 0.000000000000000000, 0.7071067811865551223 ) ) ;
#2918 = EDGE_CURVE ( 'NONE', #3507, #5352, #5762, .T. ) ;
#2919 = CARTESIAN_POINT ( 'NONE',  ( 32.21141776686232561, 2.110912703473982965, -1.519868415357060965 ) ) ;
#2920 = CARTESIAN_POINT ( 'NONE',  ( 71.99999999995104361, -3.000000000000000444, -3.499999999999286793 ) ) ;
#2921 = DIRECTION ( 'NONE',  ( -0.000000000000000000, -1.000000000000000000, -0.000000000000000000 ) ) ;
#2922 = ORIENTED_EDGE ( 'NONE', *, *, #6528, .F. ) ;
#2923 = ADVANCED_FACE ( 'NONE', ( #5262 ), #2674, .F. ) ;
#2924 = DIRECTION ( 'NONE',  ( -1.169476500658520487E-16, 1.000000000000000000, -0.000000000000000000 ) ) ;
#2925 = CARTESIAN_POINT ( 'NONE',  ( 5.000000000000000000, -3.000000000000000888, -2.899999999999999023 ) ) ;
#2926 = ADVANCED_FACE ( 'NONE', ( #3934 ), #5996, .F. ) ;
#2927 = CARTESIAN_POINT ( 'NONE',  ( 32.56497115745560933, 2.464466094067269797, -1.519868415357060965 ) ) ;
#2928 = DIRECTION ( 'NONE',  ( 0.5000000000000004441, 0.000000000000000000, -0.8660254037844383745 ) ) ;
#2929 = LINE ( 'NONE', #4487, #5510 ) ;
#2930 = VECTOR ( 'NONE', #980, 1000.000000000000000 ) ;
#2931 = PLANE ( 'NONE',  #378 ) ;
#2932 = ADVANCED_FACE ( 'NONE', ( #4988 ), #1345, .F. ) ;
#2933 = ORIENTED_EDGE ( 'NONE', *, *, #4289, .T. ) ;
#2934 = VECTOR ( 'NONE', #746, 1000.000000000000114 ) ;
#2935 = EDGE_LOOP ( 'NONE', ( #5201, #5537, #2639, #1009 ) ) ;
#2936 = LINE ( 'NONE', #6460, #6581 ) ;
#2937 = LINE ( 'NONE', #4567, #1793 ) ;
#2938 = CARTESIAN_POINT ( 'NONE',  ( -3.284399990609094822, -3.000000000000000444, -0.9066465299826548252 ) ) ;
#2939 = ORIENTED_EDGE ( 'NONE', *, *, #5877, .F. ) ;
#2940 = AXIS2_PLACEMENT_3D ( 'NONE', #5082, #390, #1379 ) ;
#2941 = CARTESIAN_POINT ( 'NONE',  ( 72.00000000000046896, 0.7499999999999993339, 5.249999999978326670 ) ) ;
#2942 = CARTESIAN_POINT ( 'NONE',  ( -4.065758146820641628E-17, -3.000000000000000000, -3.469446951953614189E-15 ) ) ;
#2943 = CARTESIAN_POINT ( 'NONE',  ( 41.15470053837923814, 1.999999999999994449, -4.000000000000010658 ) ) ;
#2944 = CARTESIAN_POINT ( 'NONE',  ( 21.15470053837924524, -1.399999999999999911, 2.000000000000001776 ) ) ;
#2945 = LINE ( 'NONE', #2980, #5067 ) ;
#2946 = DIRECTION ( 'NONE',  ( 0.7071067811865462405, -0.7071067811865489050, -8.150396899313600562E-18 ) ) ;
#2947 = DIRECTION ( 'NONE',  ( -0.7071067811865398012, 6.162975822039154046E-33, -0.7071067811865551223 ) ) ;
#2948 = ORIENTED_EDGE ( 'NONE', *, *, #4800, .T. ) ;
#2949 = CARTESIAN_POINT ( 'NONE',  ( 32.56497115745560933, 2.464466094067269797, 1.519868415357060965 ) ) ;
#2950 = CARTESIAN_POINT ( 'NONE',  ( -1.597134335595449706, -3.000000000000000444, 2.228369873897360964 ) ) ;
#2951 = ORIENTED_EDGE ( 'NONE', *, *, #26, .F. ) ;
#2952 = VECTOR ( 'NONE', #3330, 1000.000000000000227 ) ;
#2953 = DIRECTION ( 'NONE',  ( 0.000000000000000000, 0.000000000000000000, -1.000000000000000000 ) ) ;
#2954 = DIRECTION ( 'NONE',  ( 0.000000000000000000, -0.000000000000000000, 1.000000000000000000 ) ) ;
#2955 = ORIENTED_EDGE ( 'NONE', *, *, #4610, .F. ) ;
#2956 = CARTESIAN_POINT ( 'NONE',  ( 66.99999999995100097, 0.9999999999999995559, -5.000000000000000000 ) ) ;
#2957 = CARTESIAN_POINT ( 'NONE',  ( 37.98743686745887516, -3.000000000000000000, -37.98743686706364286 ) ) ;
#2958 = ORIENTED_EDGE ( 'NONE', *, *, #3795, .T. ) ;
#2959 = LINE ( 'NONE', #5036, #3710 ) ;
#2960 = CARTESIAN_POINT ( 'NONE',  ( 21.15470053837924169, -3.000000000000000000, 5.999999999999998224 ) ) ;
#2961 = CARTESIAN_POINT ( 'NONE',  ( 74.74999999997550049, -3.000000000000000000, -3.699747468330339739 ) ) ;
#2962 = CARTESIAN_POINT ( 'NONE',  ( 66.99999999997550049, 0.7499999999999993339, -4.999999999999999112 ) ) ;
#2963 = ORIENTED_EDGE ( 'NONE', *, *, #3198, .F. ) ;
#2964 = LINE ( 'NONE', #3501, #2572 ) ;
#2965 = EDGE_CURVE ( 'NONE', #6338, #1440, #2767, .T. ) ;
#2966 = DIRECTION ( 'NONE',  ( -0.000000000000000000, 1.000000000000000000, -0.000000000000000000 ) ) ;
#2967 = EDGE_CURVE ( 'NONE', #3437, #117, #2397, .T. ) ;
#2968 = EDGE_CURVE ( 'NONE', #203, #4960, #6057, .T. ) ;
#2969 = ORIENTED_EDGE ( 'NONE', *, *, #4913, .T. ) ;
#2970 = EDGE_CURVE ( 'NONE', #6690, #1428, #4403, .T. ) ;
#2971 = VERTEX_POINT ( 'NONE', #5361 ) ;
#2972 = EDGE_CURVE ( 'NONE', #3945, #2534, #5966, .T. ) ;
#2973 = CARTESIAN_POINT ( 'NONE',  ( 3.511323633399863198, -2.999999999999998668, -0.9071516219502351319 ) ) ;
#2974 = ORIENTED_EDGE ( 'NONE', *, *, #5015, .T. ) ;
#2975 = PLANE ( 'NONE',  #6083 ) ;
#2976 = VECTOR ( 'NONE', #4952, 1000.000000000000000 ) ;
#2977 = DIRECTION ( 'NONE',  ( 0.000000000000000000, 1.000000000000000000, 0.000000000000000000 ) ) ;
#2978 = DIRECTION ( 'NONE',  ( -0.7071067811865403563, -8.269447640539453095E-17, 0.7071067811865546782 ) ) ;
#2979 = LINE ( 'NONE', #355, #4685 ) ;
#2980 = CARTESIAN_POINT ( 'NONE',  ( 48.69776630808399887, 7.552360419473046704, -40.70039864631282001 ) ) ;
#2981 = DIRECTION ( 'NONE',  ( 1.000000000000000000, 0.000000000000000000, 0.000000000000000000 ) ) ;
#2982 = ORIENTED_EDGE ( 'NONE', *, *, #3891, .T. ) ;
#2983 = CARTESIAN_POINT ( 'NONE',  ( 0.8395487541104070806, -3.000000000000000444, 2.710740985207611420 ) ) ;
#2984 = ORIENTED_EDGE ( 'NONE', *, *, #6199, .T. ) ;
#2985 = AXIS2_PLACEMENT_3D ( 'NONE', #689, #2114, #2247 ) ;
#2986 = EDGE_CURVE ( 'NONE', #3158, #3204, #1317, .T. ) ;
#2987 = DIRECTION ( 'NONE',  ( -9.244077131101839741E-14, 0.000000000000000000, 1.000000000000000000 ) ) ;
#2988 = CIRCLE ( 'NONE', #4286, 1.749999999996407318 ) ;
#2989 = CARTESIAN_POINT ( 'NONE',  ( 73.24999999997548628, -2.749999999999992895, -4.000000000000000000 ) ) ;
#2990 = PRODUCT_DEFINITION_CONTEXT ( 'detailed design', #5888, 'design' ) ;
#2991 = DIRECTION ( 'NONE',  ( 0.000000000000000000, 0.000000000000000000, 1.000000000000000000 ) ) ;
#2992 = EDGE_CURVE ( 'NONE', #1799, #4163, #5932, .T. ) ;
#2993 = DIRECTION ( 'NONE',  ( -4.622038565550839722E-14, -5.405365487549123900E-30, -1.000000000000000000 ) ) ;
#2994 = VECTOR ( 'NONE', #3116, 1000.000000000000000 ) ;
#2995 = CIRCLE ( 'NONE', #5916, 1.099999999999999423 ) ;
#2996 = CARTESIAN_POINT ( 'NONE',  ( 5.000000000000000000, -1.399999999999999911, -4.000000000000000000 ) ) ;
#2997 = EDGE_LOOP ( 'NONE', ( #5102, #2319, #4142, #876 ) ) ;
#2998 = CARTESIAN_POINT ( 'NONE',  ( 71.99999999995094413, 1.000000000000000444, 4.525000000000709122 ) ) ;
#2999 = VECTOR ( 'NONE', #3496, 1000.000000000000000 ) ;
#3000 = ORIENTED_EDGE ( 'NONE', *, *, #5580, .T. ) ;
#3001 = ORIENTED_EDGE ( 'NONE', *, *, #6451, .T. ) ;
#3002 = EDGE_CURVE ( 'NONE', #6375, #4318, #4537, .T. ) ;
#3003 = AXIS2_PLACEMENT_3D ( 'NONE', #121, #5302, #4852 ) ;
#3004 = EDGE_CURVE ( 'NONE', #1837, #5192, #802, .T. ) ;
#3005 = VERTEX_POINT ( 'NONE', #2860 ) ;
#3006 = CARTESIAN_POINT ( 'NONE',  ( 66.99999999997550049, 0.7499999999999988898, -4.999999999999999112 ) ) ;
#3007 = ORIENTED_EDGE ( 'NONE', *, *, #6315, .T. ) ;
#3008 = CARTESIAN_POINT ( 'NONE',  ( 71.24999999995101518, 0.9790225092205673274, -1.449999999999297184 ) ) ;
#3009 = CIRCLE ( 'NONE', #946, 0.5249999999999976907 ) ;
#3010 = CARTESIAN_POINT ( 'NONE',  ( 38.84529946162073344, 1.999999999999994893, -4.000000000000010658 ) ) ;
#3011 = CIRCLE ( 'NONE', #6050, 1.100000000000006306 ) ;
#3012 = LINE ( 'NONE', #1072, #5702 ) ;
#3013 = AXIS2_PLACEMENT_3D ( 'NONE', #4481, #2439, #2987 ) ;
#3014 = DIRECTION ( 'NONE',  ( -1.000000000000000000, 0.000000000000000000, 1.203873754668172080E-11 ) ) ;
#3015 = DIRECTION ( 'NONE',  ( 1.000000000000000000, 1.239088197126289584E-16, 0.000000000000000000 ) ) ;
#3016 = FACE_OUTER_BOUND ( 'NONE', #822, .T. ) ;
#3017 = CARTESIAN_POINT ( 'NONE',  ( 38.84529946162074054, -2.000000000000001776, -4.000000000000010658 ) ) ;
#3018 = EDGE_LOOP ( 'NONE', ( #5404, #4917, #5761, #419 ) ) ;
#3019 = DIRECTION ( 'NONE',  ( 0.000000000000000000, 0.000000000000000000, 1.000000000000000000 ) ) ;
#3020 = EDGE_CURVE ( 'NONE', #5149, #2042, #6156, .T. ) ;
#3021 = AXIS2_PLACEMENT_3D ( 'NONE', #196, #231, #4479 ) ;
#3022 = CARTESIAN_POINT ( 'NONE',  ( 29.02943725153170718, 1.000000000000000000, 1.599226279114457583 ) ) ;
#3023 = ORIENTED_EDGE ( 'NONE', *, *, #6323, .T. ) ;
#3024 = LINE ( 'NONE', #2573, #2250 ) ;
#3025 = VERTEX_POINT ( 'NONE', #1001 ) ;
#3026 = PLANE ( 'NONE',  #6510 ) ;
#3027 = AXIS2_PLACEMENT_3D ( 'NONE', #6649, #5206, #4085 ) ;
#3028 = LINE ( 'NONE', #5574, #1158 ) ;
#3029 = ADVANCED_FACE ( 'NONE', ( #4061 ), #6065, .F. ) ;
#3030 = CARTESIAN_POINT ( 'NONE',  ( 71.99999999995098676, 1.000000000000000444, 1.525000000000708900 ) ) ;
#3031 = CARTESIAN_POINT ( 'NONE',  ( 68.41421356234859275, -3.000000000000000888, 6.414213562373091371 ) ) ;
#3032 = ORIENTED_EDGE ( 'NONE', *, *, #1663, .F. ) ;
#3033 = ORIENTED_EDGE ( 'NONE', *, *, #5693, .T. ) ;
#3034 = EDGE_CURVE ( 'NONE', #568, #6295, #5150, .T. ) ;
#3035 = DIRECTION ( 'NONE',  ( -0.5000000000026018077, -0.7071067811865465735, 0.4999999999973996356 ) ) ;
#3036 = EDGE_LOOP ( 'NONE', ( #5132, #5975, #736, #3519, #6635, #582 ) ) ;
#3037 = ADVANCED_FACE ( 'NONE', ( #2022 ), #2526, .T. ) ;
#3038 = EDGE_LOOP ( 'NONE', ( #1645, #5501, #5720, #1836 ) ) ;
#3039 = FACE_OUTER_BOUND ( 'NONE', #3291, .T. ) ;
#3040 = EDGE_CURVE ( 'NONE', #1030, #3829, #2147, .T. ) ;
#3041 = VERTEX_POINT ( 'NONE', #2943 ) ;
#3042 = CARTESIAN_POINT ( 'NONE',  ( 1.022570026085403594, -3.000000000000000000, -3.388029311608000249 ) ) ;
#3043 = ORIENTED_EDGE ( 'NONE', *, *, #2750, .F. ) ;
#3044 = DIRECTION ( 'NONE',  ( -9.244077131101839741E-14, 0.000000000000000000, 1.000000000000000000 ) ) ;
#3045 = VERTEX_POINT ( 'NONE', #5625 ) ;
#3046 = VECTOR ( 'NONE', #1935, 1000.000000000000114 ) ;
#3047 = DIRECTION ( 'NONE',  ( 0.8660254037844387076, 0.000000000000000000, -0.4999999999999998335 ) ) ;
#3048 = ORIENTED_EDGE ( 'NONE', *, *, #1274, .T. ) ;
#3049 = CARTESIAN_POINT ( 'NONE',  ( 71.99999999995094413, 1.000000000000000444, 4.000000000000711431 ) ) ;
#3050 = EDGE_CURVE ( 'NONE', #1543, #4044, #4607, .T. ) ;
#3051 = CARTESIAN_POINT ( 'NONE',  ( 73.97999999995100495, 0.9999999999999997780, -0.3299999999992652699 ) ) ;
#3052 = VECTOR ( 'NONE', #2757, 1000.000000000000000 ) ;
#3053 = EDGE_CURVE ( 'NONE', #1260, #2609, #4108, .T. ) ;
#3054 = CARTESIAN_POINT ( 'NONE',  ( 17.49999999999999645, 0.000000000000000000, 2.000000000000000444 ) ) ;
#3055 = ORIENTED_EDGE ( 'NONE', *, *, #3050, .F. ) ;
#3056 = CARTESIAN_POINT ( 'NONE',  ( 31.74726262285604150, 1.763742951672813586, 1.545808554652218225 ) ) ;
#3057 = VERTEX_POINT ( 'NONE', #1517 ) ;
#3058 = CARTESIAN_POINT ( 'NONE',  ( 43.20665189580157062, -3.000000000000000000, -2.100000000000000089 ) ) ;
#3059 = ORIENTED_EDGE ( 'NONE', *, *, #723, .T. ) ;
#3060 = LINE ( 'NONE', #4679, #1735 ) ;
#3061 = ADVANCED_FACE ( 'NONE', ( #4499 ), #6629, .F. ) ;
#3062 = DIRECTION ( 'NONE',  ( -0.000000000000000000, -0.000000000000000000, -1.000000000000000000 ) ) ;
#3063 = CARTESIAN_POINT ( 'NONE',  ( 72.99999999998631495, -3.000000000000000000, -4.000000000000000000 ) ) ;
#3064 = ORIENTED_EDGE ( 'NONE', *, *, #3920, .F. ) ;
#3065 = CARTESIAN_POINT ( 'NONE',  ( 44.94974746830583712, 4.949747468305823794, -7.000000000000010658 ) ) ;
#3066 = ADVANCED_FACE ( 'NONE', ( #967 ), #5117, .F. ) ;
#3067 = VERTEX_POINT ( 'NONE', #6560 ) ;
#3068 = DIRECTION ( 'NONE',  ( 1.000000000000000000, 0.000000000000000000, 1.877893248421447556E-16 ) ) ;
#3069 = LINE ( 'NONE', #1627, #5695 ) ;
#3070 = VERTEX_POINT ( 'NONE', #5022 ) ;
#3071 = AXIS2_PLACEMENT_3D ( 'NONE', #5981, #2924, #5476 ) ;
#3072 = CARTESIAN_POINT ( 'NONE',  ( 36.01740465952951809, -5.328512376584474630, 0.000000000000000000 ) ) ;
#3073 = CARTESIAN_POINT ( 'NONE',  ( 73.24999999997551470, -3.000000000000000000, 3.699747468330344624 ) ) ;
#3074 = CARTESIAN_POINT ( 'NONE',  ( 68.99474601756980974, -2.954129394275436749, 5.544998549288508549 ) ) ;
#3075 = ORIENTED_EDGE ( 'NONE', *, *, #3497, .T. ) ;
#3076 = ORIENTED_EDGE ( 'NONE', *, *, #2447, .F. ) ;
#3077 = VERTEX_POINT ( 'NONE', #5052 ) ;
#3078 = DIRECTION ( 'NONE',  ( 0.000000000000000000, 0.000000000000000000, 1.000000000000000000 ) ) ;
#3079 = ORIENTED_EDGE ( 'NONE', *, *, #1002, .F. ) ;
#3080 = DIRECTION ( 'NONE',  ( 0.000000000000000000, -0.000000000000000000, 1.000000000000000000 ) ) ;
#3081 = ORIENTED_EDGE ( 'NONE', *, *, #3613, .F. ) ;
#3082 = DIRECTION ( 'NONE',  ( 0.000000000000000000, 0.000000000000000000, -1.000000000000000000 ) ) ;
#3083 = DIRECTION ( 'NONE',  ( -1.169476500658520487E-16, 1.000000000000000000, -0.000000000000000000 ) ) ;
#3084 = FACE_BOUND ( 'NONE', #4590, .T. ) ;
#3085 = ORIENTED_EDGE ( 'NONE', *, *, #464, .F. ) ;
#3086 = DIRECTION ( 'NONE',  ( 0.000000000000000000, 0.000000000000000000, -1.000000000000000000 ) ) ;
#3087 = ORIENTED_EDGE ( 'NONE', *, *, #618, .F. ) ;
#3088 = CARTESIAN_POINT ( 'NONE',  ( -0.6134877954104529518, -3.000000000000000000, 2.710878591863406850 ) ) ;
#3089 = VERTEX_POINT ( 'NONE', #2560 ) ;
#3090 = EDGE_CURVE ( 'NONE', #3429, #6517, #2149, .T. ) ;
#3091 = CARTESIAN_POINT ( 'NONE',  ( 0.000000000000000000, 0.000000000000000000, 0.000000000000000000 ) ) ;
#3092 = EDGE_CURVE ( 'NONE', #1864, #667, #6164, .T. ) ;
#3093 = DIRECTION ( 'NONE',  ( -0.000000000000000000, -0.000000000000000000, -1.000000000000000000 ) ) ;
#3094 = CARTESIAN_POINT ( 'NONE',  ( 6.154700538379253238, -1.399999999999999911, 5.999999999999998224 ) ) ;
#3095 = ADVANCED_FACE ( 'NONE', ( #487 ), #1169, .F. ) ;
#3096 = DIRECTION ( 'NONE',  ( 9.381338752702144066E-17, 0.6427876096865963174, -0.7660444431189300518 ) ) ;
#3097 = CIRCLE ( 'NONE', #2002, 1.250000000010831780 ) ;
#3098 = DIRECTION ( 'NONE',  ( 0.000000000000000000, 0.000000000000000000, 1.000000000000000000 ) ) ;
#3099 = ORIENTED_EDGE ( 'NONE', *, *, #4464, .F. ) ;
#3100 = EDGE_CURVE ( 'NONE', #2488, #5671, #1380, .T. ) ;
#3101 = EDGE_LOOP ( 'NONE', ( #5710, #2181 ) ) ;
#3102 = DIRECTION ( 'NONE',  ( -1.169476500658520487E-16, 1.000000000000000000, -0.000000000000000000 ) ) ;
#3103 = LINE ( 'NONE', #6247, #3873 ) ;
#3104 = CYLINDRICAL_SURFACE ( 'NONE', #1177, 1.100000000000006306 ) ;
#3105 = VECTOR ( 'NONE', #1184, 1000.000000000000000 ) ;
#3106 = ORIENTED_EDGE ( 'NONE', *, *, #6415, .F. ) ;
#3107 = ADVANCED_FACE ( 'NONE', ( #3482 ), #2041, .F. ) ;
#3108 = CIRCLE ( 'NONE', #61, 1.099999999999996758 ) ;
#3109 = LINE ( 'NONE', #3609, #4038 ) ;
#3110 = EDGE_LOOP ( 'NONE', ( #5798, #3214, #3085, #5483 ) ) ;
#3111 = ADVANCED_FACE ( 'NONE', ( #6598 ), #1444, .F. ) ;
#3112 = CIRCLE ( 'NONE', #3219, 0.5000000000000004441 ) ;
#3113 = CARTESIAN_POINT ( 'NONE',  ( 39.99999999999999289, 0.000000000000000000, 4.999999999999999112 ) ) ;
#3114 = TOROIDAL_SURFACE ( 'NONE', #6034, 4.999999999999999112, 1.600000000000000311 ) ;
#3115 = ORIENTED_EDGE ( 'NONE', *, *, #137, .T. ) ;
#3116 = DIRECTION ( 'NONE',  ( -0.000000000000000000, 1.000000000000000000, -0.000000000000000000 ) ) ;
#3117 = AXIS2_PLACEMENT_3D ( 'NONE', #22, #2093, #4576 ) ;
#3118 = PLANE ( 'NONE',  #4308 ) ;
#3119 = ORIENTED_EDGE ( 'NONE', *, *, #3545, .F. ) ;
#3120 = VECTOR ( 'NONE', #3636, 1000.000000000000000 ) ;
#3121 = LINE ( 'NONE', #1074, #1480 ) ;
#3122 = ORIENTED_EDGE ( 'NONE', *, *, #341, .F. ) ;
#3123 = CARTESIAN_POINT ( 'NONE',  ( 71.99999999999745626, -3.000000000000000000, 4.999999999989148236 ) ) ;
#3124 = EDGE_LOOP ( 'NONE', ( #4977, #534, #3240, #4783, #2275 ) ) ;
#3125 = ADVANCED_FACE ( 'NONE', ( #2692 ), #5347, .F. ) ;
#3126 = DIRECTION ( 'NONE',  ( 0.000000000000000000, 0.000000000000000000, 1.000000000000000000 ) ) ;
#3127 = PLANE ( 'NONE',  #6085 ) ;
#3128 = CARTESIAN_POINT ( 'NONE',  ( 75.00000000000000000, -3.000000000000000000, 0.2500000000000004441 ) ) ;
#3129 = DIRECTION ( 'NONE',  ( 0.000000000000000000, 0.000000000000000000, 1.000000000000000000 ) ) ;
#3130 = AXIS2_PLACEMENT_3D ( 'NONE', #3725, #3800, #4206 ) ;
#3131 = CARTESIAN_POINT ( 'NONE',  ( 2.850082953419102081E-17, -3.000000000000000000, 5.999999999999981348 ) ) ;
#3132 = ORIENTED_EDGE ( 'NONE', *, *, #5551, .F. ) ;
#3133 = EDGE_CURVE ( 'NONE', #6245, #5251, #2905, .T. ) ;
#3134 = DIRECTION ( 'NONE',  ( -0.03489949670249756219, 0.9993908270190958731, 5.554477679250735482E-16 ) ) ;
#3135 = ORIENTED_EDGE ( 'NONE', *, *, #6048, .T. ) ;
#3136 = VECTOR ( 'NONE', #354, 1000.000000000000000 ) ;
#3137 = ORIENTED_EDGE ( 'NONE', *, *, #6697, .T. ) ;
#3138 = CARTESIAN_POINT ( 'NONE',  ( 47.29949493661165150, 2.599999999999997868, 6.749999999999998224 ) ) ;
#3139 = CARTESIAN_POINT ( 'NONE',  ( 72.99999999997548628, 0.9999999999999997780, -4.000000000000000000 ) ) ;
#3140 = VECTOR ( 'NONE', #4172, 1000.000000000000114 ) ;
#3141 = EDGE_CURVE ( 'NONE', #6483, #660, #2180, .T. ) ;
#3142 = ORIENTED_EDGE ( 'NONE', *, *, #2296, .T. ) ;
#3143 = EDGE_CURVE ( 'NONE', #4777, #3491, #6313, .T. ) ;
#3144 = ADVANCED_FACE ( 'NONE', ( #657 ), #2212, .F. ) ;
#3145 = CARTESIAN_POINT ( 'NONE',  ( 37.99999999999999289, 0.000000000000000000, 7.000011999999999013 ) ) ;
#3146 = ORIENTED_EDGE ( 'NONE', *, *, #3762, .F. ) ;
#3147 = CARTESIAN_POINT ( 'NONE',  ( 2.777701449950807699, -3.000000000000000444, -0.9025033728219961082 ) ) ;
#3148 = CARTESIAN_POINT ( 'NONE',  ( 73.25000000000001421, 0.9999999999999997780, -0.2500000000000002220 ) ) ;
#3149 = ADVANCED_FACE ( 'NONE', ( #4103 ), #4001, .F. ) ;
#3150 = ORIENTED_EDGE ( 'NONE', *, *, #3703, .F. ) ;
#3151 = DIRECTION ( 'NONE',  ( -1.000000000000000000, 0.000000000000000000, 0.000000000000000000 ) ) ;
#3152 = DIRECTION ( 'NONE',  ( 0.000000000000000000, 0.000000000000000000, 1.000000000000000000 ) ) ;
#3153 = ORIENTED_EDGE ( 'NONE', *, *, #4533, .F. ) ;
#3154 = VECTOR ( 'NONE', #573, 1000.000000000000114 ) ;
#3155 = DIRECTION ( 'NONE',  ( 1.169476500658520487E-16, -1.000000000000000000, 0.000000000000000000 ) ) ;
#3156 = EDGE_LOOP ( 'NONE', ( #5504, #4156, #164, #4747, #1000 ) ) ;
#3157 = CARTESIAN_POINT ( 'NONE',  ( 17.69059892324149530, -1.399999999999999911, 3.999999999999998224 ) ) ;
#3158 = VERTEX_POINT ( 'NONE', #5564 ) ;
#3159 = VECTOR ( 'NONE', #5901, 1000.000000000000000 ) ;
#3160 = DIRECTION ( 'NONE',  ( 0.5000000000000003331, 0.000000000000000000, -0.8660254037844383745 ) ) ;
#3161 = CARTESIAN_POINT ( 'NONE',  ( 22.30940107675850115, -1.399999999999999911, -4.000000000000000888 ) ) ;
#3162 = LINE ( 'NONE', #2680, #1680 ) ;
#3163 = ORIENTED_EDGE ( 'NONE', *, *, #5110, .F. ) ;
#3164 = DIRECTION ( 'NONE',  ( -9.630957350846426878E-18, 0.7071067811865474617, 0.7071067811865474617 ) ) ;
#3165 = ORIENTED_EDGE ( 'NONE', *, *, #301, .F. ) ;
#3166 = CARTESIAN_POINT ( 'NONE',  ( 56.88235931288062375, 25.36764068711930520, -7.000000000000007994 ) ) ;
#3167 = ORIENTED_EDGE ( 'NONE', *, *, #3684, .F. ) ;
#3168 = DIRECTION ( 'NONE',  ( -0.000000000000000000, -0.000000000000000000, 1.000000000000000000 ) ) ;
#3169 = CARTESIAN_POINT ( 'NONE',  ( 72.00000000000048317, 0.7499999999999993339, -5.250000000021676883 ) ) ;
#3170 = CIRCLE ( 'NONE', #3928, 2.799999999999999822 ) ;
#3171 = CARTESIAN_POINT ( 'NONE',  ( 70.19974746828131629, -3.000000000000000000, -4.999999999999985789 ) ) ;
#3172 = CIRCLE ( 'NONE', #3383, 1.599999999999998535 ) ;
#3173 = EDGE_CURVE ( 'NONE', #4599, #6438, #2564, .T. ) ;
#3174 = ORIENTED_EDGE ( 'NONE', *, *, #301, .T. ) ;
#3175 = AXIS2_PLACEMENT_3D ( 'NONE', #5233, #3289, #125 ) ;
#3176 = EDGE_CURVE ( 'NONE', #6285, #571, #6452, .T. ) ;
#3177 = DIRECTION ( 'NONE',  ( 1.000000000000000000, 1.362023050420387124E-17, -0.000000000000000000 ) ) ;
#3178 = ORIENTED_EDGE ( 'NONE', *, *, #131, .T. ) ;
#3179 = DIRECTION ( 'NONE',  ( -0.000000000000000000, 1.000000000000000000, -0.000000000000000000 ) ) ;
#3180 = ORIENTED_EDGE ( 'NONE', *, *, #2913, .T. ) ;
#3181 = EDGE_CURVE ( 'NONE', #4750, #1864, #206, .T. ) ;
#3182 = DIRECTION ( 'NONE',  ( -1.065700428927731213E-16, -0.000000000000000000, -1.000000000000000000 ) ) ;
#3183 = LINE ( 'NONE', #3216, #177 ) ;
#3184 = VERTEX_POINT ( 'NONE', #1036 ) ;
#3185 = LINE ( 'NONE', #5823, #2558 ) ;
#3186 = VERTEX_POINT ( 'NONE', #5847 ) ;
#3187 = DIRECTION ( 'NONE',  ( -0.8660254037844388186, 0.000000000000000000, -0.4999999999999998335 ) ) ;
#3188 = VERTEX_POINT ( 'NONE', #2124 ) ;
#3189 = DIRECTION ( 'NONE',  ( 1.597534609028518738E-16, 1.000000000000000000, 2.767011109687098882E-16 ) ) ;
#3190 = CARTESIAN_POINT ( 'NONE',  ( 64.49999999995100097, -1.000000000000007994, 6.999999999999999112 ) ) ;
#3191 = ADVANCED_FACE ( 'NONE', ( #3857 ), #1576, .F. ) ;
#3192 = LINE ( 'NONE', #2103, #3324 ) ;
#3193 = CARTESIAN_POINT ( 'NONE',  ( 71.99999999995104361, 1.000000000000000444, -4.524999999999284483 ) ) ;
#3194 = LINE ( 'NONE', #3255, #4835 ) ;
#3195 = ORIENTED_EDGE ( 'NONE', *, *, #3497, .F. ) ;
#3196 = CARTESIAN_POINT ( 'NONE',  ( 5.000000000000000000, -3.000000000000000888, 4.000000000000000000 ) ) ;
#3197 = ORIENTED_EDGE ( 'NONE', *, *, #2417, .T. ) ;
#3198 = EDGE_CURVE ( 'NONE', #5424, #1670, #3651, .T. ) ;
#3199 = EDGE_LOOP ( 'NONE', ( #2951, #3510 ) ) ;
#3200 = DIRECTION ( 'NONE',  ( 1.000000000000000000, -7.607762192503441988E-17, -1.152640183373293597E-17 ) ) ;
#3201 = VECTOR ( 'NONE', #2349, 1000.000000000000114 ) ;
#3202 = CARTESIAN_POINT ( 'NONE',  ( 41.99999999999999289, 2.449293598294709866E-16, 7.000011999999999013 ) ) ;
#3203 = AXIS2_PLACEMENT_3D ( 'NONE', #3452, #866, #1289 ) ;
#3204 = VERTEX_POINT ( 'NONE', #1199 ) ;
#3205 = CARTESIAN_POINT ( 'NONE',  ( 73.24999999997548628, 0.7499999999999993339, -4.000000000000000000 ) ) ;
#3206 = AXIS2_PLACEMENT_3D ( 'NONE', #3766, #2868, #3805 ) ;
#3207 = VECTOR ( 'NONE', #6335, 1000.000000000000000 ) ;
#3208 = EDGE_CURVE ( 'NONE', #3989, #6201, #4326, .T. ) ;
#3209 = DIRECTION ( 'NONE',  ( -0.000000000000000000, 1.000000000000000000, -0.000000000000000000 ) ) ;
#3210 = ORIENTED_EDGE ( 'NONE', *, *, #698, .F. ) ;
#3211 = CARTESIAN_POINT ( 'NONE',  ( -2.694730353990997695, -3.000000000000000000, -2.065092699462048240E-20 ) ) ;
#3212 = EDGE_CURVE ( 'NONE', #3787, #3732, #6589, .T. ) ;
#3213 = VERTEX_POINT ( 'NONE', #4938 ) ;
#3214 = ORIENTED_EDGE ( 'NONE', *, *, #1801, .F. ) ;
#3215 = CARTESIAN_POINT ( 'NONE',  ( 64.69059892319249627, -3.000000000000000000, 4.999999999999998224 ) ) ;
#3216 = CARTESIAN_POINT ( 'NONE',  ( 75.00000000000000000, -3.000000000000000000, 0.2500000000000004441 ) ) ;
#3217 = ORIENTED_EDGE ( 'NONE', *, *, #4763, .T. ) ;
#3218 = ADVANCED_FACE ( 'NONE', ( #270 ), #2080, .F. ) ;
#3219 = AXIS2_PLACEMENT_3D ( 'NONE', #103, #4153, #5143 ) ;
#3220 = CARTESIAN_POINT ( 'NONE',  ( 46.32263601203527514, 2.802314107542373200, 6.547685892457622892 ) ) ;
#3221 = EDGE_LOOP ( 'NONE', ( #1338, #54, #1629, #4806 ) ) ;
#3222 = CARTESIAN_POINT ( 'NONE',  ( 45.30793193882909264, -3.000000000000000000, 0.000000000000000000 ) ) ;
#3223 = EDGE_LOOP ( 'NONE', ( #3622, #1552, #1642, #3922, #4351, #782, #1943 ) ) ;
#3224 = FACE_OUTER_BOUND ( 'NONE', #2298, .T. ) ;
#3225 = VECTOR ( 'NONE', #3377, 1000.000000000000000 ) ;
#3226 = PLANE ( 'NONE',  #2727 ) ;
#3227 = CARTESIAN_POINT ( 'NONE',  ( -4.065758146820641628E-17, -1.999999999999992228, 6.999999999999999112 ) ) ;
#3228 = EDGE_CURVE ( 'NONE', #6133, #4663, #549, .T. ) ;
#3229 = CARTESIAN_POINT ( 'NONE',  ( 18.84529946162074410, -3.000000000000000000, 5.999999999999994671 ) ) ;
#3230 = ORIENTED_EDGE ( 'NONE', *, *, #2011, .T. ) ;
#3231 = AXIS2_PLACEMENT_3D ( 'NONE', #6523, #828, #797 ) ;
#3232 = ORIENTED_EDGE ( 'NONE', *, *, #2594, .F. ) ;
#3233 = ORIENTED_EDGE ( 'NONE', *, *, #508, .F. ) ;
#3234 = LINE ( 'NONE', #5908, #4970 ) ;
#3235 = CARTESIAN_POINT ( 'NONE',  ( 0.000000000000000000, -1.399999999999999911, 0.000000000000000000 ) ) ;
#3236 = EDGE_CURVE ( 'NONE', #4044, #4709, #88, .T. ) ;
#3237 = AXIS2_PLACEMENT_3D ( 'NONE', #6029, #1925, #3450 ) ;
#3238 = CARTESIAN_POINT ( 'NONE',  ( 58.36764068711923414, -9.882359312880717894, -7.000000000000007994 ) ) ;
#3239 = CIRCLE ( 'NONE', #1071, 0.5000000000000004441 ) ;
#3240 = ORIENTED_EDGE ( 'NONE', *, *, #2044, .T. ) ;
#3241 = CARTESIAN_POINT ( 'NONE',  ( -1.597046249378107907, -3.000000000000000444, -2.228483132504234021 ) ) ;
#3242 = ORIENTED_EDGE ( 'NONE', *, *, #6022, .T. ) ;
#3243 = DIRECTION ( 'NONE',  ( 0.000000000000000000, 0.000000000000000000, 1.000000000000000000 ) ) ;
#3244 = CARTESIAN_POINT ( 'NONE',  ( 0.000000000000000000, -1.399999999999999911, 0.000000000000000000 ) ) ;
#3245 = ORIENTED_EDGE ( 'NONE', *, *, #1941, .T. ) ;
#3246 = CARTESIAN_POINT ( 'NONE',  ( 71.99999999995098676, 1.000000000000000444, 1.000000000000711209 ) ) ;
#3247 = ORIENTED_EDGE ( 'NONE', *, *, #4261, .F. ) ;
#3248 = DIRECTION ( 'NONE',  ( 0.7071067811865480168, 0.7071067811865470176, 0.000000000000000000 ) ) ;
#3249 = PLANE ( 'NONE',  #1165 ) ;
#3250 = B_SPLINE_CURVE_WITH_KNOTS ( 'NONE', 3,
 ( #5111, #2520, #4601, #6547, #1912, #2072 ),
 .UNSPECIFIED., .F., .F.,
 ( 4, 2, 4 ),
 ( 0.000000000000000000, 0.001222618862095572198, 0.002445237724191144397 ),
 .UNSPECIFIED. ) ;
#3251 = EDGE_CURVE ( 'NONE', #6133, #1866, #1978, .T. ) ;
#3252 = DIRECTION ( 'NONE',  ( -0.000000000000000000, -1.000000000000000000, -0.000000000000000000 ) ) ;
#3253 = VECTOR ( 'NONE', #1012, 1000.000000000000114 ) ;
#3254 = FACE_OUTER_BOUND ( 'NONE', #4394, .T. ) ;
#3255 = CARTESIAN_POINT ( 'NONE',  ( 69.13908729650148643, -3.000000000000000888, -5.689339828220181694 ) ) ;
#3256 = ORIENTED_EDGE ( 'NONE', *, *, #6217, .T. ) ;
#3257 = CARTESIAN_POINT ( 'NONE',  ( 43.16963696305523968, 6.797308402774878466, 0.000000000000000000 ) ) ;
#3258 = VERTEX_POINT ( 'NONE', #6618 ) ;
#3259 = ORIENTED_EDGE ( 'NONE', *, *, #4687, .F. ) ;
#3260 = VECTOR ( 'NONE', #4476, 1000.000000000000000 ) ;
#3261 = EDGE_CURVE ( 'NONE', #1740, #3772, #3671, .T. ) ;
#3262 = ORIENTED_EDGE ( 'NONE', *, *, #1394, .T. ) ;
#3263 = CARTESIAN_POINT ( 'NONE',  ( 29.02943725153170718, 1.000000000000000000, 1.599226279114457583 ) ) ;
#3264 = CARTESIAN_POINT ( 'NONE',  ( 18.84529946162074410, -3.000000000000000000, -5.999999999999998224 ) ) ;
#3265 = ADVANCED_FACE ( 'NONE', ( #1024 ), #2796, .T. ) ;
#3266 = AXIS2_PLACEMENT_3D ( 'NONE', #3113, #5248, #4701 ) ;
#3268 =( BOUNDED_CURVE ( )  B_SPLINE_CURVE ( 3, ( #2565, #6700, #2060, #2125 ),
 .UNSPECIFIED., .F., .F. ) 
 B_SPLINE_CURVE_WITH_KNOTS ( ( 4, 4 ),
 ( -8.881784197001252323E-16, 0.7853981633974500554 ),
 .UNSPECIFIED. ) 
 CURVE ( )  GEOMETRIC_REPRESENTATION_ITEM ( )  RATIONAL_B_SPLINE_CURVE ( ( 1.000000000000000000, 0.9492530216741907889, 0.9492530216741907889, 1.000000000000000000 ) ) 
 REPRESENTATION_ITEM ( '' )  );
#3267 = DIRECTION ( 'NONE',  ( -0.000000000000000000, 1.000000000000000000, -0.000000000000000000 ) ) ;
#3269 = CIRCLE ( 'NONE', #6388, 0.5249999999999976907 ) ;
#3270 = CARTESIAN_POINT ( 'NONE',  ( 5.000000000000000000, -1.399999999999999911, 4.000000000000000000 ) ) ;
#3271 = EDGE_LOOP ( 'NONE', ( #2172, #5930 ) ) ;
#3272 = LINE ( 'NONE', #4910, #3052 ) ;
#3273 = EDGE_CURVE ( 'NONE', #489, #1967, #100, .T. ) ;
#3274 = VECTOR ( 'NONE', #6678, 1000.000000000000000 ) ;
#3275 = LINE ( 'NONE', #1644, #493 ) ;
#3276 = DIRECTION ( 'NONE',  ( 9.630957350846426878E-18, -0.7071067811865474617, -0.7071067811865474617 ) ) ;
#3277 = EDGE_LOOP ( 'NONE', ( #3719, #3606, #6693, #4741 ) ) ;
#3278 = FACE_OUTER_BOUND ( 'NONE', #1896, .T. ) ;
#3279 = ORIENTED_EDGE ( 'NONE', *, *, #4177, .F. ) ;
#3280 = CARTESIAN_POINT ( 'NONE',  ( 71.99999999995094413, 1.000000000000000444, 4.525000000000709122 ) ) ;
#3281 = DIRECTION ( 'NONE',  ( 7.930164461608313293E-15, 0.000000000000000000, 1.000000000000000000 ) ) ;
#3282 = AXIS2_PLACEMENT_3D ( 'NONE', #4653, #5699, #2618 ) ;
#3283 = DIRECTION ( 'NONE',  ( 0.000000000000000000, 0.000000000000000000, 1.000000000000000000 ) ) ;
#3284 = CARTESIAN_POINT ( 'NONE',  ( 39.99999999999999289, 0.000000000000000000, 5.999999999999993783 ) ) ;
#3285 = CARTESIAN_POINT ( 'NONE',  ( 72.99999999997547206, -3.000000000000000000, 4.000000000000000000 ) ) ;
#3286 = DIRECTION ( 'NONE',  ( -0.000000000000000000, 1.000000000000000000, -0.000000000000000000 ) ) ;
#3287 = ORIENTED_EDGE ( 'NONE', *, *, #4421, .T. ) ;
#3288 = EDGE_CURVE ( 'NONE', #2525, #909, #5144, .T. ) ;
#3289 = DIRECTION ( 'NONE',  ( -0.7071067811865489050, -0.7071067811865462405, 0.000000000000000000 ) ) ;
#3290 = ORIENTED_EDGE ( 'NONE', *, *, #6007, .F. ) ;
#3291 = EDGE_LOOP ( 'NONE', ( #794, #664, #6704, #2419 ) ) ;
#3292 = ADVANCED_FACE ( 'NONE', ( #6685 ), #3538, .F. ) ;
#3293 = VECTOR ( 'NONE', #6241, 1000.000000000000000 ) ;
#3294 = ORIENTED_EDGE ( 'NONE', *, *, #1965, .F. ) ;
#3295 = CARTESIAN_POINT ( 'NONE',  ( 73.97999999995100495, 0.9790225092205677715, -0.3299999999992652699 ) ) ;
#3296 = LINE ( 'NONE', #5805, #167 ) ;
#3297 = ADVANCED_FACE ( 'NONE', ( #3604 ), #3104, .F. ) ;
#3298 = PLANE ( 'NONE',  #4617 ) ;
#3299 = EDGE_CURVE ( 'NONE', #2032, #638, #3239, .T. ) ;
#3300 = AXIS2_PLACEMENT_3D ( 'NONE', #1124, #366, #2954 ) ;
#3301 = EDGE_LOOP ( 'NONE', ( #5257, #4678, #5606, #2418 ) ) ;
#3302 = DIRECTION ( 'NONE',  ( -0.8660254037844390407, -0.4999999999999994449, 9.229236442753884886E-17 ) ) ;
#3303 = DIRECTION ( 'NONE',  ( -0.4999999999999980571, 0.000000000000000000, 0.8660254037844397068 ) ) ;
#3304 = ORIENTED_EDGE ( 'NONE', *, *, #4550, .F. ) ;
#3305 = VECTOR ( 'NONE', #4046, 1000.000000000000000 ) ;
#3306 = DIRECTION ( 'NONE',  ( 0.000000000000000000, 1.000000000000000000, 0.000000000000000000 ) ) ;
#3307 = EDGE_CURVE ( 'NONE', #1188, #758, #2802, .T. ) ;
#3308 = ORIENTED_EDGE ( 'NONE', *, *, #168, .T. ) ;
#3309 = DIRECTION ( 'NONE',  ( -0.000000000000000000, -0.000000000000000000, 1.000000000000000000 ) ) ;
#3310 = ORIENTED_EDGE ( 'NONE', *, *, #3891, .F. ) ;
#3311 = VECTOR ( 'NONE', #4050, 1000.000000000000000 ) ;
#3312 = CYLINDRICAL_SURFACE ( 'NONE', #333, 1.500000000000001332 ) ;
#3313 = CARTESIAN_POINT ( 'NONE',  ( 32.56497115745560933, 2.464466094067269797, -1.519868415357060965 ) ) ;
#3314 = AXIS2_PLACEMENT_3D ( 'NONE', #4890, #5865, #4956 ) ;
#3315 = CARTESIAN_POINT ( 'NONE',  ( 68.96231060120484813, 0.9999999999999993339, -5.512563132923546938 ) ) ;
#3316 = CARTESIAN_POINT ( 'NONE',  ( 65.12499999997551470, -3.125000000024510172, -7.000000000000007994 ) ) ;
#3317 = VECTOR ( 'NONE', #2486, 1000.000000000000000 ) ;
#3318 = FACE_OUTER_BOUND ( 'NONE', #212, .T. ) ;
#3319 = LINE ( 'NONE', #710, #3535 ) ;
#3320 = ORIENTED_EDGE ( 'NONE', *, *, #3925, .T. ) ;
#3321 = CARTESIAN_POINT ( 'NONE',  ( 72.99999999997565681, -3.000000000000000000, -3.377557599802941412E-12 ) ) ;
#3322 = ORIENTED_EDGE ( 'NONE', *, *, #2265, .T. ) ;
#3323 = EDGE_LOOP ( 'NONE', ( #2006, #3290, #433, #1121 ) ) ;
#3324 = VECTOR ( 'NONE', #2648, 1000.000000000000000 ) ;
#3325 = DIRECTION ( 'NONE',  ( 0.000000000000000000, 1.000000000000000000, 0.000000000000000000 ) ) ;
#3326 = EDGE_LOOP ( 'NONE', ( #6072, #6687, #3669, #690 ) ) ;
#3327 = LINE ( 'NONE', #1733, #1703 ) ;
#3328 = CARTESIAN_POINT ( 'NONE',  ( 5.000000000000000000, 1.000000000000000000, -5.100000000000001421 ) ) ;
#3329 = AXIS2_PLACEMENT_3D ( 'NONE', #643, #740, #4788 ) ;
#3330 = DIRECTION ( 'NONE',  ( -0.5000000000000003331, 0.000000000000000000, -0.8660254037844383745 ) ) ;
#3331 = DIRECTION ( 'NONE',  ( -1.000000000000000000, 0.000000000000000000, 0.000000000000000000 ) ) ;
#3332 = ORIENTED_EDGE ( 'NONE', *, *, #3903, .F. ) ;
#3333 = AXIS2_PLACEMENT_3D ( 'NONE', #2900, #2421, #4947 ) ;
#3334 = LINE ( 'NONE', #6384, #2031 ) ;
#3335 = EDGE_CURVE ( 'NONE', #4092, #1168, #3529, .T. ) ;
#3336 = CONICAL_SURFACE ( 'NONE', #4638, 1.749999999999987566, 0.7853981633974604915 ) ;
#3337 = ORIENTED_EDGE ( 'NONE', *, *, #72, .T. ) ;
#3338 = FACE_BOUND ( 'NONE', #4006, .T. ) ;
#3339 = ORIENTED_EDGE ( 'NONE', *, *, #2010, .T. ) ;
#3340 = EDGE_CURVE ( 'NONE', #2375, #2488, #5099, .T. ) ;
#3341 = VECTOR ( 'NONE', #4258, 1000.000000000000000 ) ;
#3342 = DIRECTION ( 'NONE',  ( -0.7071067811865487940, -0.7071067811865463515, -0.000000000000000000 ) ) ;
#3343 = CARTESIAN_POINT ( 'NONE',  ( 70.02999999995098790, -3.000000000000000888, 0.2000000000006888767 ) ) ;
#3344 = ORIENTED_EDGE ( 'NONE', *, *, #6167, .T. ) ;
#3345 = EDGE_CURVE ( 'NONE', #3688, #1421, #3594, .T. ) ;
#3346 = PLANE ( 'NONE',  #1212 ) ;
#3347 = ORIENTED_EDGE ( 'NONE', *, *, #508, .T. ) ;
#3348 = CARTESIAN_POINT ( 'NONE',  ( 69.13908729650148643, -3.000000000000000888, 5.689339828220187911 ) ) ;
#3349 = CARTESIAN_POINT ( 'NONE',  ( 72.00000000000046896, -3.000000000000000444, 5.249999999978326670 ) ) ;
#3350 = LINE ( 'NONE', #2944, #880 ) ;
#3351 = CARTESIAN_POINT ( 'NONE',  ( 17.69059892324149175, -3.000000000000000000, 3.999999999999998224 ) ) ;
#3352 = DIRECTION ( 'NONE',  ( -0.7071067811865403563, 0.000000000000000000, 0.7071067811865546782 ) ) ;
#3353 = CARTESIAN_POINT ( 'NONE',  ( 42.95832783218488515, 6.344154509256552110, 1.519868415357070290 ) ) ;
#3354 = CARTESIAN_POINT ( 'NONE',  ( 52.99999999999999289, 0.9999999999999974465, 6.749999999999998224 ) ) ;
#3355 = ORIENTED_EDGE ( 'NONE', *, *, #5207, .T. ) ;
#3356 = FACE_OUTER_BOUND ( 'NONE', #1342, .T. ) ;
#3357 = ORIENTED_EDGE ( 'NONE', *, *, #1270, .T. ) ;
#3358 = ORIENTED_EDGE ( 'NONE', *, *, #1288, .T. ) ;
#3359 = FACE_OUTER_BOUND ( 'NONE', #519, .T. ) ;
#3360 = DIRECTION ( 'NONE',  ( -0.7071067811865445751, 0.000000000000000000, 0.7071067811865504593 ) ) ;
#3361 = CONICAL_SURFACE ( 'NONE', #431, 1.499999999999996225, 0.7853981633974482790 ) ;
#3362 = ORIENTED_EDGE ( 'NONE', *, *, #307, .T. ) ;
#3363 = DIRECTION ( 'NONE',  ( -1.000000000000000000, 0.000000000000000000, 0.000000000000000000 ) ) ;
#3364 = DIRECTION ( 'NONE',  ( -0.000000000000000000, 1.000000000000000000, -0.000000000000000000 ) ) ;
#3365 = LINE ( 'NONE', #2415, #2952 ) ;
#3366 = VECTOR ( 'NONE', #6473, 1000.000000000000000 ) ;
#3367 = AXIS2_PLACEMENT_3D ( 'NONE', #5553, #6652, #4088 ) ;
#3368 = DIRECTION ( 'NONE',  ( -0.000000000000000000, 1.000000000000000000, -0.000000000000000000 ) ) ;
#3369 = EDGE_LOOP ( 'NONE', ( #2337, #1571, #2561, #5151 ) ) ;
#3370 = EDGE_CURVE ( 'NONE', #6438, #1822, #540, .T. ) ;
#3371 = CARTESIAN_POINT ( 'NONE',  ( 72.00000000000048317, -3.000000000000000444, -5.250000000021676883 ) ) ;
#3372 = EDGE_CURVE ( 'NONE', #2287, #2622, #2615, .T. ) ;
#3373 = ORIENTED_EDGE ( 'NONE', *, *, #1490, .F. ) ;
#3374 = PLANE ( 'NONE',  #6666 ) ;
#3375 = CARTESIAN_POINT ( 'NONE',  ( 64.49999999995100097, 0.9999999999999993339, 6.749999999999997335 ) ) ;
#3376 = AXIS2_PLACEMENT_3D ( 'NONE', #3006, #3577, #4495 ) ;
#3377 = DIRECTION ( 'NONE',  ( -0.000000000000000000, -1.000000000000000000, -0.000000000000000000 ) ) ;
#3378 = ORIENTED_EDGE ( 'NONE', *, *, #986, .F. ) ;
#3379 = EDGE_CURVE ( 'NONE', #3789, #3437, #4681, .T. ) ;
#3380 = FACE_OUTER_BOUND ( 'NONE', #2746, .T. ) ;
#3381 = DIRECTION ( 'NONE',  ( -0.000000000000000000, -1.000000000000000000, -0.000000000000000000 ) ) ;
#3382 = PRODUCT ( 'JigUp', 'JigUp', '', ( #960 ) ) ;
#3383 = AXIS2_PLACEMENT_3D ( 'NONE', #2820, #3888, #6480 ) ;
#3384 = AXIS2_PLACEMENT_3D ( 'NONE', #3486, #2364, #5563 ) ;
#3385 = DIRECTION ( 'NONE',  ( -0.8660254037844375974, 0.000000000000000000, 0.5000000000000019984 ) ) ;
#3386 = CARTESIAN_POINT ( 'NONE',  ( -2.676784427785955156, -2.999999999999999556, 2.135943779338570714 ) ) ;
#3387 = CARTESIAN_POINT ( 'NONE',  ( 73.51256313289904654, 0.9999999999999997780, 2.462310601253890230 ) ) ;
#3388 = CARTESIAN_POINT ( 'NONE',  ( 45.83502884254438925, 4.064466094067268109, -5.999999999999992006 ) ) ;
#3389 = ORIENTED_EDGE ( 'NONE', *, *, #883, .F. ) ;
#3390 = DIRECTION ( 'NONE',  ( -1.000000000000000000, -1.169476500658520487E-16, 1.204114654687106238E-11 ) ) ;
#3391 = ORIENTED_EDGE ( 'NONE', *, *, #4126, .F. ) ;
#3392 = ORIENTED_EDGE ( 'NONE', *, *, #4052, .T. ) ;
#3393 = FACE_OUTER_BOUND ( 'NONE', #3036, .T. ) ;
#3394 = DIRECTION ( 'NONE',  ( -0.5000000000000001110, 0.000000000000000000, 0.8660254037844385966 ) ) ;
#3395 = ADVANCED_FACE ( 'NONE', ( #6138 ), #4147, .F. ) ;
#3396 = ORIENTED_EDGE ( 'NONE', *, *, #1013, .T. ) ;
#3397 = CYLINDRICAL_SURFACE ( 'NONE', #2580, 0.5000000000000004441 ) ;
#3398 = LINE ( 'NONE', #4967, #4843 ) ;
#3399 = ADVANCED_FACE ( 'NONE', ( #406 ), #4552, .F. ) ;
#3400 = CYLINDRICAL_SURFACE ( 'NONE', #3071, 1.500000000000001332 ) ;
#3401 = ORIENTED_EDGE ( 'NONE', *, *, #3406, .T. ) ;
#3402 = CARTESIAN_POINT ( 'NONE',  ( 39.99999999999999289, 0.000000000000000000, -2.100000000000000089 ) ) ;
#3403 = DIRECTION ( 'NONE',  ( -1.169476500658520487E-16, 1.000000000000000000, -0.000000000000000000 ) ) ;
#3404 = VERTEX_POINT ( 'NONE', #982 ) ;
#3405 = ORIENTED_EDGE ( 'NONE', *, *, #698, .T. ) ;
#3406 = EDGE_CURVE ( 'NONE', #342, #4720, #3765, .T. ) ;
#3407 = CARTESIAN_POINT ( 'NONE',  ( 5.999999999999985789, 1.000000000000000000, -1.600000000000000311 ) ) ;
#3408 = VERTEX_POINT ( 'NONE', #5765 ) ;
#3409 = VERTEX_POINT ( 'NONE', #3193 ) ;
#3410 = EDGE_CURVE ( 'NONE', #5138, #2534, #5267, .T. ) ;
#3411 = DIRECTION ( 'NONE',  ( 0.5000000000000147660, -0.7071067811865426878, 0.4999999999999920064 ) ) ;
#3412 = VECTOR ( 'NONE', #2726, 1000.000000000000000 ) ;
#3413 = CARTESIAN_POINT ( 'NONE',  ( 73.68933982819568485, 0.7500000000000002220, -2.639087296550524986 ) ) ;
#3414 = EDGE_CURVE ( 'NONE', #4460, #5707, #6594, .T. ) ;
#3415 = CARTESIAN_POINT ( 'NONE',  ( 42.30940107675849049, -1.040834085586084257E-14, -7.000000000000007105 ) ) ;
#3416 = ORIENTED_EDGE ( 'NONE', *, *, #1461, .F. ) ;
#3417 = VECTOR ( 'NONE', #1343, 1000.000000000000000 ) ;
#3418 = DIRECTION ( 'NONE',  ( 0.000000000000000000, 0.6427876096865963174, 0.7660444431189300518 ) ) ;
#3419 = FACE_BOUND ( 'NONE', #18, .T. ) ;
#3420 = EDGE_CURVE ( 'NONE', #243, #1737, #2715, .T. ) ;
#3421 = AXIS2_PLACEMENT_3D ( 'NONE', #4378, #6435, #255 ) ;
#3422 = DIRECTION ( 'NONE',  ( 1.000000000000000000, 0.000000000000000000, 0.000000000000000000 ) ) ;
#3423 = VERTEX_POINT ( 'NONE', #674 ) ;
#3424 = LINE ( 'NONE', #297, #6281 ) ;
#3425 = EDGE_LOOP ( 'NONE', ( #1580, #4420, #2407, #4570 ) ) ;
#3426 = VERTEX_POINT ( 'NONE', #2233 ) ;
#3427 = FACE_OUTER_BOUND ( 'NONE', #2226, .T. ) ;
#3428 = CARTESIAN_POINT ( 'NONE',  ( 31.10050506338834353, 1.000000000000000000, -7.000000000000010658 ) ) ;
#3429 = VERTEX_POINT ( 'NONE', #4311 ) ;
#3430 = DIRECTION ( 'NONE',  ( 0.000000000000000000, 0.000000000000000000, -1.000000000000000000 ) ) ;
#3431 = ADVANCED_FACE ( 'NONE', ( #6370 ), #2304, .F. ) ;
#3432 = LINE ( 'NONE', #5544, #276 ) ;
#3433 = ORIENTED_EDGE ( 'NONE', *, *, #2178, .T. ) ;
#3434 = CIRCLE ( 'NONE', #2127, 1.600000000000002309 ) ;
#3435 = DIRECTION ( 'NONE',  ( 0.000000000000000000, 0.000000000000000000, -1.000000000000000000 ) ) ;
#3436 = VECTOR ( 'NONE', #634, 1000.000000000000000 ) ;
#3437 = VERTEX_POINT ( 'NONE', #2909 ) ;
#3438 = AXIS2_PLACEMENT_3D ( 'NONE', #3652, #530, #2025 ) ;
#3439 = VERTEX_POINT ( 'NONE', #869 ) ;
#3440 = EDGE_LOOP ( 'NONE', ( #2354, #956, #1419, #987 ) ) ;
#3441 = VECTOR ( 'NONE', #6544, 999.9999999999998863 ) ;
#3442 = VECTOR ( 'NONE', #616, 999.9999999999998863 ) ;
#3443 = ORIENTED_EDGE ( 'NONE', *, *, #2256, .F. ) ;
#3444 = VECTOR ( 'NONE', #917, 1000.000000000000000 ) ;
#3445 = LINE ( 'NONE', #3375, #5177 ) ;
#3446 = CARTESIAN_POINT ( 'NONE',  ( -1.013528488706435526, -2.999999999999999556, -3.322870833208731778 ) ) ;
#3447 = VERTEX_POINT ( 'NONE', #6498 ) ;
#3448 = CARTESIAN_POINT ( 'NONE',  ( 72.99999999997584155, -3.000000000000000000, 6.744706858750156883E-12 ) ) ;
#3449 = VECTOR ( 'NONE', #564, 1000.000000000000227 ) ;
#3450 = DIRECTION ( 'NONE',  ( 0.000000000000000000, 0.000000000000000000, -1.000000000000000000 ) ) ;
#3451 = CARTESIAN_POINT ( 'NONE',  ( 74.74999999997550049, -2.749999999999992895, -3.699747468330339739 ) ) ;
#3452 = CARTESIAN_POINT ( 'NONE',  ( 71.99999999995098676, 1.000000000000000444, 1.000000000000711209 ) ) ;
#3453 = CARTESIAN_POINT ( 'NONE',  ( 1.871261745392232445, -3.000000000000000000, 3.037677193673045117 ) ) ;
#3454 = CYLINDRICAL_SURFACE ( 'NONE', #3970, 1.099999999999996758 ) ;
#3455 = ORIENTED_EDGE ( 'NONE', *, *, #2378, .T. ) ;
#3456 = DIRECTION ( 'NONE',  ( 0.000000000000000000, 0.000000000000000000, 1.000000000000000000 ) ) ;
#3457 = PLANE ( 'NONE',  #2067 ) ;
#3458 = EDGE_LOOP ( 'NONE', ( #1798, #316, #5160 ) ) ;
#3459 = EDGE_CURVE ( 'NONE', #1711, #4709, #357, .T. ) ;
#3460 = LINE ( 'NONE', #4998, #4321 ) ;
#3461 = DIRECTION ( 'NONE',  ( -1.065700428927731213E-16, -0.000000000000000000, -1.000000000000000000 ) ) ;
#3462 = ORIENTED_EDGE ( 'NONE', *, *, #1584, .F. ) ;
#3463 = DIRECTION ( 'NONE',  ( 0.4999999999999990563, 0.000000000000000000, -0.8660254037844391517 ) ) ;
#3464 = LINE ( 'NONE', #2957, #5922 ) ;
#3465 = ADVANCED_FACE ( 'NONE', ( #6531 ), #750, .F. ) ;
#3466 = ORIENTED_EDGE ( 'NONE', *, *, #692, .F. ) ;
#3467 = LINE ( 'NONE', #4934, #6623 ) ;
#3468 = DIRECTION ( 'NONE',  ( -0.000000000000000000, 0.000000000000000000, -1.000000000000000000 ) ) ;
#3469 = EDGE_CURVE ( 'NONE', #2042, #1187, #4542, .T. ) ;
#3470 = CARTESIAN_POINT ( 'NONE',  ( 41.15470053837924524, -2.000000000000001776, -4.000000000000010658 ) ) ;
#3471 = ADVANCED_FACE ( 'NONE', ( #741 ), #6469, .F. ) ;
#3472 = AXIS2_PLACEMENT_3D ( 'NONE', #1652, #4275, #94 ) ;
#3473 = ORIENTED_EDGE ( 'NONE', *, *, #6421, .F. ) ;
#3474 = AXIS2_PLACEMENT_3D ( 'NONE', #4926, #2308, #841 ) ;
#3475 = ORIENTED_EDGE ( 'NONE', *, *, #2986, .F. ) ;
#3476 = PRODUCT_DEFINITION ( 'ๆ', '', #3921, #2990 ) ;
#3477 = CARTESIAN_POINT ( 'NONE',  ( -2.677269940275661675, -3.000000000000000444, -2.135354865849539152 ) ) ;
#3478 = ORIENTED_EDGE ( 'NONE', *, *, #380, .T. ) ;
#3479 = AXIS2_PLACEMENT_3D ( 'NONE', #1236, #3302, #2793 ) ;
#3480 = ADVANCED_FACE ( 'NONE', ( #2807 ), #636, .F. ) ;
#3481 = CARTESIAN_POINT ( 'NONE',  ( -4.065758146820641628E-17, -1.999999999999992228, 6.999999999999999112 ) ) ;
#3482 = FACE_OUTER_BOUND ( 'NONE', #2248, .T. ) ;
#3483 = DIRECTION ( 'NONE',  ( -0.000000000000000000, -0.000000000000000000, 1.000000000000000000 ) ) ;
#3484 =( BOUNDED_CURVE ( )  B_SPLINE_CURVE ( 3, ( #5543, #404, #1359, #2476 ),
 .UNSPECIFIED., .F., .F. ) 
 B_SPLINE_CURVE_WITH_KNOTS ( ( 4, 4 ),
 ( 3.141592653589793116, 3.926990816987243171 ),
 .UNSPECIFIED. ) 
 CURVE ( )  GEOMETRIC_REPRESENTATION_ITEM ( )  RATIONAL_B_SPLINE_CURVE ( ( 1.000000000000000000, 0.9492530216741910110, 0.9492530216741910110, 1.000000000000000000 ) ) 
 REPRESENTATION_ITEM ( '' )  );
#3485 = CONICAL_SURFACE ( 'NONE', #6515, 1.750000000000015543, 0.7853981633974708165 ) ;
#3486 = CARTESIAN_POINT ( 'NONE',  ( 73.25000000000001421, 0.7499999999999997780, -0.2500000000000002220 ) ) ;
#3487 = CARTESIAN_POINT ( 'NONE',  ( 6.154700538379253238, -1.399999999999999911, 5.999999999999998224 ) ) ;
#3488 = DIRECTION ( 'NONE',  ( 0.000000000000000000, 0.6427876096865963174, 0.7660444431189300518 ) ) ;
#3489 = CARTESIAN_POINT ( 'NONE',  ( 73.68933982819568485, -3.000000000000000000, -2.639087296550524986 ) ) ;
#3490 = CARTESIAN_POINT ( 'NONE',  ( 16.49999999999999645, 0.000000000000000000, 2.000000000000000888 ) ) ;
#3491 = VERTEX_POINT ( 'NONE', #773 ) ;
#3492 = DIRECTION ( 'NONE',  ( 0.000000000000000000, 0.000000000000000000, 1.000000000000000000 ) ) ;
#3493 = ORIENTED_EDGE ( 'NONE', *, *, #3370, .F. ) ;
#3494 = CONICAL_SURFACE ( 'NONE', #1103, 2.000000000000000888, 0.7853981633974447263 ) ;
#3495 = FACE_OUTER_BOUND ( 'NONE', #4696, .T. ) ;
#3496 = DIRECTION ( 'NONE',  ( 1.000000000000000000, 0.000000000000000000, 0.000000000000000000 ) ) ;
#3497 = EDGE_CURVE ( 'NONE', #2362, #2503, #4434, .T. ) ;
#3498 = ORIENTED_EDGE ( 'NONE', *, *, #5325, .T. ) ;
#3499 = ADVANCED_FACE ( 'NONE', ( #2867 ), #3938, .F. ) ;
#3500 = DIRECTION ( 'NONE',  ( -0.5000000000000055511, 0.7071067811865426878, -0.5000000000000014433 ) ) ;
#3501 = CARTESIAN_POINT ( 'NONE',  ( 31.10050506338834353, 1.000000000000000000, 5.999999999999993783 ) ) ;
#3502 = ORIENTED_EDGE ( 'NONE', *, *, #2417, .F. ) ;
#3503 = PLANE ( 'NONE',  #5489 ) ;
#3504 = EDGE_CURVE ( 'NONE', #3953, #5535, #5658, .T. ) ;
#3505 = ORIENTED_EDGE ( 'NONE', *, *, #4177, .T. ) ;
#3506 = APPLICATION_PROTOCOL_DEFINITION ( 'draft international standard', 'automotive_design', 1998, #426 ) ;
#3507 = VERTEX_POINT ( 'NONE', #5685 ) ;
#3508 = ADVANCED_FACE ( 'NONE', ( #5566 ), #395, .F. ) ;
#3509 = CARTESIAN_POINT ( 'NONE',  ( -0.3440422702836413160, -3.000000000000000000, -3.477701765620937913 ) ) ;
#3510 = ORIENTED_EDGE ( 'NONE', *, *, #3133, .F. ) ;
#3511 = FACE_OUTER_BOUND ( 'NONE', #2773, .T. ) ;
#3512 = DIRECTION ( 'NONE',  ( -0.000000000000000000, 1.000000000000000000, 0.000000000000000000 ) ) ;
#3513 = VECTOR ( 'NONE', #1126, 999.9999999999998863 ) ;
#3514 = EDGE_CURVE ( 'NONE', #762, #2525, #852, .T. ) ;
#3515 = CARTESIAN_POINT ( 'NONE',  ( 32.51471862576141092, 0.9999999999999991118, -7.000000000000007105 ) ) ;
#3516 = LINE ( 'NONE', #5592, #4414 ) ;
#3517 = DIRECTION ( 'NONE',  ( 0.8660254037844398178, -0.000000000000000000, 0.4999999999999980571 ) ) ;
#3518 = FACE_OUTER_BOUND ( 'NONE', #1547, .T. ) ;
#3519 = ORIENTED_EDGE ( 'NONE', *, *, #5555, .T. ) ;
#3520 = CARTESIAN_POINT ( 'NONE',  ( 2.831538326014511497, -3.000000000000000444, 0.7251552814512410849 ) ) ;
#3521 = ORIENTED_EDGE ( 'NONE', *, *, #6601, .F. ) ;
#3522 = VECTOR ( 'NONE', #2254, 1000.000000000000000 ) ;
#3523 = DIRECTION ( 'NONE',  ( 0.5000000000000148770, -0.7071067811865440200, 0.4999999999999902855 ) ) ;
#3524 = ORIENTED_EDGE ( 'NONE', *, *, #5495, .T. ) ;
#3525 = DIRECTION ( 'NONE',  ( 1.169476500658520487E-16, -1.000000000000000000, 0.000000000000000000 ) ) ;
#3526 = CIRCLE ( 'NONE', #4944, 0.5249999999999976907 ) ;
#3527 = CARTESIAN_POINT ( 'NONE',  ( 38.84529946162073344, 1.999999999999994893, -4.000000000000010658 ) ) ;
#3528 = EDGE_CURVE ( 'NONE', #2508, #4331, #6226, .T. ) ;
#3529 = LINE ( 'NONE', #2035, #3140 ) ;
#3530 = CARTESIAN_POINT ( 'NONE',  ( 41.15470053837924524, -2.000000000000001776, -4.000000000000010658 ) ) ;
#3531 = ORIENTED_EDGE ( 'NONE', *, *, #4497, .T. ) ;
#3532 = CIRCLE ( 'NONE', #383, 1.750000000000010880 ) ;
#3533 = DIRECTION ( 'NONE',  ( 0.000000000000000000, 1.000000000000000000, 0.000000000000000000 ) ) ;
#3534 = DIRECTION ( 'NONE',  ( 1.000000000000000000, 0.000000000000000000, 0.000000000000000000 ) ) ;
#3535 = VECTOR ( 'NONE', #1322, 1000.000000000000000 ) ;
#3536 = ORIENTED_EDGE ( 'NONE', *, *, #4455, .F. ) ;
#3537 = DIRECTION ( 'NONE',  ( -9.244077131101839741E-14, -1.081073097509843417E-29, 1.000000000000000000 ) ) ;
#3538 = PLANE ( 'NONE',  #4115 ) ;
#3539 = VECTOR ( 'NONE', #2921, 1000.000000000000000 ) ;
#3540 = ORIENTED_EDGE ( 'NONE', *, *, #3208, .T. ) ;
#3541 = EDGE_CURVE ( 'NONE', #4396, #4984, #708, .T. ) ;
#3542 = VECTOR ( 'NONE', #1999, 999.9999999999998863 ) ;
#3543 = AXIS2_PLACEMENT_3D ( 'NONE', #3054, #870, #3560 ) ;
#3544 = ORIENTED_EDGE ( 'NONE', *, *, #1502, .F. ) ;
#3545 = EDGE_CURVE ( 'NONE', #3860, #4667, #4234, .T. ) ;
#3546 = CIRCLE ( 'NONE', #5077, 1.600000000000000311 ) ;
#3547 = CARTESIAN_POINT ( 'NONE',  ( 0.3469170503582026388, -3.000000000000000000, -3.499769154012040584 ) ) ;
#3548 = EDGE_LOOP ( 'NONE', ( #5418, #4647 ) ) ;
#3549 = FACE_BOUND ( 'NONE', #2752, .T. ) ;
#3550 = VECTOR ( 'NONE', #3735, 1000.000000000000000 ) ;
#3551 = VERTEX_POINT ( 'NONE', #2391 ) ;
#3552 = EDGE_CURVE ( 'NONE', #6633, #387, #280, .T. ) ;
#3553 = DIRECTION ( 'NONE',  ( -0.000000000000000000, -0.000000000000000000, -1.000000000000000000 ) ) ;
#3554 = VECTOR ( 'NONE', #2449, 999.9999999999998863 ) ;
#3555 = DIRECTION ( 'NONE',  ( -0.000000000000000000, -1.000000000000000000, -0.000000000000000000 ) ) ;
#3556 = CIRCLE ( 'NONE', #410, 1.099999999999999423 ) ;
#3557 = ADVANCED_FACE ( 'NONE', ( #4877 ), #1719, .F. ) ;
#3558 = CARTESIAN_POINT ( 'NONE',  ( 6.019364708600113422E-11, -3.000000000000000000, 5.000000000845101766 ) ) ;
#3559 = ORIENTED_EDGE ( 'NONE', *, *, #3684, .T. ) ;
#3560 = DIRECTION ( 'NONE',  ( 0.000000000000000000, 0.000000000000000000, 1.000000000000000000 ) ) ;
#3561 = ORIENTED_EDGE ( 'NONE', *, *, #5173, .T. ) ;
#3562 = VECTOR ( 'NONE', #3553, 1000.000000000000000 ) ;
#3563 = CARTESIAN_POINT ( 'NONE',  ( 30.16305671929892185, 1.121895875977143797, 1.587124707038614524 ) ) ;
#3564 = VERTEX_POINT ( 'NONE', #5486 ) ;
#3565 = CARTESIAN_POINT ( 'NONE',  ( 68.96231060120484813, 0.9999999999999993339, 5.512563132923551379 ) ) ;
#3566 = ORIENTED_EDGE ( 'NONE', *, *, #5808, .T. ) ;
#3567 = DIRECTION ( 'NONE',  ( 0.8660254037844383745, -0.000000000000000000, 0.5000000000000004441 ) ) ;
#3568 = AXIS2_PLACEMENT_3D ( 'NONE', #326, #3968, #2366 ) ;
#3569 = CARTESIAN_POINT ( 'NONE',  ( 69.07127517893778190, -3.000000000000000000, -5.412446153538551741 ) ) ;
#3570 = CARTESIAN_POINT ( 'NONE',  ( 73.24999999997548628, -2.749999999999992895, 4.000000000000000000 ) ) ;
#3571 = ORIENTED_EDGE ( 'NONE', *, *, #4021, .T. ) ;
#3572 = ORIENTED_EDGE ( 'NONE', *, *, #5600, .F. ) ;
#3573 = CARTESIAN_POINT ( 'NONE',  ( 47.29949493661165150, 2.599999999999997868, -7.000000000000010658 ) ) ;
#3574 = CARTESIAN_POINT ( 'NONE',  ( 71.99999999997550049, -3.000000000000000000, -4.000000000000000000 ) ) ;
#3575 = VERTEX_POINT ( 'NONE', #2262 ) ;
#3576 = EDGE_CURVE ( 'NONE', #2609, #5304, #3868, .T. ) ;
#3577 = DIRECTION ( 'NONE',  ( -0.000000000000000000, -1.000000000000000000, -0.000000000000000000 ) ) ;
#3578 = ORIENTED_EDGE ( 'NONE', *, *, #4697, .F. ) ;
#3579 = CARTESIAN_POINT ( 'NONE',  ( 66.99999999995100097, -1.399999999999999911, -3.899999999999993694 ) ) ;
#3580 = CARTESIAN_POINT ( 'NONE',  ( 8.000000000000000000, 0.9999999999999940048, 0.000000000000000000 ) ) ;
#3581 = ORIENTED_EDGE ( 'NONE', *, *, #6036, .F. ) ;
#3582 = EDGE_CURVE ( 'NONE', #4791, #5959, #2910, .T. ) ;
#3583 = CIRCLE ( 'NONE', #659, 2.000000000000001776 ) ;
#3584 = CARTESIAN_POINT ( 'NONE',  ( 72.00000000000048317, -2.749999999999992895, -5.250000000021676883 ) ) ;
#3585 = CARTESIAN_POINT ( 'NONE',  ( 71.99999999997550049, -3.000000000000000000, 4.000000000000000000 ) ) ;
#3586 = PLANE ( 'NONE',  #5283 ) ;
#3587 = ORIENTED_EDGE ( 'NONE', *, *, #6152, .T. ) ;
#3588 = EDGE_CURVE ( 'NONE', #3866, #4131, #3250, .T. ) ;
#3589 = DIRECTION ( 'NONE',  ( 1.000000000000000000, 0.000000000000000000, 0.000000000000000000 ) ) ;
#3590 = ORIENTED_EDGE ( 'NONE', *, *, #4795, .F. ) ;
#3591 = CARTESIAN_POINT ( 'NONE',  ( -1.292936463587380569, -3.000000000000000444, 2.430697666188956330 ) ) ;
#3592 = ORIENTED_EDGE ( 'NONE', *, *, #4839, .F. ) ;
#3593 = CARTESIAN_POINT ( 'NONE',  ( 22.30940107675849404, -1.399999999999999911, 3.999999999999999112 ) ) ;
#3594 = LINE ( 'NONE', #3063, #4004 ) ;
#3595 = ADVANCED_FACE ( 'NONE', ( #3769 ), #2266, .T. ) ;
#3596 = ORIENTED_EDGE ( 'NONE', *, *, #1841, .F. ) ;
#3597 = CARTESIAN_POINT ( 'NONE',  ( 39.99999999999999289, 0.000000000000000000, 0.000000000000000000 ) ) ;
#3598 = ORIENTED_EDGE ( 'NONE', *, *, #3615, .F. ) ;
#3599 = ORIENTED_EDGE ( 'NONE', *, *, #897, .T. ) ;
#3600 = AXIS2_PLACEMENT_3D ( 'NONE', #2630, #45, #2118 ) ;
#3601 = DIRECTION ( 'NONE',  ( 1.000000000000000000, 0.000000000000000000, 0.000000000000000000 ) ) ;
#3602 = DIRECTION ( 'NONE',  ( 1.000000000000000000, 1.239088197126289584E-16, -9.757819552369532017E-15 ) ) ;
#3603 = EDGE_CURVE ( 'NONE', #4331, #1670, #1763, .T. ) ;
#3604 = FACE_OUTER_BOUND ( 'NONE', #2935, .T. ) ;
#3605 = B_SPLINE_CURVE_WITH_KNOTS ( 'NONE', 3,
 ( #6479, #2723, #784, #2782 ),
 .UNSPECIFIED., .F., .F.,
 ( 4, 4 ),
 ( 1.301042606982605321E-18, 0.0005006919425147880525 ),
 .UNSPECIFIED. ) ;
#3606 = ORIENTED_EDGE ( 'NONE', *, *, #3708, .F. ) ;
#3607 = ORIENTED_EDGE ( 'NONE', *, *, #2348, .F. ) ;
#3608 = ADVANCED_FACE ( 'NONE', ( #5940 ), #227, .F. ) ;
#3609 = CARTESIAN_POINT ( 'NONE',  ( 75.25000000000001421, -1.999999999999992228, -7.000000000000007994 ) ) ;
#3610 = ORIENTED_EDGE ( 'NONE', *, *, #5446, .F. ) ;
#3611 = CARTESIAN_POINT ( 'NONE',  ( -0.2521722559038219180, -2.999999999999999556, -2.782347284386869735 ) ) ;
#3612 = EDGE_LOOP ( 'NONE', ( #3230, #536, #379, #4247, #942, #3079, #6706, #5078, #4, #3683, #2504, #1541, #727, #5147, #3715, #6129, #2053, #5790, #209, #6316, #4508, #3810, #2309, #5568, #2650, #181, #3572, #3033, #2131, #4020, #5866, #5107, #6520, #1098, #3310, #2186, #1620, #6283, #2152, #4297, #3587, #135, #2916, #4997, #5081, #2809, #2028, #1658, #2732, #2817, #2251, #463 ) ) ;
#3613 = EDGE_CURVE ( 'NONE', #4616, #1534, #2370, .T. ) ;
#3614 = DIRECTION ( 'NONE',  ( 1.000000000000000000, 0.000000000000000000, 3.755786496842872926E-16 ) ) ;
#3615 = EDGE_CURVE ( 'NONE', #5353, #1168, #2854, .T. ) ;
#3616 = CARTESIAN_POINT ( 'NONE',  ( 66.99999999997550049, -3.000000000000000888, 6.999999999999999112 ) ) ;
#3617 = CARTESIAN_POINT ( 'NONE',  ( 72.76999999995101120, -3.000000000000000444, -0.9499999999992788657 ) ) ;
#3618 = VERTEX_POINT ( 'NONE', #361 ) ;
#3619 = CARTESIAN_POINT ( 'NONE',  ( 72.99999999997551470, 0.9999999999999997780, 3.699747468330321976 ) ) ;
#3620 = VERTEX_POINT ( 'NONE', #1933 ) ;
#3621 = LINE ( 'NONE', #5632, #5323 ) ;
#3622 = ORIENTED_EDGE ( 'NONE', *, *, #6192, .F. ) ;
#3623 = CARTESIAN_POINT ( 'NONE',  ( 45.30793193882909264, -3.000000000000000000, 0.000000000000000000 ) ) ;
#3624 = EDGE_CURVE ( 'NONE', #2755, #3213, #1897, .T. ) ;
#3625 = CARTESIAN_POINT ( 'NONE',  ( 73.97999999995100495, 1.000000000000000666, 0.1950000000007323930 ) ) ;
#3626 = EDGE_CURVE ( 'NONE', #5855, #5599, #4237, .T. ) ;
#3627 = CYLINDRICAL_SURFACE ( 'NONE', #934, 1.099999999999999423 ) ;
#3628 = AXIS2_PLACEMENT_3D ( 'NONE', #5748, #4737, #6319 ) ;
#3629 = CARTESIAN_POINT ( 'NONE',  ( 71.99999999995098676, 0.9790225092205675494, 1.500000000000711653 ) ) ;
#3630 = PLANE ( 'NONE',  #6522 ) ;
#3631 = FACE_OUTER_BOUND ( 'NONE', #5680, .T. ) ;
#3632 = ORIENTED_EDGE ( 'NONE', *, *, #1633, .F. ) ;
#3633 = DIRECTION ( 'NONE',  ( 0.000000000000000000, 0.000000000000000000, 1.000000000000000000 ) ) ;
#3634 = EDGE_CURVE ( 'NONE', #6361, #2245, #3744, .T. ) ;
#3635 = VECTOR ( 'NONE', #1472, 1000.000000000000000 ) ;
#3636 = DIRECTION ( 'NONE',  ( 1.000000000000000000, 0.000000000000000000, 3.755786496842889690E-16 ) ) ;
#3637 = LINE ( 'NONE', #5170, #6671 ) ;
#3638 = EDGE_CURVE ( 'NONE', #332, #3057, #2756, .T. ) ;
#3639 = ORIENTED_EDGE ( 'NONE', *, *, #506, .T. ) ;
#3640 = ORIENTED_EDGE ( 'NONE', *, *, #4915, .F. ) ;
#3641 = VECTOR ( 'NONE', #730, 1000.000000000000000 ) ;
#3642 = CARTESIAN_POINT ( 'NONE',  ( 71.99999999997550049, -3.000000000000000000, -4.000000000000000000 ) ) ;
#3643 = ORIENTED_EDGE ( 'NONE', *, *, #1894, .F. ) ;
#3644 = VECTOR ( 'NONE', #652, 1000.000000000000114 ) ;
#3645 = CARTESIAN_POINT ( 'NONE',  ( -0.6139250550369456105, -3.000000000000000444, -2.710868953529679715 ) ) ;
#3646 = CARTESIAN_POINT ( 'NONE',  ( 73.97999999995100495, 1.000000000000000666, -0.3299999999992652699 ) ) ;
#3647 = ORIENTED_EDGE ( 'NONE', *, *, #3545, .T. ) ;
#3648 = ORIENTED_EDGE ( 'NONE', *, *, #1945, .T. ) ;
#3649 = PLANE ( 'NONE',  #1162 ) ;
#3650 = VECTOR ( 'NONE', #4276, 1000.000000000000000 ) ;
#3651 = LINE ( 'NONE', #3616, #5085 ) ;
#3652 = CARTESIAN_POINT ( 'NONE',  ( 2.690598923241498852, -1.399999999999999911, 3.999999999999998224 ) ) ;
#3653 = FACE_OUTER_BOUND ( 'NONE', #4120, .T. ) ;
#3654 = EDGE_LOOP ( 'NONE', ( #3308, #1471, #3232, #242 ) ) ;
#3655 = CARTESIAN_POINT ( 'NONE',  ( 41.15470053837924524, -2.000000000000001776, -4.000000000000010658 ) ) ;
#3656 = DIRECTION ( 'NONE',  ( -1.169476500658520487E-16, 1.000000000000000000, -0.000000000000000000 ) ) ;
#3657 = VERTEX_POINT ( 'NONE', #3680 ) ;
#3658 = COLOUR_RGB ( '',0.7921568627450980005, 0.8196078431372548767, 0.9333333333333333481 ) ;
#3659 = DIRECTION ( 'NONE',  ( 1.000000000000000000, 1.169476500658520487E-16, -1.152640183373293597E-17 ) ) ;
#3660 = CIRCLE ( 'NONE', #517, 0.5000000000000004441 ) ;
#3661 = DIRECTION ( 'NONE',  ( -0.4999999999999979461, 0.000000000000000000, 0.8660254037844397068 ) ) ;
#3662 = CARTESIAN_POINT ( 'NONE',  ( 19.99999999999999645, -3.000000000000000888, 2.900000000000000799 ) ) ;
#3663 = DIRECTION ( 'NONE',  ( -0.000000000000000000, 1.000000000000000000, -0.000000000000000000 ) ) ;
#3664 = AXIS2_PLACEMENT_3D ( 'NONE', #2996, #821, #5072 ) ;
#3665 = CARTESIAN_POINT ( 'NONE',  ( 71.99999999995098676, -3.000000000000000444, 0.5000000000007107648 ) ) ;
#3666 = ORIENTED_EDGE ( 'NONE', *, *, #5652, .F. ) ;
#3667 = EDGE_CURVE ( 'NONE', #758, #1188, #5582, .T. ) ;
#3668 = DIRECTION ( 'NONE',  ( -1.000000000000000000, -4.336808689942017736E-15, 0.000000000000000000 ) ) ;
#3669 = ORIENTED_EDGE ( 'NONE', *, *, #860, .T. ) ;
#3670 = ADVANCED_FACE ( 'NONE', ( #6019 ), #2792, .F. ) ;
#3671 = CIRCLE ( 'NONE', #4764, 1.750000000000009326 ) ;
#3672 = EDGE_LOOP ( 'NONE', ( #3910, #579, #4635, #2779 ) ) ;
#3673 = DIRECTION ( 'NONE',  ( -0.000000000000000000, 1.000000000000000000, -0.000000000000000000 ) ) ;
#3674 = CARTESIAN_POINT ( 'NONE',  ( 71.24999999995101518, 1.000000000000000222, -1.449999999999297184 ) ) ;
#3675 = ADVANCED_FACE ( 'NONE', ( #3039 ), #4730, .T. ) ;
#3676 = AXIS2_PLACEMENT_3D ( 'NONE', #6207, #2507, #4589 ) ;
#3677 = DIRECTION ( 'NONE',  ( 1.000000000000000000, 1.169476500658520487E-16, -2.305280366746587194E-17 ) ) ;
#3678 = DIRECTION ( 'NONE',  ( 1.000000000000000000, 0.000000000000000000, 0.000000000000000000 ) ) ;
#3679 = ORIENTED_EDGE ( 'NONE', *, *, #2395, .F. ) ;
#3680 = CARTESIAN_POINT ( 'NONE',  ( 73.97999999995100495, 0.9790225092205677715, 0.1700000000007351464 ) ) ;
#3681 = CARTESIAN_POINT ( 'NONE',  ( 2.345233870240060803, -3.000000000000000444, -1.708389924511442004 ) ) ;
#3682 = DIRECTION ( 'NONE',  ( -0.000000000000000000, 1.000000000000000000, -0.000000000000000000 ) ) ;
#3683 = ORIENTED_EDGE ( 'NONE', *, *, #5247, .F. ) ;
#3684 = EDGE_CURVE ( 'NONE', #6625, #4250, #1403, .T. ) ;
#3685 = DIRECTION ( 'NONE',  ( -0.000000000000000000, -0.000000000000000000, -1.000000000000000000 ) ) ;
#3686 = SURFACE_SIDE_STYLE ('',( #1615 ) ) ;
#3687 = EDGE_CURVE ( 'NONE', #3067, #5481, #5032, .T. ) ;
#3688 = VERTEX_POINT ( 'NONE', #4513 ) ;
#3689 = DIRECTION ( 'NONE',  ( 0.000000000000000000, 0.000000000000000000, 1.000000000000000000 ) ) ;
#3690 = ORIENTED_EDGE ( 'NONE', *, *, #1367, .F. ) ;
#3691 = DIRECTION ( 'NONE',  ( 0.5000000000000004441, 0.000000000000000000, -0.8660254037844383745 ) ) ;
#3692 = ORIENTED_EDGE ( 'NONE', *, *, #2965, .T. ) ;
#3693 = LINE ( 'NONE', #5793, #5408 ) ;
#3694 = VECTOR ( 'NONE', #872, 1000.000000000000000 ) ;
#3695 = LINE ( 'NONE', #6031, #13 ) ;
#3696 = LINE ( 'NONE', #4716, #172 ) ;
#3697 = DIRECTION ( 'NONE',  ( -0.000000000000000000, 1.000000000000000000, -0.000000000000000000 ) ) ;
#3698 = DIRECTION ( 'NONE',  ( -1.169476500658520487E-16, 1.000000000000000000, -0.000000000000000000 ) ) ;
#3699 = EDGE_LOOP ( 'NONE', ( #4228, #1728, #4736, #5816 ) ) ;
#3700 = VECTOR ( 'NONE', #6258, 1000.000000000000000 ) ;
#3701 = DIRECTION ( 'NONE',  ( -0.000000000000000000, 1.000000000000000000, -0.000000000000000000 ) ) ;
#3702 = ORIENTED_EDGE ( 'NONE', *, *, #5912, .F. ) ;
#3703 = EDGE_CURVE ( 'NONE', #4230, #3041, #1422, .T. ) ;
#3704 = CARTESIAN_POINT ( 'NONE',  ( 39.99999999999999289, 0.000000000000000000, -7.000000000000010658 ) ) ;
#3705 = CARTESIAN_POINT ( 'NONE',  ( 70.02999999995098790, 0.9999999999999993339, 0.2000000000006888767 ) ) ;
#3706 = VECTOR ( 'NONE', #4465, 1000.000000000000114 ) ;
#3707 = ADVANCED_FACE ( 'NONE', ( #586 ), #4801, .F. ) ;
#3708 = EDGE_CURVE ( 'NONE', #3835, #1595, #3957, .T. ) ;
#3709 = CARTESIAN_POINT ( 'NONE',  ( 45.83502884254438925, 4.064466094067268109, 0.8582230616678262480 ) ) ;
#3710 = VECTOR ( 'NONE', #2993, 1000.000000000000000 ) ;
#3711 = CARTESIAN_POINT ( 'NONE',  ( 52.74999999999996447, 6.999999999999902300, -7.000000000000007105 ) ) ;
#3712 = DIRECTION ( 'NONE',  ( -1.065700428927731213E-16, -0.000000000000000000, -1.000000000000000000 ) ) ;
#3713 = ORIENTED_EDGE ( 'NONE', *, *, #4415, .T. ) ;
#3714 = CARTESIAN_POINT ( 'NONE',  ( 73.97999999995100495, -3.000000000000000000, -0.3299999999992652699 ) ) ;
#3715 = ORIENTED_EDGE ( 'NONE', *, *, #6249, .F. ) ;
#3716 = EDGE_CURVE ( 'NONE', #3732, #4460, #3782, .T. ) ;
#3717 = DIRECTION ( 'NONE',  ( 0.000000000000000000, 0.000000000000000000, 1.000000000000000000 ) ) ;
#3718 = CARTESIAN_POINT ( 'NONE',  ( 64.69059892319249627, -3.000000000000000000, -5.000000000000009770 ) ) ;
#3719 = ORIENTED_EDGE ( 'NONE', *, *, #5, .F. ) ;
#3720 = DIRECTION ( 'NONE',  ( 0.000000000000000000, 0.000000000000000000, 1.000000000000000000 ) ) ;
#3721 = ORIENTED_EDGE ( 'NONE', *, *, #1697, .T. ) ;
#3722 = LINE ( 'NONE', #2130, #551 ) ;
#3723 = ORIENTED_EDGE ( 'NONE', *, *, #2527, .F. ) ;
#3724 = CARTESIAN_POINT ( 'NONE',  ( 3.845299461620751202, -3.000000000000000000, -6.000000000000000000 ) ) ;
#3725 = CARTESIAN_POINT ( 'NONE',  ( 71.99999999995094413, -3.000000000000000444, 4.000000000000711431 ) ) ;
#3726 = EDGE_CURVE ( 'NONE', #2264, #4163, #4187, .T. ) ;
#3727 = FACE_OUTER_BOUND ( 'NONE', #747, .T. ) ;
#3728 = CARTESIAN_POINT ( 'NONE',  ( 39.99999999999999289, 0.000000000000000000, 4.999999999999999112 ) ) ;
#3729 = DIRECTION ( 'NONE',  ( 1.000000000000000000, 0.000000000000000000, 0.000000000000000000 ) ) ;
#3730 = CARTESIAN_POINT ( 'NONE',  ( 71.99999999997550049, 0.7499999999999993339, -4.000000000000000000 ) ) ;
#3731 = DIRECTION ( 'NONE',  ( 1.630079379862714874E-17, 0.7071067811865512365, 0.7071067811865439090 ) ) ;
#3732 = VERTEX_POINT ( 'NONE', #2751 ) ;
#3733 = ORIENTED_EDGE ( 'NONE', *, *, #795, .F. ) ;
#3734 = EDGE_CURVE ( 'NONE', #3860, #4957, #4830, .T. ) ;
#3735 = DIRECTION ( 'NONE',  ( 0.000000000000000000, 0.000000000000000000, -1.000000000000000000 ) ) ;
#3736 = AXIS2_PLACEMENT_3D ( 'NONE', #6613, #1458, #3534 ) ;
#3737 = DIRECTION ( 'NONE',  ( 8.514459071029913857E-12, -0.7071067811865475727, 0.7071067811865474617 ) ) ;
#3738 = DIRECTION ( 'NONE',  ( -1.000000000000000000, 0.000000000000000000, 1.152640183373293597E-17 ) ) ;
#3739 = VECTOR ( 'NONE', #3411, 1000.000000000000114 ) ;
#3740 = DIRECTION ( 'NONE',  ( -0.000000000000000000, -0.000000000000000000, 1.000000000000000000 ) ) ;
#3741 = LINE ( 'NONE', #4389, #1383 ) ;
#3742 = CIRCLE ( 'NONE', #1908, 1.599999999999998535 ) ;
#3743 = EDGE_LOOP ( 'NONE', ( #2057, #3433, #4600, #6242 ) ) ;
#3744 = LINE ( 'NONE', #5714, #5681 ) ;
#3745 = EDGE_CURVE ( 'NONE', #2061, #766, #1699, .T. ) ;
#3746 = CARTESIAN_POINT ( 'NONE',  ( 21.15470053837924169, -1.399999999999999911, 5.999999999999998224 ) ) ;
#3747 = DIRECTION ( 'NONE',  ( 0.000000000000000000, 0.000000000000000000, 1.000000000000000000 ) ) ;
#3748 = EDGE_LOOP ( 'NONE', ( #1903, #5285, #1436, #4137 ) ) ;
#3749 = VECTOR ( 'NONE', #4367, 1000.000000000000000 ) ;
#3750 = EDGE_CURVE ( 'NONE', #1918, #5181, #5345, .T. ) ;
#3751 = EDGE_LOOP ( 'NONE', ( #5837, #1388, #2310, #2071 ) ) ;
#3752 = LINE ( 'NONE', #4775, #4728 ) ;
#3753 = FACE_OUTER_BOUND ( 'NONE', #474, .T. ) ;
#3754 = ORIENTED_EDGE ( 'NONE', *, *, #1589, .F. ) ;
#3755 = VECTOR ( 'NONE', #6684, 1000.000000000000000 ) ;
#3756 = DIRECTION ( 'NONE',  ( 0.000000000000000000, 1.000000000000000000, 0.000000000000000000 ) ) ;
#3757 = ORIENTED_EDGE ( 'NONE', *, *, #2678, .F. ) ;
#3758 = EDGE_CURVE ( 'NONE', #5181, #4466, #1195, .T. ) ;
#3759 = DIRECTION ( 'NONE',  ( 1.000000000000000000, 0.000000000000000000, -1.204114654687106238E-11 ) ) ;
#3760 = CARTESIAN_POINT ( 'NONE',  ( 67.18882810991864574, 0.3270598803611622363, -9.327059880361186828 ) ) ;
#3761 = AXIS2_PLACEMENT_3D ( 'NONE', #3051, #5123, #4611 ) ;
#3762 = EDGE_CURVE ( 'NONE', #5522, #873, #1603, .T. ) ;
#3763 = CARTESIAN_POINT ( 'NONE',  ( 6.019364708600113422E-11, -3.000000000000000000, 5.000000000845101766 ) ) ;
#3764 = CARTESIAN_POINT ( 'NONE',  ( 72.00000000000046896, -2.749999999999992895, 5.249999999978326670 ) ) ;
#3765 = LINE ( 'NONE', #1152, #5308 ) ;
#3766 = CARTESIAN_POINT ( 'NONE',  ( 18.84529946162074410, -1.399999999999999911, 5.999999999999994671 ) ) ;
#3767 = CARTESIAN_POINT ( 'NONE',  ( 8.000000000000000000, 1.000000000000000000, 1.600000000000000311 ) ) ;
#3768 = ORIENTED_EDGE ( 'NONE', *, *, #1484, .F. ) ;
#3769 = FACE_OUTER_BOUND ( 'NONE', #6169, .T. ) ;
#3770 = CIRCLE ( 'NONE', #3887, 1.100000000000003642 ) ;
#3771 = FACE_OUTER_BOUND ( 'NONE', #5628, .T. ) ;
#3772 = VERTEX_POINT ( 'NONE', #3171 ) ;
#3773 = EDGE_LOOP ( 'NONE', ( #3378, #87, #4547, #2775 ) ) ;
#3774 = AXIS2_PLACEMENT_3D ( 'NONE', #3573, #1535, #6277 ) ;
#3775 = ORIENTED_EDGE ( 'NONE', *, *, #3090, .T. ) ;
#3776 = CARTESIAN_POINT ( 'NONE',  ( 62.99999999995100097, -1.000000000000007994, 6.999999999999999112 ) ) ;
#3777 = AXIS2_PLACEMENT_3D ( 'NONE', #3845, #1838, #1299 ) ;
#3778 = CARTESIAN_POINT ( 'NONE',  ( 74.48743686707645395, -3.000000000000000000, 1.487436867076456615 ) ) ;
#3779 = ORIENTED_EDGE ( 'NONE', *, *, #2511, .F. ) ;
#3780 = ADVANCED_FACE ( 'NONE', ( #6251 ), #105, .F. ) ;
#3781 = VECTOR ( 'NONE', #3740, 1000.000000000000000 ) ;
#3782 = LINE ( 'NONE', #5744, #4062 ) ;
#3783 = VERTEX_POINT ( 'NONE', #2179 ) ;
#3784 = CARTESIAN_POINT ( 'NONE',  ( 41.99999999999999289, 2.449293598294711345E-16, 6.999999999999998224 ) ) ;
#3785 = DIRECTION ( 'NONE',  ( -1.169476500658520487E-16, 1.000000000000000000, -0.000000000000000000 ) ) ;
#3786 = VECTOR ( 'NONE', #2810, 1000.000000000000114 ) ;
#3787 = VERTEX_POINT ( 'NONE', #2657 ) ;
#3788 = CARTESIAN_POINT ( 'NONE',  ( 44.94974746830583712, 4.949747468305822906, -7.000000000000010658 ) ) ;
#3789 = VERTEX_POINT ( 'NONE', #132 ) ;
#3790 = ORIENTED_EDGE ( 'NONE', *, *, #6079, .F. ) ;
#3791 = DIRECTION ( 'NONE',  ( -1.000000000000000000, 0.000000000000000000, 0.000000000000000000 ) ) ;
#3792 = EDGE_CURVE ( 'NONE', #342, #4599, #376, .T. ) ;
#3793 = LINE ( 'NONE', #113, #3988 ) ;
#3794 = ORIENTED_EDGE ( 'NONE', *, *, #3959, .F. ) ;
#3795 = EDGE_CURVE ( 'NONE', #1428, #243, #2211, .T. ) ;
#3796 = CYLINDRICAL_SURFACE ( 'NONE', #1572, 1.099999999999996758 ) ;
#3797 = EDGE_LOOP ( 'NONE', ( #3544, #1254, #3713, #2607 ) ) ;
#3798 = CARTESIAN_POINT ( 'NONE',  ( 36.38620478908359246, -3.000000000000000000, -2.100000000000000089 ) ) ;
#3799 = LINE ( 'NONE', #535, #1417 ) ;
#3800 = DIRECTION ( 'NONE',  ( -0.000000000000000000, 1.000000000000000000, -0.000000000000000000 ) ) ;
#3801 = DIRECTION ( 'NONE',  ( 0.000000000000000000, 0.000000000000000000, -1.000000000000000000 ) ) ;
#3802 = CONICAL_SURFACE ( 'NONE', #4144, 1.249999999989156896, 0.7853981633974361776 ) ;
#3803 = EDGE_CURVE ( 'NONE', #6590, #2245, #621, .T. ) ;
#3804 = CARTESIAN_POINT ( 'NONE',  ( 66.99999999997550049, -1.399999999999999911, -6.999999999999992006 ) ) ;
#3805 = DIRECTION ( 'NONE',  ( 0.4999999999999997780, 0.000000000000000000, 0.8660254037844387076 ) ) ;
#3806 = CYLINDRICAL_SURFACE ( 'NONE', #5484, 1.099999999999996758 ) ;
#3807 = VERTEX_POINT ( 'NONE', #73 ) ;
#3808 = DIRECTION ( 'NONE',  ( -1.000000000000000000, 0.000000000000000000, 0.000000000000000000 ) ) ;
#3809 = ORIENTED_EDGE ( 'NONE', *, *, #3212, .F. ) ;
#3810 = ORIENTED_EDGE ( 'NONE', *, *, #2016, .T. ) ;
#3811 = VECTOR ( 'NONE', #145, 1000.000000000000114 ) ;
#3812 = VERTEX_POINT ( 'NONE', #2146 ) ;
#3813 = CARTESIAN_POINT ( 'NONE',  ( 35.05025253169415578, 4.949747468305830012, -1.519868415357067848 ) ) ;
#3814 = EDGE_CURVE ( 'NONE', #37, #762, #4695, .T. ) ;
#3815 = LINE ( 'NONE', #753, #3644 ) ;
#3816 = ORIENTED_EDGE ( 'NONE', *, *, #2187, .T. ) ;
#3817 = CONICAL_SURFACE ( 'NONE', #6430, 6.000000000000005329, 0.7853981633974391752 ) ;
#3818 = VECTOR ( 'NONE', #694, 1000.000000000000227 ) ;
#3819 = CARTESIAN_POINT ( 'NONE',  ( 71.99999999995098676, -3.000000000000000444, 1.000000000000711209 ) ) ;
#3820 = ORIENTED_EDGE ( 'NONE', *, *, #4633, .F. ) ;
#3821 = CONICAL_SURFACE ( 'NONE', #4886, 1.750000000000010214, 0.7853981633974613796 ) ;
#3822 = CARTESIAN_POINT ( 'NONE',  ( 20.74264068711935138, 27.74264068711927322, 6.999999999999999112 ) ) ;
#3823 = CIRCLE ( 'NONE', #882, 1.099999999999999423 ) ;
#3824 = EDGE_CURVE ( 'NONE', #3213, #2857, #6280, .T. ) ;
#3825 = ORIENTED_EDGE ( 'NONE', *, *, #3181, .F. ) ;
#3826 = VECTOR ( 'NONE', #5006, 1000.000000000000000 ) ;
#3827 = CARTESIAN_POINT ( 'NONE',  ( 46.42522692971156317, 3.558732459242321955, 0.3676964157270881661 ) ) ;
#3828 = LINE ( 'NONE', #4941, #1252 ) ;
#3829 = VERTEX_POINT ( 'NONE', #3709 ) ;
#3830 = ADVANCED_FACE ( 'NONE', ( #6312 ), #5773, .F. ) ;
#3831 = DIRECTION ( 'NONE',  ( -0.000000000000000000, -1.000000000000000000, -0.000000000000000000 ) ) ;
#3832 = CARTESIAN_POINT ( 'NONE',  ( 75.25000000000001421, 1.000000000000000000, 6.749999999999998224 ) ) ;
#3833 = ORIENTED_EDGE ( 'NONE', *, *, #2383, .T. ) ;
#3834 = DIRECTION ( 'NONE',  ( 1.000000000000000000, 1.873501354054951662E-16, 0.000000000000000000 ) ) ;
#3835 = VERTEX_POINT ( 'NONE', #4655 ) ;
#3836 = DIRECTION ( 'NONE',  ( -1.169476500658520487E-16, 1.000000000000000000, -0.000000000000000000 ) ) ;
#3837 = DIRECTION ( 'NONE',  ( -1.000000000000000000, -1.776356839400249873E-15, 0.000000000000000000 ) ) ;
#3838 = PLANE ( 'NONE',  #337 ) ;
#3839 = CYLINDRICAL_SURFACE ( 'NONE', #1479, 1.099999999999999423 ) ;
#3840 = DIRECTION ( 'NONE',  ( -0.000000000000000000, 1.000000000000000000, -0.000000000000000000 ) ) ;
#3841 = ORIENTED_EDGE ( 'NONE', *, *, #2187, .F. ) ;
#3842 = CARTESIAN_POINT ( 'NONE',  ( 73.68933982819568485, -3.000000000000000000, 2.639087296550522765 ) ) ;
#3843 = ORIENTED_EDGE ( 'NONE', *, *, #4621, .F. ) ;
#3844 = EDGE_LOOP ( 'NONE', ( #544, #1882, #1979, #51 ) ) ;
#3845 = CARTESIAN_POINT ( 'NONE',  ( 71.99999999995104361, 0.9999999999999995559, -3.999999999999287237 ) ) ;
#3846 = DIRECTION ( 'NONE',  ( 0.000000000000000000, 0.000000000000000000, -1.000000000000000000 ) ) ;
#3847 = ADVANCED_FACE ( 'NONE', ( #6144 ), #886, .F. ) ;
#3848 = CARTESIAN_POINT ( 'NONE',  ( 74.74999999997550049, -2.749999999999992895, 3.699747468330339739 ) ) ;
#3849 = CARTESIAN_POINT ( 'NONE',  ( 31.73474029001221908, 1.785467274802532200, -1.545489432785235318 ) ) ;
#3850 = ORIENTED_EDGE ( 'NONE', *, *, #3576, .F. ) ;
#3851 = DIRECTION ( 'NONE',  ( 0.4999999999999973910, 0.000000000000000000, 0.8660254037844400399 ) ) ;
#3852 = EDGE_CURVE ( 'NONE', #1864, #1378, #5794, .T. ) ;
#3853 = FACE_OUTER_BOUND ( 'NONE', #2843, .T. ) ;
#3854 = CARTESIAN_POINT ( 'NONE',  ( 32.19369568079715549, 2.128634789539153971, -1.527885686102823160 ) ) ;
#3855 = DIRECTION ( 'NONE',  ( -0.000000000000000000, 1.000000000000000000, -0.000000000000000000 ) ) ;
#3856 = EDGE_CURVE ( 'NONE', #5466, #5349, #1499, .T. ) ;
#3857 = FACE_OUTER_BOUND ( 'NONE', #4683, .T. ) ;
#3858 = CARTESIAN_POINT ( 'NONE',  ( 79.11243686707646816, 1.000000000000000444, -3.137563132923583353 ) ) ;
#3859 = VECTOR ( 'NONE', #2182, 1000.000000000000114 ) ;
#3860 = VERTEX_POINT ( 'NONE', #1371 ) ;
#3861 = DIRECTION ( 'NONE',  ( 1.204114654687106238E-11, 1.408183792755119622E-27, 1.000000000000000000 ) ) ;
#3862 = ORIENTED_EDGE ( 'NONE', *, *, #3687, .T. ) ;
#3863 = AXIS2_PLACEMENT_3D ( 'NONE', #3646, #3682, #1640 ) ;
#3864 = DIRECTION ( 'NONE',  ( 0.7071067811865622277, 0.7071067811865328068, -1.630079379862757090E-17 ) ) ;
#3865 = PRESENTATION_STYLE_ASSIGNMENT (( #6289 ) ) ;
#3866 = VERTEX_POINT ( 'NONE', #4883 ) ;
#3867 = CARTESIAN_POINT ( 'NONE',  ( -5.218398330193956179E-17, -3.000000000000000000, 5.999999999999981348 ) ) ;
#3868 = LINE ( 'NONE', #4338, #4869 ) ;
#3869 = LINE ( 'NONE', #765, #5341 ) ;
#3870 = ORIENTED_EDGE ( 'NONE', *, *, #3050, .T. ) ;
#3871 = CARTESIAN_POINT ( 'NONE',  ( 46.13528137423856634, 2.349999999999997424, -7.000000000000007105 ) ) ;
#3872 = CARTESIAN_POINT ( 'NONE',  ( 18.84529946162074410, -1.399999999999999911, -5.999999999999998224 ) ) ;
#3873 = VECTOR ( 'NONE', #6310, 1000.000000000000000 ) ;
#3874 = DIRECTION ( 'NONE',  ( 0.000000000000000000, 0.000000000000000000, 1.000000000000000000 ) ) ;
#3875 = FACE_OUTER_BOUND ( 'NONE', #3323, .T. ) ;
#3876 = LINE ( 'NONE', #3354, #488 ) ;
#3877 = VERTEX_POINT ( 'NONE', #219 ) ;
#3878 = DIRECTION ( 'NONE',  ( 0.000000000000000000, 0.000000000000000000, 1.000000000000000000 ) ) ;
#3879 = ORIENTED_EDGE ( 'NONE', *, *, #3959, .T. ) ;
#3880 = EDGE_LOOP ( 'NONE', ( #2501, #6604, #3247, #6474 ) ) ;
#3881 = CIRCLE ( 'NONE', #2675, 0.5000000000000004441 ) ;
#3882 = DIRECTION ( 'NONE',  ( 0.4999999999999969469, 0.000000000000000000, 0.8660254037844403729 ) ) ;
#3883 = DIRECTION ( 'NONE',  ( 0.7071067811865460184, 0.7071067811865490160, 0.000000000000000000 ) ) ;
#3884 = DIRECTION ( 'NONE',  ( 0.000000000000000000, -0.000000000000000000, -1.000000000000000000 ) ) ;
#3885 = CARTESIAN_POINT ( 'NONE',  ( 73.24999999997548628, -2.749999999999992895, -4.000000000000000000 ) ) ;
#3886 = EDGE_CURVE ( 'NONE', #5982, #2061, #2386, .T. ) ;
#3887 = AXIS2_PLACEMENT_3D ( 'NONE', #4399, #5454, #348 ) ;
#3888 = DIRECTION ( 'NONE',  ( 0.9063077870366500477, -0.4226182617406992192, 0.000000000000000000 ) ) ;
#3889 = ORIENTED_EDGE ( 'NONE', *, *, #310, .T. ) ;
#3890 = AXIS2_PLACEMENT_3D ( 'NONE', #5095, #1937, #4009 ) ;
#3891 = EDGE_CURVE ( 'NONE', #2129, #4809, #1564, .T. ) ;
#3892 = VECTOR ( 'NONE', #3403, 1000.000000000000000 ) ;
#3893 = ORIENTED_EDGE ( 'NONE', *, *, #913, .T. ) ;
#3894 = PLANE ( 'NONE',  #1632 ) ;
#3895 = CARTESIAN_POINT ( 'NONE',  ( 3.845299461620749870, -3.000000000000000000, 2.000000000000000888 ) ) ;
#3896 = EDGE_LOOP ( 'NONE', ( #4335, #6228, #4260, #6266 ) ) ;
#3897 = AXIS2_PLACEMENT_3D ( 'NONE', #901, #2977, #4538 ) ;
#3898 = LINE ( 'NONE', #6616, #3311 ) ;
#3899 = CARTESIAN_POINT ( 'NONE',  ( 70.02999999995098790, -3.000000000000000888, -0.2999999999993115396 ) ) ;
#3900 = DIRECTION ( 'NONE',  ( -1.873501354054951662E-16, 1.000000000000000000, -0.000000000000000000 ) ) ;
#3901 = ORIENTED_EDGE ( 'NONE', *, *, #2549, .F. ) ;
#3902 = CARTESIAN_POINT ( 'NONE',  ( 71.99999999997550049, -3.000000000000000444, -4.000000000000000000 ) ) ;
#3903 = EDGE_CURVE ( 'NONE', #6185, #5168, #1466, .T. ) ;
#3904 = CARTESIAN_POINT ( 'NONE',  ( 44.24264068711929099, 4.242640687119279441, -7.000000000000007105 ) ) ;
#3905 = LINE ( 'NONE', #5565, #619 ) ;
#3906 = DIRECTION ( 'NONE',  ( 0.000000000000000000, 0.000000000000000000, 1.000000000000000000 ) ) ;
#3907 = VERTEX_POINT ( 'NONE', #4423 ) ;
#3908 = DIRECTION ( 'NONE',  ( 0.000000000000000000, 0.000000000000000000, 1.000000000000000000 ) ) ;
#3909 = EDGE_LOOP ( 'NONE', ( #5911, #1237 ) ) ;
#3910 = ORIENTED_EDGE ( 'NONE', *, *, #6554, .T. ) ;
#3911 = DIRECTION ( 'NONE',  ( 0.000000000000000000, 0.000000000000000000, 1.000000000000000000 ) ) ;
#3912 = DIRECTION ( 'NONE',  ( 0.000000000000000000, -1.000000000000000000, -0.000000000000000000 ) ) ;
#3913 = CARTESIAN_POINT ( 'NONE',  ( 68.15470053833026043, -1.399999999999999911, 3.000000000000009770 ) ) ;
#3914 = EDGE_CURVE ( 'NONE', #230, #1187, #4827, .T. ) ;
#3915 = DIRECTION ( 'NONE',  ( 0.5000000000000004441, 0.000000000000000000, -0.8660254037844383745 ) ) ;
#3916 = AXIS2_PLACEMENT_3D ( 'NONE', #1526, #4109, #1962 ) ;
#3917 = EDGE_CURVE ( 'NONE', #4200, #3025, #95, .T. ) ;
#3918 = DIRECTION ( 'NONE',  ( 0.000000000000000000, 0.000000000000000000, 1.000000000000000000 ) ) ;
#3919 = EDGE_CURVE ( 'NONE', #1404, #3575, #2885, .T. ) ;
#3920 = EDGE_CURVE ( 'NONE', #2241, #3184, #1354, .T. ) ;
#3921 = PRODUCT_DEFINITION_FORMATION_WITH_SPECIFIED_SOURCE ( 'ไป', '', #3382, .NOT_KNOWN. ) ;
#3922 = ORIENTED_EDGE ( 'NONE', *, *, #3708, .T. ) ;
#3923 = DIRECTION ( 'NONE',  ( -0.000000000000000000, -1.000000000000000000, -0.000000000000000000 ) ) ;
#3924 = ORIENTED_EDGE ( 'NONE', *, *, #4047, .F. ) ;
#3925 = EDGE_CURVE ( 'NONE', #2375, #5221, #3947, .T. ) ;
#3926 = DIRECTION ( 'NONE',  ( 0.9993908270190958731, 0.03489949670249697933, 0.000000000000000000 ) ) ;
#3927 = CARTESIAN_POINT ( 'NONE',  ( 21.15470053837925235, -1.399999999999999911, -5.999999999999997335 ) ) ;
#3928 = AXIS2_PLACEMENT_3D ( 'NONE', #5892, #3900, #3834 ) ;
#3929 = CARTESIAN_POINT ( 'NONE',  ( 74.74999999997550049, -3.000000000000000000, 3.699747468330339739 ) ) ;
#3930 = CARTESIAN_POINT ( 'NONE',  ( 70.19974746828131629, 0.7499999999999993339, -6.750000000000000888 ) ) ;
#3931 = ORIENTED_EDGE ( 'NONE', *, *, #5676, .T. ) ;
#3932 = DIRECTION ( 'NONE',  ( -0.000000000000000000, -1.000000000000000000, -0.000000000000000000 ) ) ;
#3933 = EDGE_CURVE ( 'NONE', #4200, #240, #4355, .T. ) ;
#3934 = FACE_OUTER_BOUND ( 'NONE', #1795, .T. ) ;
#3935 = VECTOR ( 'NONE', #5281, 1000.000000000000000 ) ;
#3936 = LINE ( 'NONE', #1318, #4019 ) ;
#3937 = DIRECTION ( 'NONE',  ( -0.000000000000000000, -1.000000000000000000, -0.000000000000000000 ) ) ;
#3938 = PLANE ( 'NONE',  #6163 ) ;
#3939 = CARTESIAN_POINT ( 'NONE',  ( 29.02943725152285737, 1.000000000000000000, -1.599226279114494442 ) ) ;
#3940 = CARTESIAN_POINT ( 'NONE',  ( 46.82809041582061127, 2.599999999999997868, -6.333333333333340143 ) ) ;
#3941 = ORIENTED_EDGE ( 'NONE', *, *, #6022, .F. ) ;
#3942 = DIRECTION ( 'NONE',  ( -0.000000000000000000, 1.000000000000000000, -0.000000000000000000 ) ) ;
#3943 = CARTESIAN_POINT ( 'NONE',  ( -4.065758146820641628E-17, 1.000000000000000000, -3.469446951953614189E-15 ) ) ;
#3944 = EDGE_LOOP ( 'NONE', ( #3566, #3607, #6409, #6491 ) ) ;
#3945 = VERTEX_POINT ( 'NONE', #2409 ) ;
#3946 = LINE ( 'NONE', #845, #6585 ) ;
#3947 = LINE ( 'NONE', #5000, #259 ) ;
#3948 = FACE_OUTER_BOUND ( 'NONE', #3277, .T. ) ;
#3949 = DIRECTION ( 'NONE',  ( -1.169476500658520487E-16, 1.000000000000000000, -0.000000000000000000 ) ) ;
#3950 = CARTESIAN_POINT ( 'NONE',  ( 68.15470053833026043, -3.000000000000000000, -3.000000000000009770 ) ) ;
#3951 = FACE_OUTER_BOUND ( 'NONE', #6293, .T. ) ;
#3952 = ORIENTED_EDGE ( 'NONE', *, *, #31, .F. ) ;
#3953 = VERTEX_POINT ( 'NONE', #5978 ) ;
#3954 = DIRECTION ( 'NONE',  ( -1.000000000000000000, 0.000000000000000000, 0.000000000000000000 ) ) ;
#3955 = ORIENTED_EDGE ( 'NONE', *, *, #5665, .F. ) ;
#3956 = ORIENTED_EDGE ( 'NONE', *, *, #4028, .T. ) ;
#3957 = CIRCLE ( 'NONE', #2985, 1.600000000000002309 ) ;
#3958 = LINE ( 'NONE', #4435, #4419 ) ;
#3959 = EDGE_CURVE ( 'NONE', #407, #4366, #3097, .T. ) ;
#3960 = CARTESIAN_POINT ( 'NONE',  ( 2.433167036926445981, -3.000000000000000444, -2.636170399431046363 ) ) ;
#3961 = ORIENTED_EDGE ( 'NONE', *, *, #1566, .T. ) ;
#3962 = LINE ( 'NONE', #5560, #5977 ) ;
#3963 = ADVANCED_FACE ( 'NONE', ( #1329 ), #3976, .T. ) ;
#3964 = DIRECTION ( 'NONE',  ( 0.000000000000000000, 0.000000000000000000, -1.000000000000000000 ) ) ;
#3965 = CONICAL_SURFACE ( 'NONE', #482, 1.749999999996403321, 0.7853981633974648213 ) ;
#3966 = DIRECTION ( 'NONE',  ( -0.000000000000000000, 1.000000000000000000, -0.000000000000000000 ) ) ;
#3967 = DIRECTION ( 'NONE',  ( -0.4999999999999979461, 0.000000000000000000, 0.8660254037844397068 ) ) ;
#3968 = DIRECTION ( 'NONE',  ( 0.000000000000000000, 0.000000000000000000, 1.000000000000000000 ) ) ;
#3969 = EDGE_CURVE ( 'NONE', #650, #1618, #2816, .T. ) ;
#3970 = AXIS2_PLACEMENT_3D ( 'NONE', #6096, #4005, #2981 ) ;
#3971 = CARTESIAN_POINT ( 'NONE',  ( 75.25000000000001421, 1.000000000000000000, -7.000000000000010658 ) ) ;
#3972 = EDGE_LOOP ( 'NONE', ( #701, #4240, #3723, #5850 ) ) ;
#3973 = DIRECTION ( 'NONE',  ( 4.622038565550839722E-14, 0.000000000000000000, 1.000000000000000000 ) ) ;
#3974 = VERTEX_POINT ( 'NONE', #302 ) ;
#3975 = EDGE_CURVE ( 'NONE', #178, #3045, #5843, .T. ) ;
#3976 = CYLINDRICAL_SURFACE ( 'NONE', #811, 1.999999999996421307 ) ;
#3977 = VECTOR ( 'NONE', #4575, 1000.000000000000000 ) ;
#3978 = ORIENTED_EDGE ( 'NONE', *, *, #6303, .T. ) ;
#3979 = LINE ( 'NONE', #5979, #4426 ) ;
#3980 = CYLINDRICAL_SURFACE ( 'NONE', #6132, 1.100000000000001199 ) ;
#3981 = ORIENTED_EDGE ( 'NONE', *, *, #6303, .F. ) ;
#3982 = VECTOR ( 'NONE', #6639, 1000.000000000000000 ) ;
#3983 = DIRECTION ( 'NONE',  ( 0.000000000000000000, 0.000000000000000000, 1.000000000000000000 ) ) ;
#3984 = VECTOR ( 'NONE', #1080, 1000.000000000000000 ) ;
#3985 = EDGE_CURVE ( 'NONE', #3447, #3188, #2878, .T. ) ;
#3986 = CIRCLE ( 'NONE', #2780, 1.099999999999999423 ) ;
#3987 = ORIENTED_EDGE ( 'NONE', *, *, #1065, .T. ) ;
#3988 = VECTOR ( 'NONE', #5291, 1000.000000000000000 ) ;
#3989 = VERTEX_POINT ( 'NONE', #1358 ) ;
#3990 = CIRCLE ( 'NONE', #520, 0.5000000000000004441 ) ;
#3991 = CARTESIAN_POINT ( 'NONE',  ( 8.000000000000000000, 0.000000000000000000, 1.248999599679684769 ) ) ;
#3992 = CARTESIAN_POINT ( 'NONE',  ( -3.396428424468295404, -3.000000000000000000, -0.2311014799409825959 ) ) ;
#3993 = ORIENTED_EDGE ( 'NONE', *, *, #6208, .F. ) ;
#3994 = CARTESIAN_POINT ( 'NONE',  ( 2.690598923241498408, -1.399999999999999911, -4.000000000000000000 ) ) ;
#3995 = AXIS2_PLACEMENT_3D ( 'NONE', #391, #2462, #456 ) ;
#3996 = DIRECTION ( 'NONE',  ( -0.000000000000000000, 1.000000000000000000, -0.000000000000000000 ) ) ;
#3997 = LINE ( 'NONE', #2427, #2550 ) ;
#3998 = ADVANCED_FACE ( 'NONE', ( #5906 ), #233, .F. ) ;
#3999 = CARTESIAN_POINT ( 'NONE',  ( 68.41421356234859275, 0.7499999999999988898, -6.414213562373094035 ) ) ;
#4000 = EDGE_CURVE ( 'NONE', #2237, #3070, #5947, .T. ) ;
#4001 = PLANE ( 'NONE',  #1605 ) ;
#4002 = CARTESIAN_POINT ( 'NONE',  ( 68.99474601756980974, -2.954129394275436749, 5.544998549288508549 ) ) ;
#4003 = CARTESIAN_POINT ( 'NONE',  ( 28.55802208408694298, 1.000000000000000000, -1.600000000000000311 ) ) ;
#4004 = VECTOR ( 'NONE', #5197, 999.9999999999998863 ) ;
#4005 = DIRECTION ( 'NONE',  ( -0.000000000000000000, -0.000000000000000000, 1.000000000000000000 ) ) ;
#4006 = EDGE_LOOP ( 'NONE', ( #871, #5667 ) ) ;
#4007 = DIRECTION ( 'NONE',  ( 0.000000000000000000, 0.000000000000000000, -1.000000000000000000 ) ) ;
#4008 = ORIENTED_EDGE ( 'NONE', *, *, #5070, .F. ) ;
#4009 = DIRECTION ( 'NONE',  ( 0.000000000000000000, 0.000000000000000000, 1.000000000000000000 ) ) ;
#4010 = ADVANCED_FACE ( 'NONE', ( #263 ), #2340, .T. ) ;
#4011 = CARTESIAN_POINT ( 'NONE',  ( 5.999999999999985789, 1.000000000000000000, 1.600000000000000311 ) ) ;
#4012 = LINE ( 'NONE', #815, #1497 ) ;
#4013 = DIRECTION ( 'NONE',  ( -1.169476500658520487E-16, 1.000000000000000000, -0.000000000000000000 ) ) ;
#4014 = DIRECTION ( 'NONE',  ( -0.9993908270190958731, -0.03489949670249752056, 0.000000000000000000 ) ) ;
#4015 = DIRECTION ( 'NONE',  ( -0.000000000000000000, -1.000000000000000000, -0.000000000000000000 ) ) ;
#4016 = CARTESIAN_POINT ( 'NONE',  ( 68.15470053833026043, -1.399999999999999911, -3.000000000000009770 ) ) ;
#4017 = EDGE_CURVE ( 'NONE', #4053, #5678, #170, .T. ) ;
#4018 = CARTESIAN_POINT ( 'NONE',  ( 69.13908729650148643, 0.7499999999999997780, 5.689339828220187911 ) ) ;
#4019 = VECTOR ( 'NONE', #5461, 1000.000000000000000 ) ;
#4020 = ORIENTED_EDGE ( 'NONE', *, *, #1432, .F. ) ;
#4021 = EDGE_CURVE ( 'NONE', #2619, #3423, #2787, .T. ) ;
#4022 = VECTOR ( 'NONE', #2672, 1000.000000000000000 ) ;
#4023 = ORIENTED_EDGE ( 'NONE', *, *, #4458, .T. ) ;
#4024 = DIRECTION ( 'NONE',  ( -1.000000000000000000, 0.000000000000000000, 0.000000000000000000 ) ) ;
#4025 = VERTEX_POINT ( 'NONE', #6349 ) ;
#4026 = VECTOR ( 'NONE', #4097, 1000.000000000000000 ) ;
#4027 = FACE_OUTER_BOUND ( 'NONE', #2644, .T. ) ;
#4028 = EDGE_CURVE ( 'NONE', #1260, #6328, #1216, .T. ) ;
#4029 = CARTESIAN_POINT ( 'NONE',  ( 44.94974746830583712, 4.949747468305822906, -5.999999999999992006 ) ) ;
#4030 = AXIS2_PLACEMENT_3D ( 'NONE', #2521, #318, #2392 ) ;
#4031 = DIRECTION ( 'NONE',  ( 1.000000000000000000, 1.239088197126289584E-16, 0.000000000000000000 ) ) ;
#4032 = CARTESIAN_POINT ( 'NONE',  ( 1.241386564397081615, -3.000000000000000000, 3.321998427727210323 ) ) ;
#4033 = FACE_OUTER_BOUND ( 'NONE', #453, .T. ) ;
#4034 = ORIENTED_EDGE ( 'NONE', *, *, #910, .T. ) ;
#4035 = CARTESIAN_POINT ( 'NONE',  ( 71.99999999997550049, -2.749999999999992895, -4.000000000000000000 ) ) ;
#4036 = CARTESIAN_POINT ( 'NONE',  ( 2.921165066847095648, -3.000000000000000000, -5.605774835432253465E-16 ) ) ;
#4037 = ORIENTED_EDGE ( 'NONE', *, *, #5941, .F. ) ;
#4038 = VECTOR ( 'NONE', #78, 1000.000000000000000 ) ;
#4039 = FACE_OUTER_BOUND ( 'NONE', #6105, .T. ) ;
#4040 = ORIENTED_EDGE ( 'NONE', *, *, #1894, .T. ) ;
#4041 = CARTESIAN_POINT ( 'NONE',  ( 70.19974746828131629, 0.7499999999999993339, 6.750000000000000888 ) ) ;
#4042 = FACE_BOUND ( 'NONE', #2871, .T. ) ;
#4043 = DIRECTION ( 'NONE',  ( 0.000000000000000000, 0.000000000000000000, 1.000000000000000000 ) ) ;
#4044 = VERTEX_POINT ( 'NONE', #4923 ) ;
#4045 = PLANE ( 'NONE',  #5130 ) ;
#4046 = DIRECTION ( 'NONE',  ( -1.000000000000000000, 0.000000000000000000, 0.000000000000000000 ) ) ;
#4047 = EDGE_CURVE ( 'NONE', #1280, #4236, #1667, .T. ) ;
#4048 = CARTESIAN_POINT ( 'NONE',  ( 0.000000000000000000, 0.000000000000000000, 0.000000000000000000 ) ) ;
#4049 = ORIENTED_EDGE ( 'NONE', *, *, #5831, .T. ) ;
#4050 = DIRECTION ( 'NONE',  ( -0.000000000000000000, -0.000000000000000000, 1.000000000000000000 ) ) ;
#4051 = CARTESIAN_POINT ( 'NONE',  ( 69.04592456312010995, -2.982787092212058067, 5.456354708137905796 ) ) ;
#4052 = EDGE_CURVE ( 'NONE', #789, #2473, #5971, .T. ) ;
#4053 = VERTEX_POINT ( 'NONE', #3387 ) ;
#4054 = EDGE_CURVE ( 'NONE', #4774, #486, #1686, .T. ) ;
#4055 = ORIENTED_EDGE ( 'NONE', *, *, #4421, .F. ) ;
#4056 = DIRECTION ( 'NONE',  ( 1.000000000000000000, 0.000000000000000000, 0.000000000000000000 ) ) ;
#4057 = CARTESIAN_POINT ( 'NONE',  ( 3.623496594642308111, -3.000000000000000000, -4.286263804398663620E-16 ) ) ;
#4058 = EDGE_LOOP ( 'NONE', ( #3279, #6573, #2729, #1712 ) ) ;
#4059 = DIRECTION ( 'NONE',  ( 0.000000000000000000, 0.000000000000000000, -1.000000000000000000 ) ) ;
#4060 = VERTEX_POINT ( 'NONE', #1321 ) ;
#4061 = FACE_OUTER_BOUND ( 'NONE', #2051, .T. ) ;
#4062 = VECTOR ( 'NONE', #3738, 1000.000000000000000 ) ;
#4063 = DIRECTION ( 'NONE',  ( -0.000000000000000000, 0.000000000000000000, 1.000000000000000000 ) ) ;
#4064 = FACE_BOUND ( 'NONE', #961, .T. ) ;
#4065 = CYLINDRICAL_SURFACE ( 'NONE', #265, 2.100000000000003197 ) ;
#4066 = CARTESIAN_POINT ( 'NONE',  ( 18.84529946162074410, -3.000000000000000000, 2.000000000000001776 ) ) ;
#4067 = VERTEX_POINT ( 'NONE', #4889 ) ;
#4068 = CARTESIAN_POINT ( 'NONE',  ( 29.60221954368777730, 1.024770016540743622, 1.595219397892001734 ) ) ;
#4069 = ORIENTED_EDGE ( 'NONE', *, *, #4996, .T. ) ;
#4070 = AXIS2_PLACEMENT_3D ( 'NONE', #385, #245, #796 ) ;
#4071 = ORIENTED_EDGE ( 'NONE', *, *, #3020, .T. ) ;
#4072 = CYLINDRICAL_SURFACE ( 'NONE', #2398, 1.099999999999996758 ) ;
#4073 = VECTOR ( 'NONE', #4992, 1000.000000000000000 ) ;
#4074 = DIRECTION ( 'NONE',  ( -9.244077131101839741E-14, -1.081073097509843417E-29, 1.000000000000000000 ) ) ;
#4075 = DIRECTION ( 'NONE',  ( -0.000000000000000000, 1.000000000000000000, -0.000000000000000000 ) ) ;
#4076 = EDGE_LOOP ( 'NONE', ( #985, #3559, #4159, #1909 ) ) ;
#4077 = LINE ( 'NONE', #3030, #888 ) ;
#4078 = DIRECTION ( 'NONE',  ( 0.000000000000000000, 0.000000000000000000, 1.000000000000000000 ) ) ;
#4079 = ORIENTED_EDGE ( 'NONE', *, *, #580, .F. ) ;
#4080 = AXIS2_PLACEMENT_3D ( 'NONE', #6356, #4336, #2734 ) ;
#4081 = VERTEX_POINT ( 'NONE', #3285 ) ;
#4082 = ADVANCED_FACE ( 'NONE', ( #3875 ), #5398, .F. ) ;
#4083 = DIRECTION ( 'NONE',  ( 0.9876883405951385475, -0.1564344650402255399, 0.000000000000000000 ) ) ;
#4084 = FACE_OUTER_BOUND ( 'NONE', #484, .T. ) ;
#4085 = DIRECTION ( 'NONE',  ( 1.000000000000000000, 1.169476500658520487E-16, -2.305280366746587194E-17 ) ) ;
#4086 = AXIS2_PLACEMENT_3D ( 'NONE', #1660, #2143, #5673 ) ;
#4087 = ORIENTED_EDGE ( 'NONE', *, *, #6244, .T. ) ;
#4088 = DIRECTION ( 'NONE',  ( 1.000000000000000000, 0.000000000000000000, 0.000000000000000000 ) ) ;
#4089 = DIRECTION ( 'NONE',  ( 1.000000000000000000, 1.873501354054951662E-16, 0.000000000000000000 ) ) ;
#4090 = VECTOR ( 'NONE', #3014, 1000.000000000000000 ) ;
#4091 = ADVANCED_FACE ( 'NONE', ( #4955 ), #707, .F. ) ;
#4092 = VERTEX_POINT ( 'NONE', #6405 ) ;
#4093 = VECTOR ( 'NONE', #2529, 1000.000000000000000 ) ;
#4094 = AXIS2_PLACEMENT_3D ( 'NONE', #4361, #3855, #1809 ) ;
#4095 = CARTESIAN_POINT ( 'NONE',  ( 3.845299461620749426, -3.000000000000000000, 5.999999999999998224 ) ) ;
#4096 = VERTEX_POINT ( 'NONE', #1759 ) ;
#4097 = DIRECTION ( 'NONE',  ( 4.622038565550839722E-14, 5.405365487549123900E-30, 1.000000000000000000 ) ) ;
#4098 = ORIENTED_EDGE ( 'NONE', *, *, #5962, .T. ) ;
#4099 = DIRECTION ( 'NONE',  ( -0.4999999999999998335, 0.000000000000000000, -0.8660254037844387076 ) ) ;
#4100 = AXIS2_PLACEMENT_3D ( 'NONE', #813, #3325, #2953 ) ;
#4101 = VERTEX_POINT ( 'NONE', #5898 ) ;
#4102 = CARTESIAN_POINT ( 'NONE',  ( 73.68933982819568485, 0.7500000000000002220, -2.639087296550524986 ) ) ;
#4103 = FACE_OUTER_BOUND ( 'NONE', #3018, .T. ) ;
#4104 = CARTESIAN_POINT ( 'NONE',  ( 21.15470053837925235, -3.000000000000000000, -5.999999999999997335 ) ) ;
#4105 = ORIENTED_EDGE ( 'NONE', *, *, #3004, .T. ) ;
#4106 = DIRECTION ( 'NONE',  ( -1.362023050420387124E-17, 1.000000000000000000, -0.000000000000000000 ) ) ;
#4107 = EDGE_LOOP ( 'NONE', ( #2204, #4665, #2026, #1222 ) ) ;
#4108 = CIRCLE ( 'NONE', #1824, 1.100000000000006306 ) ;
#4109 = DIRECTION ( 'NONE',  ( 1.152640183373293597E-17, -0.000000000000000000, 1.000000000000000000 ) ) ;
#4110 = ORIENTED_EDGE ( 'NONE', *, *, #5495, .F. ) ;
#4111 = LINE ( 'NONE', #6175, #4531 ) ;
#4112 = EDGE_CURVE ( 'NONE', #4371, #667, #1901, .T. ) ;
#4113 = ORIENTED_EDGE ( 'NONE', *, *, #1518, .T. ) ;
#4114 = CARTESIAN_POINT ( 'NONE',  ( 6.171572875254200063, 1.000000000000000000, 11.62741699796965023 ) ) ;
#4115 = AXIS2_PLACEMENT_3D ( 'NONE', #1061, #2046, #1537 ) ;
#4116 = DIRECTION ( 'NONE',  ( -0.000000000000000000, -1.000000000000000000, -0.000000000000000000 ) ) ;
#4117 = DIRECTION ( 'NONE',  ( 9.244077131101839741E-14, 0.000000000000000000, -1.000000000000000000 ) ) ;
#4118 = EDGE_LOOP ( 'NONE', ( #67, #5469, #6180, #3344 ) ) ;
#4119 = CYLINDRICAL_SURFACE ( 'NONE', #717, 0.5000000000000004441 ) ;
#4120 = EDGE_LOOP ( 'NONE', ( #3493, #4037, #5840, #751 ) ) ;
#4121 = FACE_OUTER_BOUND ( 'NONE', #3654, .T. ) ;
#4122 = DIRECTION ( 'NONE',  ( -0.000000000000000000, 1.000000000000000000, -0.000000000000000000 ) ) ;
#4123 = CARTESIAN_POINT ( 'NONE',  ( 72.99999999996465760, 0.9999999999999997780, 4.000000000000000000 ) ) ;
#4124 = ORIENTED_EDGE ( 'NONE', *, *, #1224, .F. ) ;
#4125 = EDGE_CURVE ( 'NONE', #2857, #1157, #4391, .T. ) ;
#4126 = EDGE_CURVE ( 'NONE', #2512, #5698, #2049, .T. ) ;
#4127 = CARTESIAN_POINT ( 'NONE',  ( 38.84529946162074054, -2.000000000000001776, -4.000000000000010658 ) ) ;
#4128 = ORIENTED_EDGE ( 'NONE', *, *, #6702, .T. ) ;
#4129 = CARTESIAN_POINT ( 'NONE',  ( 0.8425634546017276572, -3.000000000000000444, -2.710002986007127301 ) ) ;
#4130 = CARTESIAN_POINT ( 'NONE',  ( 5.999999999999985789, 1.000000000000000000, 1.600000000000000311 ) ) ;
#4131 = VERTEX_POINT ( 'NONE', #3353 ) ;
#4132 = AXIS2_PLACEMENT_3D ( 'NONE', #2858, #3932, #3281 ) ;
#4133 = EDGE_CURVE ( 'NONE', #2455, #1607, #6115, .T. ) ;
#4134 = CARTESIAN_POINT ( 'NONE',  ( 66.99999999997550049, 0.9999999999999991118, -4.999999999999999112 ) ) ;
#4135 = LINE ( 'NONE', #6196, #4632 ) ;
#4136 = AXIS2_PLACEMENT_3D ( 'NONE', #1100, #3179, #591 ) ;
#4137 = ORIENTED_EDGE ( 'NONE', *, *, #962, .T. ) ;
#4138 = CARTESIAN_POINT ( 'NONE',  ( 36.93816614415506194, 0.4849468416247070257, 2.100000000000000089 ) ) ;
#4139 = EDGE_LOOP ( 'NONE', ( #5621, #4381, #3358, #6256 ) ) ;
#4140 = ADVANCED_FACE ( 'NONE', ( #3016 ), #4065, .F. ) ;
#4141 = CARTESIAN_POINT ( 'NONE',  ( 21.15470053837924524, -1.399999999999999911, 2.000000000000001776 ) ) ;
#4142 = ORIENTED_EDGE ( 'NONE', *, *, #5415, .T. ) ;
#4143 = CARTESIAN_POINT ( 'NONE',  ( 66.99999999997550049, -3.000000000000000888, 4.999999999999999112 ) ) ;
#4144 = AXIS2_PLACEMENT_3D ( 'NONE', #1180, #3252, #3801 ) ;
#4145 = FACE_OUTER_BOUND ( 'NONE', #824, .T. ) ;
#4146 = CARTESIAN_POINT ( 'NONE',  ( 39.99999999999999289, 0.000000000000000000, 0.000000000000000000 ) ) ;
#4147 = PLANE ( 'NONE',  #3676 ) ;
#4148 = DIRECTION ( 'NONE',  ( -0.7071067811865445751, 0.000000000000000000, 0.7071067811865504593 ) ) ;
#4149 = EDGE_LOOP ( 'NONE', ( #1527, #2081, #1336, #4432 ) ) ;
#4150 = EDGE_LOOP ( 'NONE', ( #5129, #6413, #4598, #1690 ) ) ;
#4151 = CIRCLE ( 'NONE', #5986, 2.100000000000003197 ) ;
#4152 = DIRECTION ( 'NONE',  ( 1.000000000000000000, 0.000000000000000000, -1.152640183373293597E-17 ) ) ;
#4153 = DIRECTION ( 'NONE',  ( -0.000000000000000000, 1.000000000000000000, -0.000000000000000000 ) ) ;
#4154 = ORIENTED_EDGE ( 'NONE', *, *, #902, .T. ) ;
#4155 = CARTESIAN_POINT ( 'NONE',  ( 62.49999999995100097, 0.9999999999999920064, -6.750000000000007105 ) ) ;
#4156 = ORIENTED_EDGE ( 'NONE', *, *, #3852, .T. ) ;
#4157 = CARTESIAN_POINT ( 'NONE',  ( 2.831048624940999403, -3.000000000000000444, -0.7268269421521538209 ) ) ;
#4158 = ORIENTED_EDGE ( 'NONE', *, *, #4112, .T. ) ;
#4159 = ORIENTED_EDGE ( 'NONE', *, *, #4669, .F. ) ;
#4160 = DIRECTION ( 'NONE',  ( -1.000000000000000000, 0.000000000000000000, -0.000000000000000000 ) ) ;
#4161 = ADVANCED_FACE ( 'NONE', ( #6552 ), #5046, .F. ) ;
#4162 = LINE ( 'NONE', #5627, #2024 ) ;
#4163 = VERTEX_POINT ( 'NONE', #2899 ) ;
#4164 = DIRECTION ( 'NONE',  ( -0.000000000000000000, 1.000000000000000000, -0.000000000000000000 ) ) ;
#4165 = EDGE_LOOP ( 'NONE', ( #2372, #2598, #4071, #5092 ) ) ;
#4166 = CYLINDRICAL_SURFACE ( 'NONE', #6017, 0.5000000000000004441 ) ;
#4167 = LINE ( 'NONE', #5825, #8 ) ;
#4168 = ORIENTED_EDGE ( 'NONE', *, *, #10, .T. ) ;
#4169 = DIRECTION ( 'NONE',  ( -0.000000000000000000, 1.000000000000000000, -0.000000000000000000 ) ) ;
#4170 = EDGE_CURVE ( 'NONE', #5678, #4318, #4946, .T. ) ;
#4171 = CARTESIAN_POINT ( 'NONE',  ( 71.24999999995101518, 0.9790225092205673274, -1.949999999999297629 ) ) ;
#4172 = DIRECTION ( 'NONE',  ( 0.000000000000000000, 0.6427876096865963174, 0.7660444431189300518 ) ) ;
#4173 = AXIS2_PLACEMENT_3D ( 'NONE', #3819, #3267, #5312 ) ;
#4174 = DIRECTION ( 'NONE',  ( -1.000000000000000000, 0.000000000000000000, 1.152640183373293597E-17 ) ) ;
#4175 = VERTEX_POINT ( 'NONE', #2835 ) ;
#4176 = CARTESIAN_POINT ( 'NONE',  ( 38.89999999999999858, 1.347111479062089982E-16, -4.000000000000010658 ) ) ;
#4177 = EDGE_CURVE ( 'NONE', #4599, #342, #1460, .T. ) ;
#4178 = ORIENTED_EDGE ( 'NONE', *, *, #1349, .T. ) ;
#4179 = CARTESIAN_POINT ( 'NONE',  ( 70.02999999995098790, 1.000000000000000222, -0.8249999999993092858 ) ) ;
#4180 = ORIENTED_EDGE ( 'NONE', *, *, #4753, .T. ) ;
#4181 = AXIS2_PLACEMENT_3D ( 'NONE', #1251, #742, #2305 ) ;
#4182 = FACE_OUTER_BOUND ( 'NONE', #2050, .T. ) ;
#4183 = FACE_OUTER_BOUND ( 'NONE', #2705, .T. ) ;
#4184 = CARTESIAN_POINT ( 'NONE',  ( 70.19974746828131629, -3.000000000000000000, -6.750000000000000888 ) ) ;
#4185 = AXIS2_PLACEMENT_3D ( 'NONE', #6648, #3035, #4524 ) ;
#4186 = CIRCLE ( 'NONE', #5163, 0.5000000000000004441 ) ;
#4187 = LINE ( 'NONE', #2628, #4714 ) ;
#4188 = CARTESIAN_POINT ( 'NONE',  ( 64.69059892319249627, -3.000000000000000000, -5.000000000000009770 ) ) ;
#4189 = EDGE_CURVE ( 'NONE', #5552, #230, #4441, .T. ) ;
#4190 = CIRCLE ( 'NONE', #5601, 0.5249999999999976907 ) ;
#4191 = CARTESIAN_POINT ( 'NONE',  ( 71.99999999995098676, 1.000000000000000444, 1.000000000000711209 ) ) ;
#4192 = ORIENTED_EDGE ( 'NONE', *, *, #3273, .T. ) ;
#4193 = VECTOR ( 'NONE', #7, 1000.000000000000000 ) ;
#4194 = CARTESIAN_POINT ( 'NONE',  ( 73.24999999997551470, -2.749999999999992895, 3.699747468330344624 ) ) ;
#4195 = ORIENTED_EDGE ( 'NONE', *, *, #4261, .T. ) ;
#4196 = CIRCLE ( 'NONE', #285, 0.5249999999999976907 ) ;
#4197 = CARTESIAN_POINT ( 'NONE',  ( 68.41421356234859275, 0.7499999999999988898, 6.414213562373091371 ) ) ;
#4198 = AXIS2_PLACEMENT_3D ( 'NONE', #3728, #1290, #6432 ) ;
#4199 = DIRECTION ( 'NONE',  ( 1.000000000000000000, 0.000000000000000000, -2.305280366746587194E-17 ) ) ;
#4200 = VERTEX_POINT ( 'NONE', #3313 ) ;
#4201 = ORIENTED_EDGE ( 'NONE', *, *, #2511, .T. ) ;
#4202 = CARTESIAN_POINT ( 'NONE',  ( 6.154700538379251462, -3.000000000000000000, -5.999999999999998224 ) ) ;
#4203 = ORIENTED_EDGE ( 'NONE', *, *, #2821, .T. ) ;
#4204 = ADVANCED_FACE ( 'NONE', ( #5393, #1285, #5084 ), #1955, .F. ) ;
#4205 = AXIS2_PLACEMENT_3D ( 'NONE', #2390, #4463, #2318 ) ;
#4206 = DIRECTION ( 'NONE',  ( 0.000000000000000000, 0.000000000000000000, 1.000000000000000000 ) ) ;
#4207 = ADVANCED_FACE ( 'NONE', ( #353 ), #2524, .F. ) ;
#4208 = AXIS2_PLACEMENT_3D ( 'NONE', #1839, #1940, #783 ) ;
#4209 = CARTESIAN_POINT ( 'NONE',  ( 19.25735931288080138, -12.25735931288071612, 6.999999999999999112 ) ) ;
#4210 = CARTESIAN_POINT ( 'NONE',  ( 49.37056274847713411, 2.599999999999997868, 4.535533905932741305 ) ) ;
#4211 = CARTESIAN_POINT ( 'NONE',  ( 56.88235931288061664, 25.36764068711931230, -7.000000000000007994 ) ) ;
#4212 = AXIS2_PLACEMENT_3D ( 'NONE', #6505, #1868, #5506 ) ;
#4213 = DIRECTION ( 'NONE',  ( 0.000000000000000000, 0.000000000000000000, -1.000000000000000000 ) ) ;
#4214 = CARTESIAN_POINT ( 'NONE',  ( 63.99999999995097255, -1.000000000000007994, 0.000000000000000000 ) ) ;
#4215 = ORIENTED_EDGE ( 'NONE', *, *, #4985, .T. ) ;
#4216 = AXIS2_PLACEMENT_3D ( 'NONE', #833, #1886, #6465 ) ;
#4217 = PLANE ( 'NONE',  #2139 ) ;
#4218 = CARTESIAN_POINT ( 'NONE',  ( 66.99999999995100097, -1.399999999999999911, 6.100000000000006750 ) ) ;
#4219 = EDGE_CURVE ( 'NONE', #1106, #37, #2007, .T. ) ;
#4220 = DIRECTION ( 'NONE',  ( 1.000000000000000000, 0.000000000000000000, -0.000000000000000000 ) ) ;
#4222 = DIRECTION ( 'NONE',  ( -0.7071067811828690708, -8.269447640496518107E-17, -0.7071067811902260747 ) ) ;
#4221 =( BOUNDED_CURVE ( )  B_SPLINE_CURVE ( 3, ( #4986, #321, #2833, #801 ),
 .UNSPECIFIED., .F., .F. ) 
 B_SPLINE_CURVE_WITH_KNOTS ( ( 4, 4 ),
 ( 1.570796326794893227, 3.141592653589793116 ),
 .UNSPECIFIED. ) 
 CURVE ( )  GEOMETRIC_REPRESENTATION_ITEM ( )  RATIONAL_B_SPLINE_CURVE ( ( 1.000000000000000000, 0.8047378541243641603, 0.8047378541243641603, 1.000000000000000000 ) ) 
 REPRESENTATION_ITEM ( '' )  );
#4223 = DIRECTION ( 'NONE',  ( 0.000000000000000000, 0.000000000000000000, 1.000000000000000000 ) ) ;
#4224 = CARTESIAN_POINT ( 'NONE',  ( 6.154700538379253238, -1.399999999999999911, 2.000000000000000888 ) ) ;
#4225 = ORIENTED_EDGE ( 'NONE', *, *, #610, .F. ) ;
#4226 = ADVANCED_FACE ( 'NONE', ( #2089 ), #4831, .F. ) ;
#4227 = CARTESIAN_POINT ( 'NONE',  ( -1.291860717926051505, -2.999999999999999556, -2.431358285403505626 ) ) ;
#4228 = ORIENTED_EDGE ( 'NONE', *, *, #1051, .F. ) ;
#4229 = B_SPLINE_CURVE_WITH_KNOTS ( 'NONE', 3,
 ( #5797, #1687, #4790, #5198 ),
 .UNSPECIFIED., .F., .F.,
 ( 4, 4 ),
 ( 0.0004761596519472468180, 0.0006346536431723634551 ),
 .UNSPECIFIED. ) ;
#4230 = VERTEX_POINT ( 'NONE', #5750 ) ;
#4231 = CARTESIAN_POINT ( 'NONE',  ( 45.83502884254438925, 4.064466094067268109, 5.999999999999990230 ) ) ;
#4232 = FACE_OUTER_BOUND ( 'NONE', #1032, .T. ) ;
#4233 = VERTEX_POINT ( 'NONE', #662 ) ;
#4234 = LINE ( 'NONE', #5822, #2592 ) ;
#4235 = CARTESIAN_POINT ( 'NONE',  ( 71.99999999997550049, 0.7499999999999993339, 4.000000000000000000 ) ) ;
#4236 = VERTEX_POINT ( 'NONE', #5780 ) ;
#4237 = LINE ( 'NONE', #4815, #6439 ) ;
#4238 = CIRCLE ( 'NONE', #438, 0.5249999999999976907 ) ;
#4239 = DIRECTION ( 'NONE',  ( 0.000000000000000000, 0.000000000000000000, 1.000000000000000000 ) ) ;
#4240 = ORIENTED_EDGE ( 'NONE', *, *, #217, .F. ) ;
#4241 = ADVANCED_FACE ( 'NONE', ( #593 ), #4773, .F. ) ;
#4242 = FACE_OUTER_BOUND ( 'NONE', #1508, .T. ) ;
#4243 = CARTESIAN_POINT ( 'NONE',  ( 17.69059892324149175, -1.399999999999999911, -3.999999999999998224 ) ) ;
#4244 = DIRECTION ( 'NONE',  ( 1.000000000000000000, 0.000000000000000000, -1.203873754668172080E-11 ) ) ;
#4245 = DIRECTION ( 'NONE',  ( 1.000000000000000000, 0.000000000000000000, -1.152640183373293597E-17 ) ) ;
#4246 = CARTESIAN_POINT ( 'NONE',  ( 74.74999999997550049, 1.000000000000000000, 3.699747468330339739 ) ) ;
#4247 = ORIENTED_EDGE ( 'NONE', *, *, #4630, .F. ) ;
#4248 = DIRECTION ( 'NONE',  ( 0.000000000000000000, 0.000000000000000000, -1.000000000000000000 ) ) ;
#4249 = ORIENTED_EDGE ( 'NONE', *, *, #2611, .F. ) ;
#4250 = VERTEX_POINT ( 'NONE', #4130 ) ;
#4251 = FACE_BOUND ( 'NONE', #6179, .T. ) ;
#4252 = DIRECTION ( 'NONE',  ( -0.5773502691896268413, -0.5773502691896249539, -0.5773502691896253980 ) ) ;
#4253 = AXIS2_PLACEMENT_3D ( 'NONE', #3930, #5991, #1341 ) ;
#4254 = EDGE_CURVE ( 'NONE', #5609, #1208, #792, .T. ) ;
#4255 = EDGE_CURVE ( 'NONE', #6201, #5251, #3828, .T. ) ;
#4256 = CARTESIAN_POINT ( 'NONE',  ( 21.15470053837924880, -1.399999999999999911, -1.999999999999998224 ) ) ;
#4257 = VECTOR ( 'NONE', #5166, 1000.000000000000000 ) ;
#4258 = DIRECTION ( 'NONE',  ( 4.336808689942017736E-15, -1.000000000000000000, -9.997559927259321876E-32 ) ) ;
#4259 = CARTESIAN_POINT ( 'NONE',  ( 32.51471862576145355, 0.9999999999999995559, 6.999999999999999112 ) ) ;
#4260 = ORIENTED_EDGE ( 'NONE', *, *, #3638, .T. ) ;
#4261 = EDGE_CURVE ( 'NONE', #3807, #3953, #4431, .T. ) ;
#4262 = EDGE_LOOP ( 'NONE', ( #976, #1017, #2687, #123 ) ) ;
#4263 = DIRECTION ( 'NONE',  ( -0.000000000000000000, 1.000000000000000000, -0.000000000000000000 ) ) ;
#4264 = ADVANCED_FACE ( 'NONE', ( #654 ), #3298, .F. ) ;
#4265 = ORIENTED_EDGE ( 'NONE', *, *, #2712, .T. ) ;
#4266 = ORIENTED_EDGE ( 'NONE', *, *, #4254, .T. ) ;
#4267 = CARTESIAN_POINT ( 'NONE',  ( 23.49999999999999645, 0.9999999999999958922, 0.000000000000000000 ) ) ;
#4268 =( NAMED_UNIT ( * ) PLANE_ANGLE_UNIT ( ) SI_UNIT ( $, .RADIAN. ) );
#4269 = ORIENTED_EDGE ( 'NONE', *, *, #6382, .T. ) ;
#4270 = CARTESIAN_POINT ( 'NONE',  ( 34.26002802492879340, -3.000000000000000000, -1.230151519016500883 ) ) ;
#4271 = DIRECTION ( 'NONE',  ( 1.000000000000000000, 0.000000000000000000, 0.000000000000000000 ) ) ;
#4272 = ORIENTED_EDGE ( 'NONE', *, *, #3726, .T. ) ;
#4273 = CARTESIAN_POINT ( 'NONE',  ( 70.19974746828131629, 0.9999999999999993339, -4.999999999999999112 ) ) ;
#4274 = DIRECTION ( 'NONE',  ( 1.000000000000000000, 0.000000000000000000, -1.204114654687106238E-11 ) ) ;
#4275 = DIRECTION ( 'NONE',  ( -8.512590261707327047E-12, -0.7071067811865486830, -0.7071067811865464625 ) ) ;
#4276 = DIRECTION ( 'NONE',  ( 1.000000000000000000, 0.000000000000000000, -1.152640183373293597E-17 ) ) ;
#4277 = CARTESIAN_POINT ( 'NONE',  ( 70.02999999995098790, 0.9790225092205673274, 0.2000000000006888767 ) ) ;
#4278 = VERTEX_POINT ( 'NONE', #6543 ) ;
#4279 = DIRECTION ( 'NONE',  ( 0.000000000000000000, 0.000000000000000000, 1.000000000000000000 ) ) ;
#4280 = ORIENTED_EDGE ( 'NONE', *, *, #3335, .T. ) ;
#4281 = ORIENTED_EDGE ( 'NONE', *, *, #2095, .T. ) ;
#4282 = ORIENTED_EDGE ( 'NONE', *, *, #5090, .T. ) ;
#4283 = DIRECTION ( 'NONE',  ( 0.000000000000000000, 0.000000000000000000, 1.000000000000000000 ) ) ;
#4284 = CARTESIAN_POINT ( 'NONE',  ( 71.99999999999745626, 0.9999999999999995559, 4.999999999978325782 ) ) ;
#4285 = CARTESIAN_POINT ( 'NONE',  ( 2.690598923241498852, -1.399999999999999911, 3.999999999999998224 ) ) ;
#4286 = AXIS2_PLACEMENT_3D ( 'NONE', #6584, #4015, #6612 ) ;
#4287 = EDGE_CURVE ( 'NONE', #2245, #486, #4935, .T. ) ;
#4288 = DIRECTION ( 'NONE',  ( 0.4999999999999958922, -0.4999999999999946709, -0.7071067811865541231 ) ) ;
#4289 = EDGE_CURVE ( 'NONE', #4777, #5781, #2861, .T. ) ;
#4290 = CARTESIAN_POINT ( 'NONE',  ( 44.94974746830583712, 4.949747468305823794, -5.999999999999992006 ) ) ;
#4291 = AXIS2_PLACEMENT_3D ( 'NONE', #3971, #6667, #494 ) ;
#4292 = ORIENTED_EDGE ( 'NONE', *, *, #3228, .T. ) ;
#4293 = CARTESIAN_POINT ( 'NONE',  ( 45.97729474326715859, 3.922200193344496544, -0.7499514434536359575 ) ) ;
#4294 = ORIENTED_EDGE ( 'NONE', *, *, #1663, .T. ) ;
#4295 = ADVANCED_FACE ( 'NONE', ( #3631 ), #3965, .T. ) ;
#4296 = AXIS2_PLACEMENT_3D ( 'NONE', #4134, #3083, #4031 ) ;
#4297 = ORIENTED_EDGE ( 'NONE', *, *, #3261, .T. ) ;
#4298 = DIRECTION ( 'NONE',  ( -1.000000000000000000, 0.000000000000000000, 0.000000000000000000 ) ) ;
#4299 = LINE ( 'NONE', #5786, #1599 ) ;
#4300 = VERTEX_POINT ( 'NONE', #4555 ) ;
#4301 = CIRCLE ( 'NONE', #4086, 1.100000000000003642 ) ;
#4302 = AXIS2_PLACEMENT_3D ( 'NONE', #1448, #5596, #939 ) ;
#4303 = CARTESIAN_POINT ( 'NONE',  ( 5.000000000000000000, 1.000000000000000000, 5.100000000000001421 ) ) ;
#4304 = ORIENTED_EDGE ( 'NONE', *, *, #3792, .T. ) ;
#4305 = DIRECTION ( 'NONE',  ( -0.7071067811865475727, -0.7071067811865475727, 0.000000000000000000 ) ) ;
#4306 = ADVANCED_FACE ( 'NONE', ( #6142 ), #984, .F. ) ;
#4307 = LINE ( 'NONE', #2711, #5519 ) ;
#4308 = AXIS2_PLACEMENT_3D ( 'NONE', #2602, #4673, #2498 ) ;
#4309 = CYLINDRICAL_SURFACE ( 'NONE', #556, 1.099999999999999423 ) ;
#4310 = CARTESIAN_POINT ( 'NONE',  ( 19.99999999999999645, -3.000000000000000888, 4.000000000000000000 ) ) ;
#4311 = CARTESIAN_POINT ( 'NONE',  ( 22.49999999999999645, 0.000000000000000000, -1.248999599679684991 ) ) ;
#4312 = CARTESIAN_POINT ( 'NONE',  ( 18.84529946162074410, -1.399999999999999911, 5.999999999999994671 ) ) ;
#4313 = CARTESIAN_POINT ( 'NONE',  ( 18.84529946162074410, -1.399999999999999911, 5.999999999999994671 ) ) ;
#4314 = ORIENTED_EDGE ( 'NONE', *, *, #2834, .T. ) ;
#4315 = VECTOR ( 'NONE', #1268, 1000.000000000000000 ) ;
#4316 = CARTESIAN_POINT ( 'NONE',  ( 16.49999999999999645, 0.000000000000000000, 2.000000000000000888 ) ) ;
#4317 = ORIENTED_EDGE ( 'NONE', *, *, #4829, .F. ) ;
#4318 = VERTEX_POINT ( 'NONE', #1964 ) ;
#4319 = ORIENTED_EDGE ( 'NONE', *, *, #3261, .F. ) ;
#4320 = CARTESIAN_POINT ( 'NONE',  ( 0.000000000000000000, -1.399999999999999911, 0.000000000000000000 ) ) ;
#4321 = VECTOR ( 'NONE', #3882, 1000.000000000000000 ) ;
#4322 = DIRECTION ( 'NONE',  ( 0.5000000000000008882, 0.7071067811865436870, 0.5000000000000045519 ) ) ;
#4323 = CIRCLE ( 'NONE', #4208, 37.19999999999999574 ) ;
#4324 = EDGE_LOOP ( 'NONE', ( #3768, #3023, #5727, #693, #5457, #6291 ) ) ;
#4325 = EDGE_CURVE ( 'NONE', #6436, #3783, #2738, .T. ) ;
#4326 = CIRCLE ( 'NONE', #5951, 1.100000000000001199 ) ;
#4327 = DIRECTION ( 'NONE',  ( 0.7071067811865445751, 6.162975822039154046E-33, -0.7071067811865504593 ) ) ;
#4328 = ORIENTED_EDGE ( 'NONE', *, *, #1841, .T. ) ;
#4329 = LINE ( 'NONE', #5914, #1927 ) ;
#4330 = VECTOR ( 'NONE', #2104, 999.9999999999998863 ) ;
#4331 = VERTEX_POINT ( 'NONE', #4467 ) ;
#4332 = CARTESIAN_POINT ( 'NONE',  ( 6.154700538379250574, -1.399999999999999911, -2.000000000000000000 ) ) ;
#4333 = DIRECTION ( 'NONE',  ( 0.000000000000000000, 1.000000000000000000, 0.000000000000000000 ) ) ;
#4334 = EDGE_CURVE ( 'NONE', #5662, #808, #1884, .T. ) ;
#4335 = ORIENTED_EDGE ( 'NONE', *, *, #1584, .T. ) ;
#4336 = DIRECTION ( 'NONE',  ( -6.194539925905179765E-17, -0.7071067811865472397, -0.7071067811865479058 ) ) ;
#4337 = EDGE_LOOP ( 'NONE', ( #5989, #1524, #226, #2205 ) ) ;
#4338 = CARTESIAN_POINT ( 'NONE',  ( 66.99999999995100097, -3.000000000000001332, 3.899999999999993694 ) ) ;
#4339 = CARTESIAN_POINT ( 'NONE',  ( 44.94974746830583712, 4.949747468305822906, 1.307530621479054300 ) ) ;
#4340 = ORIENTED_EDGE ( 'NONE', *, *, #3002, .T. ) ;
#4341 = DIRECTION ( 'NONE',  ( -1.169476500658520487E-16, 1.000000000000000000, -0.000000000000000000 ) ) ;
#4342 = ADVANCED_FACE ( 'NONE', ( #3951 ), #5007, .F. ) ;
#4343 = CARTESIAN_POINT ( 'NONE',  ( 18.84529946162074410, -1.399999999999999911, -1.999999999999998224 ) ) ;
#4344 = DIRECTION ( 'NONE',  ( 0.7071067811865474617, -0.7071067811865474617, -1.630079379862723194E-17 ) ) ;
#4345 = PLANE ( 'NONE',  #3003 ) ;
#4346 = EDGE_CURVE ( 'NONE', #1707, #6260, #6012, .T. ) ;
#4347 = DIRECTION ( 'NONE',  ( 0.8660254037844385966, -0.000000000000000000, 0.5000000000000001110 ) ) ;
#4348 = CARTESIAN_POINT ( 'NONE',  ( 41.09999999999998721, 0.000000000000000000, 2.099999999999999645 ) ) ;
#4349 = VERTEX_POINT ( 'NONE', #2444 ) ;
#4350 = DIRECTION ( 'NONE',  ( 0.000000000000000000, 0.000000000000000000, 1.000000000000000000 ) ) ;
#4351 = ORIENTED_EDGE ( 'NONE', *, *, #1601, .T. ) ;
#4352 = ORIENTED_EDGE ( 'NONE', *, *, #1432, .T. ) ;
#4353 = ADVANCED_FACE ( 'NONE', ( #1364 ), #5690, .F. ) ;
#4354 = CIRCLE ( 'NONE', #2823, 0.5249999999999976907 ) ;
#4355 = LINE ( 'NONE', #2919, #4937 ) ;
#4356 = CARTESIAN_POINT ( 'NONE',  ( 66.99999999995100097, -3.000000000000001332, -5.000000000000000000 ) ) ;
#4357 = DIRECTION ( 'NONE',  ( -1.169476500658520487E-16, 1.000000000000000000, -0.000000000000000000 ) ) ;
#4358 = ORIENTED_EDGE ( 'NONE', *, *, #5023, .F. ) ;
#4359 = CYLINDRICAL_SURFACE ( 'NONE', #5449, 6.999999999999999112 ) ;
#4360 = AXIS2_PLACEMENT_3D ( 'NONE', #3763, #2302, #6431 ) ;
#4361 = CARTESIAN_POINT ( 'NONE',  ( 71.24999999995101518, -3.000000000000000888, -1.449999999999297184 ) ) ;
#4362 = ORIENTED_EDGE ( 'NONE', *, *, #3133, .T. ) ;
#4363 = VECTOR ( 'NONE', #6011, 1000.000000000000000 ) ;
#4364 = ADVANCED_BREP_SHAPE_REPRESENTATION ( 'JigUp', ( #2116, #3367 ), #4457 ) ;
#4365 = DIRECTION ( 'NONE',  ( -1.000000000000000000, 0.000000000000000000, 0.000000000000000000 ) ) ;
#4366 = VERTEX_POINT ( 'NONE', #5037 ) ;
#4367 = DIRECTION ( 'NONE',  ( -1.000000000000000000, -1.169476500658520487E-16, 2.305280366746587194E-17 ) ) ;
#4368 = CARTESIAN_POINT ( 'NONE',  ( 49.37056274847713411, 2.599999999999997868, -4.535533905932698673 ) ) ;
#4369 = ORIENTED_EDGE ( 'NONE', *, *, #1394, .F. ) ;
#4370 = FACE_OUTER_BOUND ( 'NONE', #3909, .T. ) ;
#4371 = VERTEX_POINT ( 'NONE', #1906 ) ;
#4372 = CARTESIAN_POINT ( 'NONE',  ( 65.84529946157175573, -1.399999999999999911, -3.000000000000010214 ) ) ;
#4373 = DIRECTION ( 'NONE',  ( 0.000000000000000000, 0.000000000000000000, -1.000000000000000000 ) ) ;
#4374 = EDGE_CURVE ( 'NONE', #2824, #3789, #2988, .T. ) ;
#4375 = DIRECTION ( 'NONE',  ( 1.000000000000000000, 1.169476500658520487E-16, -1.204114654687106238E-11 ) ) ;
#4376 = DIRECTION ( 'NONE',  ( 0.000000000000000000, 0.000000000000000000, 1.000000000000000000 ) ) ;
#4377 = CARTESIAN_POINT ( 'NONE',  ( 70.19974746828131629, 0.7499999999999997780, 6.750000000000000888 ) ) ;
#4378 = CARTESIAN_POINT ( 'NONE',  ( 75.25000000000001421, 7.000000000000000000, -7.000000000000007994 ) ) ;
#4379 = ORIENTED_EDGE ( 'NONE', *, *, #4610, .T. ) ;
#4380 = DIRECTION ( 'NONE',  ( 0.000000000000000000, 0.000000000000000000, 1.000000000000000000 ) ) ;
#4381 = ORIENTED_EDGE ( 'NONE', *, *, #5715, .T. ) ;
#4382 = ORIENTED_EDGE ( 'NONE', *, *, #768, .F. ) ;
#4383 = EDGE_CURVE ( 'NONE', #2488, #4978, #1973, .T. ) ;
#4384 = ORIENTED_EDGE ( 'NONE', *, *, #4945, .F. ) ;
#4385 = CARTESIAN_POINT ( 'NONE',  ( 39.99999999999999289, 0.000000000000000000, 2.100000000000000089 ) ) ;
#4386 = CARTESIAN_POINT ( 'NONE',  ( 35.75735931288070901, 4.242640687119264342, 6.999999999999999112 ) ) ;
#4387 = EDGE_CURVE ( 'NONE', #2338, #953, #952, .T. ) ;
#4388 = CARTESIAN_POINT ( 'NONE',  ( 68.15470053833026043, -1.399999999999999911, 3.000000000000009770 ) ) ;
#4389 = CARTESIAN_POINT ( 'NONE',  ( 21.15470053837924169, -1.399999999999999911, 5.999999999999998224 ) ) ;
#4390 = VECTOR ( 'NONE', #5878, 1000.000000000000000 ) ;
#4391 = CIRCLE ( 'NONE', #4501, 1.499999999999996225 ) ;
#4392 = ORIENTED_EDGE ( 'NONE', *, *, #4518, .T. ) ;
#4393 = CARTESIAN_POINT ( 'NONE',  ( 46.41934106623355660, 3.563021292192622980, -0.3733985641684164913 ) ) ;
#4394 = EDGE_LOOP ( 'NONE', ( #2681, #4413, #4369, #4488 ) ) ;
#4395 = ADVANCED_FACE ( 'NONE', ( #2098 ), #4166, .F. ) ;
#4396 = VERTEX_POINT ( 'NONE', #3798 ) ;
#4397 = AXIS2_PLACEMENT_3D ( 'NONE', #2583, #4656, #5139 ) ;
#4398 = LINE ( 'NONE', #1463, #3749 ) ;
#4399 = CARTESIAN_POINT ( 'NONE',  ( 66.99999999995100097, 0.9999999999999995559, -5.000000000000000000 ) ) ;
#4400 = FACE_OUTER_BOUND ( 'NONE', #4262, .T. ) ;
#4401 = ORIENTED_EDGE ( 'NONE', *, *, #3469, .T. ) ;
#4402 = DIRECTION ( 'NONE',  ( 0.000000000000000000, 0.000000000000000000, 1.000000000000000000 ) ) ;
#4403 = LINE ( 'NONE', #1825, #5619 ) ;
#4404 = DIRECTION ( 'NONE',  ( -0.000000000000000000, 1.000000000000000000, -0.000000000000000000 ) ) ;
#4405 = CIRCLE ( 'NONE', #2669, 0.5249999999999976907 ) ;
#4406 = DIRECTION ( 'NONE',  ( -1.000000000000000000, 0.000000000000000000, 0.000000000000000000 ) ) ;
#4407 = PLANE ( 'NONE',  #6551 ) ;
#4408 = ORIENTED_EDGE ( 'NONE', *, *, #1509, .F. ) ;
#4409 = CARTESIAN_POINT ( 'NONE',  ( 21.15470053837925235, -1.399999999999999911, -5.999999999999997335 ) ) ;
#4410 = EDGE_CURVE ( 'NONE', #4445, #594, #1209, .T. ) ;
#4411 = DIRECTION ( 'NONE',  ( 0.000000000000000000, 1.000000000000000000, 0.000000000000000000 ) ) ;
#4412 = VERTEX_POINT ( 'NONE', #5295 ) ;
#4413 = ORIENTED_EDGE ( 'NONE', *, *, #1102, .F. ) ;
#4414 = VECTOR ( 'NONE', #290, 1000.000000000000000 ) ;
#4415 = EDGE_CURVE ( 'NONE', #1057, #1188, #1109, .T. ) ;
#4416 = VECTOR ( 'NONE', #6200, 999.9999999999998863 ) ;
#4417 = DIRECTION ( 'NONE',  ( 0.000000000000000000, 0.000000000000000000, 1.000000000000000000 ) ) ;
#4418 = DIRECTION ( 'NONE',  ( -1.000000000000000000, 0.000000000000000000, 0.000000000000000000 ) ) ;
#4419 = VECTOR ( 'NONE', #6023, 1000.000000000000000 ) ;
#4420 = ORIENTED_EDGE ( 'NONE', *, *, #2552, .F. ) ;
#4421 = EDGE_CURVE ( 'NONE', #1400, #4750, #1244, .T. ) ;
#4422 = CARTESIAN_POINT ( 'NONE',  ( 52.74999999999998579, 2.349999999999996536, 6.999999999999998224 ) ) ;
#4423 = CARTESIAN_POINT ( 'NONE',  ( 18.84529946162074410, -3.000000000000000000, -1.999999999999998224 ) ) ;
#4424 = CIRCLE ( 'NONE', #1286, 1.600000000000000311 ) ;
#4425 = CARTESIAN_POINT ( 'NONE',  ( 21.15470053837925235, -1.399999999999999911, -5.999999999999997335 ) ) ;
#4426 = VECTOR ( 'NONE', #6609, 1000.000000000000000 ) ;
#4427 = EDGE_CURVE ( 'NONE', #2971, #6590, #602, .T. ) ;
#4428 = AXIS2_PLACEMENT_3D ( 'NONE', #5651, #2426, #5589 ) ;
#4429 = VERTEX_POINT ( 'NONE', #2891 ) ;
#4430 = CARTESIAN_POINT ( 'NONE',  ( 46.12469859987795928, 3.792190342986757834, -0.6354420990499434208 ) ) ;
#4431 = LINE ( 'NONE', #2385, #1567 ) ;
#4432 = ORIENTED_EDGE ( 'NONE', *, *, #6442, .F. ) ;
#4433 = ORIENTED_EDGE ( 'NONE', *, *, #2429, .T. ) ;
#4434 = CIRCLE ( 'NONE', #2367, 36.49999999999999289 ) ;
#4435 = CARTESIAN_POINT ( 'NONE',  ( -3.944185234196164515E-16, 2.350000000000000533, 6.999999999999999112 ) ) ;
#4436 = ADVANCED_FACE ( 'NONE', ( #1368 ), #2931, .F. ) ;
#4437 = DIRECTION ( 'NONE',  ( -0.4999999999999998890, 0.000000000000000000, -0.8660254037844387076 ) ) ;
#4438 = DIRECTION ( 'NONE',  ( 1.000000000000000000, 0.000000000000000000, 0.000000000000000000 ) ) ;
#4439 = ORIENTED_EDGE ( 'NONE', *, *, #4672, .T. ) ;
#4440 = PLANE ( 'NONE',  #1095 ) ;
#4441 = LINE ( 'NONE', #1246, #5480 ) ;
#4442 = CARTESIAN_POINT ( 'NONE',  ( 64.69059892319249627, -1.399999999999999911, 4.999999999999998224 ) ) ;
#4443 = DIRECTION ( 'NONE',  ( -0.000000000000000000, 1.000000000000000000, -0.000000000000000000 ) ) ;
#4444 = DIRECTION ( 'NONE',  ( 0.4999999999999996669, 0.000000000000000000, 0.8660254037844388186 ) ) ;
#4445 = VERTEX_POINT ( 'NONE', #2949 ) ;
#4446 = DIRECTION ( 'NONE',  ( 0.000000000000000000, 0.000000000000000000, -1.000000000000000000 ) ) ;
#4447 = ORIENTED_EDGE ( 'NONE', *, *, #2986, .T. ) ;
#4448 = EDGE_LOOP ( 'NONE', ( #4154, #729, #3779, #3389 ) ) ;
#4449 = FACE_OUTER_BOUND ( 'NONE', #907, .T. ) ;
#4450 = VERTEX_POINT ( 'NONE', #6534 ) ;
#4451 = DIRECTION ( 'NONE',  ( 0.000000000000000000, 1.000000000000000000, 0.000000000000000000 ) ) ;
#4452 = DIRECTION ( 'NONE',  ( 0.4999999999999992784, 0.8660254037844390407, 0.000000000000000000 ) ) ;
#4453 = LINE ( 'NONE', #237, #5879 ) ;
#4454 = VECTOR ( 'NONE', #3691, 1000.000000000000114 ) ;
#4455 = EDGE_CURVE ( 'NONE', #1421, #1543, #57, .T. ) ;
#4456 = VERTEX_POINT ( 'NONE', #2872 ) ;
#4457 =( GEOMETRIC_REPRESENTATION_CONTEXT ( 3 ) GLOBAL_UNCERTAINTY_ASSIGNED_CONTEXT ( ( #1426 ) ) GLOBAL_UNIT_ASSIGNED_CONTEXT ( ( #2288, #2517, #1981 ) ) REPRESENTATION_CONTEXT ( 'NONE', 'WORKASPACE' ) );
#4458 = EDGE_CURVE ( 'NONE', #3953, #6285, #360, .T. ) ;
#4459 = EDGE_LOOP ( 'NONE', ( #3256, #3754, #2544, #2791 ) ) ;
#4460 = VERTEX_POINT ( 'NONE', #3867 ) ;
#4461 = EDGE_CURVE ( 'NONE', #1187, #4396, #2937, .T. ) ;
#4462 = ORIENTED_EDGE ( 'NONE', *, *, #5900, .T. ) ;
#4463 = DIRECTION ( 'NONE',  ( -0.000000000000000000, 1.000000000000000000, -0.000000000000000000 ) ) ;
#4464 = EDGE_CURVE ( 'NONE', #5778, #3184, #6385, .T. ) ;
#4465 = DIRECTION ( 'NONE',  ( -0.4999999999999997224, 0.000000000000000000, -0.8660254037844388186 ) ) ;
#4466 = VERTEX_POINT ( 'NONE', #1887 ) ;
#4467 = CARTESIAN_POINT ( 'NONE',  ( 66.99999999997550049, 0.9999999999999991118, 6.750000000000000888 ) ) ;
#4468 = FACE_OUTER_BOUND ( 'NONE', #6041, .T. ) ;
#4469 = DIRECTION ( 'NONE',  ( -0.03489949670249701402, 0.9993908270190957621, 0.000000000000000000 ) ) ;
#4470 = CARTESIAN_POINT ( 'NONE',  ( 75.25000000000001421, -3.000000000000000000, -0.2500000000000000000 ) ) ;
#4471 = VECTOR ( 'NONE', #884, 1000.000000000000114 ) ;
#4472 = CARTESIAN_POINT ( 'NONE',  ( 73.97999999995100495, -3.000000000000000000, -0.3299999999992652699 ) ) ;
#4473 = LINE ( 'NONE', #1447, #2887 ) ;
#4474 = CARTESIAN_POINT ( 'NONE',  ( 52.99999999999998579, 2.599999999999997424, -7.000000000000010658 ) ) ;
#4475 = ORIENTED_EDGE ( 'NONE', *, *, #5715, .F. ) ;
#4476 = DIRECTION ( 'NONE',  ( -0.000000000000000000, -1.000000000000000000, -0.000000000000000000 ) ) ;
#4477 = ORIENTED_EDGE ( 'NONE', *, *, #2088, .T. ) ;
#4478 = ORIENTED_EDGE ( 'NONE', *, *, #4913, .F. ) ;
#4479 = DIRECTION ( 'NONE',  ( -1.000000000000000000, 0.000000000000000000, -0.000000000000000000 ) ) ;
#4480 = EDGE_CURVE ( 'NONE', #5522, #2695, #2660, .T. ) ;
#4481 = CARTESIAN_POINT ( 'NONE',  ( 73.24999999997548628, -3.000000000000000000, 4.000000000000000000 ) ) ;
#4482 = DIRECTION ( 'NONE',  ( 0.000000000000000000, 0.000000000000000000, 1.000000000000000000 ) ) ;
#4483 = CARTESIAN_POINT ( 'NONE',  ( 66.99999999995100097, -3.000000000000001332, 5.000000000000000000 ) ) ;
#4484 = EDGE_LOOP ( 'NONE', ( #5944, #6463, #1282, #3531, #5237, #4927 ) ) ;
#4485 = CARTESIAN_POINT ( 'NONE',  ( 3.845299461620749870, -3.000000000000000000, 2.000000000000000888 ) ) ;
#4486 = CARTESIAN_POINT ( 'NONE',  ( 71.99999999995094413, 1.000000000000000444, 4.000000000000711431 ) ) ;
#4487 = CARTESIAN_POINT ( 'NONE',  ( 68.15470053833024622, -1.399999999999999911, 7.000000000000013323 ) ) ;
#4488 = ORIENTED_EDGE ( 'NONE', *, *, #2968, .F. ) ;
#4489 = EDGE_CURVE ( 'NONE', #1106, #117, #3997, .T. ) ;
#4490 = SHAPE_DEFINITION_REPRESENTATION ( #343, #4364 ) ;
#4491 = EDGE_CURVE ( 'NONE', #5434, #711, #2995, .T. ) ;
#4492 = ORIENTED_EDGE ( 'NONE', *, *, #1114, .F. ) ;
#4493 = VECTOR ( 'NONE', #3394, 1000.000000000000000 ) ;
#4494 = DIRECTION ( 'NONE',  ( -0.000000000000000000, -1.000000000000000000, -0.000000000000000000 ) ) ;
#4495 = DIRECTION ( 'NONE',  ( 0.000000000000000000, 0.000000000000000000, -1.000000000000000000 ) ) ;
#4496 = ORIENTED_EDGE ( 'NONE', *, *, #5005, .T. ) ;
#4497 = EDGE_CURVE ( 'NONE', #1157, #953, #1412, .T. ) ;
#4498 = CARTESIAN_POINT ( 'NONE',  ( 19.99999999999999645, -1.399999999999999911, 4.000000000000000000 ) ) ;
#4499 = FACE_OUTER_BOUND ( 'NONE', #4943, .T. ) ;
#4500 = DIRECTION ( 'NONE',  ( 0.4226182617406977204, 0.9063077870366508249, 0.000000000000000000 ) ) ;
#4501 = AXIS2_PLACEMENT_3D ( 'NONE', #4377, #5937, #1292 ) ;
#4502 = CARTESIAN_POINT ( 'NONE',  ( 70.19974746828131629, -3.000000000000000000, 6.750000000000000888 ) ) ;
#4503 = CARTESIAN_POINT ( 'NONE',  ( 70.02999999995098790, 1.000000000000000222, 0.2250000000006861234 ) ) ;
#4504 = CARTESIAN_POINT ( 'NONE',  ( 36.93816614415506194, 0.4849468416247069702, 0.000000000000000000 ) ) ;
#4505 = CIRCLE ( 'NONE', #2445, 2.000000000000001776 ) ;
#4506 = CIRCLE ( 'NONE', #2869, 1.750000000000001554 ) ;
#4507 = CARTESIAN_POINT ( 'NONE',  ( 0.000000000000000000, 0.000000000000000000, 0.000000000000000000 ) ) ;
#4508 = ORIENTED_EDGE ( 'NONE', *, *, #3414, .T. ) ;
#4509 = EDGE_CURVE ( 'NONE', #1770, #3564, #3742, .T. ) ;
#4510 = CARTESIAN_POINT ( 'NONE',  ( -2.694730353990997695, -3.000000000000000000, -2.065092699462048240E-20 ) ) ;
#4511 = ORIENTED_EDGE ( 'NONE', *, *, #4623, .T. ) ;
#4512 = DIRECTION ( 'NONE',  ( 1.000000000000000000, 1.873501354054951662E-16, 0.000000000000000000 ) ) ;
#4513 = CARTESIAN_POINT ( 'NONE',  ( 72.99999999997547206, -3.000000000000000000, -4.000000000000000000 ) ) ;
#4514 = VECTOR ( 'NONE', #1575, 1000.000000000000114 ) ;
#4515 = CARTESIAN_POINT ( 'NONE',  ( 75.25000000014448176, 1.000000000000000000, 4.999999999939199746 ) ) ;
#4516 = LINE ( 'NONE', #1942, #2999 ) ;
#4517 = VERTEX_POINT ( 'NONE', #6561 ) ;
#4518 = EDGE_CURVE ( 'NONE', #3070, #6633, #3069, .T. ) ;
#4519 = VECTOR ( 'NONE', #4418, 1000.000000000000000 ) ;
#4520 = CARTESIAN_POINT ( 'NONE',  ( 22.49999999999999645, 0.000000000000000000, 1.999999999999999112 ) ) ;
#4521 = CARTESIAN_POINT ( 'NONE',  ( 71.99999999995104361, 1.000000000000000444, -3.999999999999287237 ) ) ;
#4522 = VECTOR ( 'NONE', #6037, 1000.000000000000000 ) ;
#4523 = FACE_OUTER_BOUND ( 'NONE', #3301, .T. ) ;
#4524 = DIRECTION ( 'NONE',  ( 0.7071067811828690708, 8.269447640496518107E-17, 0.7071067811902260747 ) ) ;
#4525 = ADVANCED_FACE ( 'NONE', ( #1019 ), #4119, .F. ) ;
#4526 = ORIENTED_EDGE ( 'NONE', *, *, #1601, .F. ) ;
#4527 = EDGE_CURVE ( 'NONE', #3688, #3877, #581, .T. ) ;
#4528 = PRESENTATION_LAYER_ASSIGNMENT (  '', '', ( #2249 ) ) ;
#4529 = B_SPLINE_CURVE_WITH_KNOTS ( 'NONE', 3,
 ( #6597, #5021, #5148, #485, #4572, #2557, #1410, #1443 ),
 .UNSPECIFIED., .F., .F.,
 ( 4, 2, 2, 4 ),
 ( 7.770031522344853663E-18, 0.001220858047396955080, 0.001831287071095419284, 0.002441716094793883705 ),
 .UNSPECIFIED. ) ;
#4530 = ORIENTED_EDGE ( 'NONE', *, *, #1357, .F. ) ;
#4531 = VECTOR ( 'NONE', #3523, 999.9999999999998863 ) ;
#4532 = CARTESIAN_POINT ( 'NONE',  ( 39.99999999999999289, 0.000000000000000000, 0.000000000000000000 ) ) ;
#4533 = EDGE_CURVE ( 'NONE', #6338, #1707, #6449, .T. ) ;
#4534 = CARTESIAN_POINT ( 'NONE',  ( -0.1146105653518768863, -3.000000000000000000, -3.500227376421451542 ) ) ;
#4535 = ORIENTED_EDGE ( 'NONE', *, *, #1596, .F. ) ;
#4536 = DIRECTION ( 'NONE',  ( -0.000000000000000000, 1.000000000000000000, 0.000000000000000000 ) ) ;
#4537 = CIRCLE ( 'NONE', #6371, 2.000000000000000888 ) ;
#4538 = DIRECTION ( 'NONE',  ( 0.000000000000000000, 0.000000000000000000, 1.000000000000000000 ) ) ;
#4539 = LINE ( 'NONE', #2330, #1754 ) ;
#4540 = CARTESIAN_POINT ( 'NONE',  ( 2.690598923241498408, -1.399999999999999911, -4.000000000000000000 ) ) ;
#4541 = DIRECTION ( 'NONE',  ( 1.152640183373293597E-17, -0.000000000000000000, 1.000000000000000000 ) ) ;
#4542 = CIRCLE ( 'NONE', #4649, 2.100000000000002753 ) ;
#4543 = EDGE_CURVE ( 'NONE', #808, #4371, #69, .T. ) ;
#4544 = LINE ( 'NONE', #1485, #4845 ) ;
#4545 = EDGE_LOOP ( 'NONE', ( #4836, #101, #2948, #256 ) ) ;
#4546 = CARTESIAN_POINT ( 'NONE',  ( -1.740947950550360224, -3.000000000000000444, 2.111026248694850782 ) ) ;
#4547 = ORIENTED_EDGE ( 'NONE', *, *, #4325, .T. ) ;
#4548 = DIRECTION ( 'NONE',  ( -1.169476500658520487E-16, 1.000000000000000000, -0.000000000000000000 ) ) ;
#4549 = DIRECTION ( 'NONE',  ( 1.000000000000000000, 1.971276677246365109E-16, 0.000000000000000000 ) ) ;
#4550 = EDGE_CURVE ( 'NONE', #4676, #2287, #4186, .T. ) ;
#4551 = LINE ( 'NONE', #3527, #1916 ) ;
#4552 = PLANE ( 'NONE',  #6377 ) ;
#4553 = EDGE_LOOP ( 'NONE', ( #6231, #1011, #2499, #2799 ) ) ;
#4554 = CARTESIAN_POINT ( 'NONE',  ( 39.99999999999999289, 0.000000000000000000, 0.000000000000000000 ) ) ;
#4555 = CARTESIAN_POINT ( 'NONE',  ( 46.23883476483182875, 2.599999999999997868, -6.750000000000007994 ) ) ;
#4556 = EDGE_CURVE ( 'NONE', #3188, #4429, #4506, .T. ) ;
#4557 = DIRECTION ( 'NONE',  ( -1.000000000000000000, 0.000000000000000000, 0.000000000000000000 ) ) ;
#4558 = VECTOR ( 'NONE', #3698, 1000.000000000000000 ) ;
#4559 = LINE ( 'NONE', #5478, #3444 ) ;
#4560 = ORIENTED_EDGE ( 'NONE', *, *, #4255, .F. ) ;
#4561 = CYLINDRICAL_SURFACE ( 'NONE', #271, 1.100000000000001199 ) ;
#4562 = ORIENTED_EDGE ( 'NONE', *, *, #473, .T. ) ;
#4563 = AXIS2_PLACEMENT_3D ( 'NONE', #3321, #2371, #3973 ) ;
#4564 = EDGE_LOOP ( 'NONE', ( #4928, #3055, #2311, #299 ) ) ;
#4565 = AXIS2_PLACEMENT_3D ( 'NONE', #5729, #4305, #637 ) ;
#4566 = ORIENTED_EDGE ( 'NONE', *, *, #4427, .T. ) ;
#4567 = CARTESIAN_POINT ( 'NONE',  ( 36.33417354017858258, -3.328512376584476407, -2.100000000000000089 ) ) ;
#4568 = DIRECTION ( 'NONE',  ( 0.000000000000000000, 0.000000000000000000, 1.000000000000000000 ) ) ;
#4569 = LINE ( 'NONE', #421, #449 ) ;
#4570 = ORIENTED_EDGE ( 'NONE', *, *, #618, .T. ) ;
#4571 = CIRCLE ( 'NONE', #5010, 1.099999999999999423 ) ;
#4572 = CARTESIAN_POINT ( 'NONE',  ( 44.34518379507420605, 5.491875850118627334, -1.446546060842896164 ) ) ;
#4573 = DIRECTION ( 'NONE',  ( 1.877893248421447556E-16, 1.000000000000000000, -2.001271640323227208E-32 ) ) ;
#4574 = CIRCLE ( 'NONE', #2406, 6.999999999999999112 ) ;
#4575 = DIRECTION ( 'NONE',  ( -0.4999999999999998890, 0.000000000000000000, -0.8660254037844387076 ) ) ;
#4576 = DIRECTION ( 'NONE',  ( 0.000000000000000000, 0.000000000000000000, -1.000000000000000000 ) ) ;
#4577 = EDGE_LOOP ( 'NONE', ( #4447, #2076, #5448, #5235 ) ) ;
#4578 = LINE ( 'NONE', #4066, #1475 ) ;
#4579 = VERTEX_POINT ( 'NONE', #3724 ) ;
#4580 = LINE ( 'NONE', #4141, #1628 ) ;
#4581 = EDGE_LOOP ( 'NONE', ( #1101, #258, #1456, #3987 ) ) ;
#4582 = ADVANCED_FACE ( 'NONE', ( #5030 ), #6574, .F. ) ;
#4583 = DIRECTION ( 'NONE',  ( 0.000000000000000000, 0.000000000000000000, 1.000000000000000000 ) ) ;
#4584 = CIRCLE ( 'NONE', #3384, 1.999999999996418643 ) ;
#4585 = EDGE_CURVE ( 'NONE', #4318, #4667, #64, .T. ) ;
#4586 = ORIENTED_EDGE ( 'NONE', *, *, #649, .F. ) ;
#4587 = CARTESIAN_POINT ( 'NONE',  ( 62.99999999995100097, -1.000000000000007994, 0.000000000000000000 ) ) ;
#4588 = FACE_OUTER_BOUND ( 'NONE', #5747, .T. ) ;
#4589 = DIRECTION ( 'NONE',  ( 0.4999999999999980571, 0.000000000000000000, -0.8660254037844397068 ) ) ;
#4590 = EDGE_LOOP ( 'NONE', ( #6619, #4594 ) ) ;
#4591 = LINE ( 'NONE', #1, #4257 ) ;
#4592 = ORIENTED_EDGE ( 'NONE', *, *, #1587, .F. ) ;
#4593 = ADVANCED_FACE ( 'NONE', ( #34 ), #5595, .T. ) ;
#4594 = ORIENTED_EDGE ( 'NONE', *, *, #5518, .F. ) ;
#4595 = ORIENTED_EDGE ( 'NONE', *, *, #2429, .F. ) ;
#4596 = DIRECTION ( 'NONE',  ( 0.000000000000000000, 0.000000000000000000, 1.000000000000000000 ) ) ;
#4597 = CARTESIAN_POINT ( 'NONE',  ( 3.845299461620749426, -1.399999999999999911, -2.000000000000000000 ) ) ;
#4598 = ORIENTED_EDGE ( 'NONE', *, *, #1641, .F. ) ;
#4599 = VERTEX_POINT ( 'NONE', #3665 ) ;
#4600 = ORIENTED_EDGE ( 'NONE', *, *, #4768, .T. ) ;
#4601 = CARTESIAN_POINT ( 'NONE',  ( 44.35614681779346569, 5.494560724914147265, 1.450711628851204971 ) ) ;
#4602 = CARTESIAN_POINT ( 'NONE',  ( 39.99999999999999289, 0.000000000000000000, 2.100000000000000089 ) ) ;
#4603 = ORIENTED_EDGE ( 'NONE', *, *, #5954, .T. ) ;
#4604 = ADVANCED_FACE ( 'NONE', ( #4820 ), #122, .F. ) ;
#4605 = FACE_OUTER_BOUND ( 'NONE', #3612, .T. ) ;
#4606 = EDGE_LOOP ( 'NONE', ( #971, #2721, #6150, #4319, #3820 ) ) ;
#4607 = LINE ( 'NONE', #3584, #630 ) ;
#4608 = VECTOR ( 'NONE', #4930, 1000.000000000000114 ) ;
#4609 = LINE ( 'NONE', #6224, #1369 ) ;
#4610 = EDGE_CURVE ( 'NONE', #3618, #5352, #3162, .T. ) ;
#4611 = DIRECTION ( 'NONE',  ( 0.000000000000000000, 0.000000000000000000, 1.000000000000000000 ) ) ;
#4612 = ORIENTED_EDGE ( 'NONE', *, *, #5782, .T. ) ;
#4613 = CARTESIAN_POINT ( 'NONE',  ( 68.23743686705195444, 0.9999999999999991118, 6.237436867076457503 ) ) ;
#4614 = ORIENTED_EDGE ( 'NONE', *, *, #3345, .F. ) ;
#4615 = CARTESIAN_POINT ( 'NONE',  ( 31.25314265685774018, 1.484941992120203835, 1.562407036820125272 ) ) ;
#4616 = VERTEX_POINT ( 'NONE', #1050 ) ;
#4617 = AXIS2_PLACEMENT_3D ( 'NONE', #1194, #5242, #3468 ) ;
#4618 = LINE ( 'NONE', #4209, #5335 ) ;
#4619 = AXIS2_PLACEMENT_3D ( 'NONE', #1592, #4719, #6272 ) ;
#4620 = CARTESIAN_POINT ( 'NONE',  ( 68.96231060120484813, -3.000000000000000000, 5.512563132923537168 ) ) ;
#4621 = EDGE_CURVE ( 'NONE', #486, #3787, #1153, .T. ) ;
#4622 = ORIENTED_EDGE ( 'NONE', *, *, #2617, .F. ) ;
#4623 = EDGE_CURVE ( 'NONE', #2388, #5792, #5833, .T. ) ;
#4624 = CARTESIAN_POINT ( 'NONE',  ( 37.98743686707677369, -3.000000000000000000, 37.98743686707645395 ) ) ;
#4625 = ORIENTED_EDGE ( 'NONE', *, *, #6601, .T. ) ;
#4626 = ORIENTED_EDGE ( 'NONE', *, *, #2206, .F. ) ;
#4627 = DIRECTION ( 'NONE',  ( -4.336808689942017736E-15, 1.000000000000000000, 4.998779963629660938E-32 ) ) ;
#4628 = DIRECTION ( 'NONE',  ( -1.000000000000000000, 0.000000000000000000, 0.000000000000000000 ) ) ;
#4629 = VECTOR ( 'NONE', #4322, 1000.000000000000114 ) ;
#4630 = EDGE_CURVE ( 'NONE', #6537, #4891, #2716, .T. ) ;
#4631 = ORIENTED_EDGE ( 'NONE', *, *, #3143, .T. ) ;
#4632 = VECTOR ( 'NONE', #1546, 1000.000000000000000 ) ;
#4633 = EDGE_CURVE ( 'NONE', #1711, #1740, #4229, .T. ) ;
#4634 = FACE_OUTER_BOUND ( 'NONE', #5029, .T. ) ;
#4635 = ORIENTED_EDGE ( 'NONE', *, *, #2170, .F. ) ;
#4636 = LINE ( 'NONE', #2941, #2826 ) ;
#4637 = ORIENTED_EDGE ( 'NONE', *, *, #1197, .F. ) ;
#4638 = AXIS2_PLACEMENT_3D ( 'NONE', #572, #2645, #3126 ) ;
#4639 = CARTESIAN_POINT ( 'NONE',  ( -4.065758146820641628E-17, 7.000000000000000000, -7.000000000000006217 ) ) ;
#4640 = CARTESIAN_POINT ( 'NONE',  ( 18.84529946162074410, -1.399999999999999911, 2.000000000000001776 ) ) ;
#4641 = EDGE_LOOP ( 'NONE', ( #6099, #3287, #1200, #442 ) ) ;
#4642 = CARTESIAN_POINT ( 'NONE',  ( 69.30940107670949146, -1.399999999999999911, 5.000000000000000888 ) ) ;
#4643 = DIRECTION ( 'NONE',  ( -0.8164965809277291431, 9.416649629329539773E-17, 0.5773502691896214012 ) ) ;
#4644 = VERTEX_POINT ( 'NONE', #2649 ) ;
#4645 = AXIS2_PLACEMENT_3D ( 'NONE', #4343, #2836, #5394 ) ;
#4646 = CARTESIAN_POINT ( 'NONE',  ( 2.226887392036454916, -3.000000000000000000, 1.851983229053480118 ) ) ;
#4647 = ORIENTED_EDGE ( 'NONE', *, *, #2145, .T. ) ;
#4648 = CARTESIAN_POINT ( 'NONE',  ( 73.97999999995100495, 1.000000000000000666, -0.3299999999992652699 ) ) ;
#4649 = AXIS2_PLACEMENT_3D ( 'NONE', #4504, #6567, #5498 ) ;
#4650 = CARTESIAN_POINT ( 'NONE',  ( 29.02943725152286447, 1.000000000000000000, -5.999999999999996447 ) ) ;
#4651 = CARTESIAN_POINT ( 'NONE',  ( 74.99999999999641886, -3.000000000000000000, -0.2500000000000000555 ) ) ;
#4652 = ORIENTED_EDGE ( 'NONE', *, *, #295, .F. ) ;
#4653 = CARTESIAN_POINT ( 'NONE',  ( 66.99999999997550049, 0.7499999999999988898, 4.999999999999999112 ) ) ;
#4654 = EDGE_LOOP ( 'NONE', ( #713, #3443, #1330, #2121 ) ) ;
#4655 = CARTESIAN_POINT ( 'NONE',  ( 35.05025253169415578, 4.949747468305830012, 1.519868415357067848 ) ) ;
#4656 = DIRECTION ( 'NONE',  ( -0.000000000000000000, 1.000000000000000000, -0.000000000000000000 ) ) ;
#4657 =( BOUNDED_CURVE ( )  B_SPLINE_CURVE ( 3, ( #4210, #6177, #6206, #5666 ),
 .UNSPECIFIED., .F., .F. ) 
 B_SPLINE_CURVE_WITH_KNOTS ( ( 4, 4 ),
 ( 2.356194490192343061, 3.141592653589793116 ),
 .UNSPECIFIED. ) 
 CURVE ( )  GEOMETRIC_REPRESENTATION_ITEM ( )  RATIONAL_B_SPLINE_CURVE ( ( 1.000000000000000000, 0.9492530216741910110, 0.9492530216741910110, 1.000000000000000000 ) ) 
 REPRESENTATION_ITEM ( '' )  );
#4658 = PLANE ( 'NONE',  #2461 ) ;
#4659 = CARTESIAN_POINT ( 'NONE',  ( 37.69059892324148819, 3.042777124972457945E-15, -4.000000000000010658 ) ) ;
#4660 = ORIENTED_EDGE ( 'NONE', *, *, #6081, .T. ) ;
#4661 = DIRECTION ( 'NONE',  ( 1.873501354054951662E-16, -1.000000000000000000, 0.000000000000000000 ) ) ;
#4662 = EDGE_CURVE ( 'NONE', #2522, #2593, #384, .T. ) ;
#4663 = VERTEX_POINT ( 'NONE', #152 ) ;
#4664 = CYLINDRICAL_SURFACE ( 'NONE', #1752, 0.5000000000000004441 ) ;
#4665 = ORIENTED_EDGE ( 'NONE', *, *, #3734, .F. ) ;
#4666 = CARTESIAN_POINT ( 'NONE',  ( -2.621152361211956272, -3.000000000000000444, -0.7342406199442342851 ) ) ;
#4667 = VERTEX_POINT ( 'NONE', #97 ) ;
#4668 = CIRCLE ( 'NONE', #3474, 0.5000000000000004441 ) ;
#4669 = EDGE_CURVE ( 'NONE', #3045, #4250, #6239, .T. ) ;
#4670 = EDGE_LOOP ( 'NONE', ( #3702, #4686 ) ) ;
#4671 = CARTESIAN_POINT ( 'NONE',  ( 19.99999999999999645, -3.000000000000000888, 5.099999999999999645 ) ) ;
#4672 = EDGE_CURVE ( 'NONE', #3620, #4456, #2168, .T. ) ;
#4673 = DIRECTION ( 'NONE',  ( 0.8660254037844388186, 0.000000000000000000, -0.4999999999999997224 ) ) ;
#4674 = AXIS2_PLACEMENT_3D ( 'NONE', #2328, #2300, #6429 ) ;
#4675 = FACE_OUTER_BOUND ( 'NONE', #6117, .T. ) ;
#4676 = VERTEX_POINT ( 'NONE', #4277 ) ;
#4677 = FACE_OUTER_BOUND ( 'NONE', #4703, .T. ) ;
#4678 = ORIENTED_EDGE ( 'NONE', *, *, #2701, .F. ) ;
#4679 = CARTESIAN_POINT ( 'NONE',  ( 64.49999999995100097, -1.000000000000007994, -7.000000000000010658 ) ) ;
#4680 = CARTESIAN_POINT ( 'NONE',  ( 73.24999999997548628, 0.7499999999999997780, 4.000000000000000000 ) ) ;
#4681 = LINE ( 'NONE', #4651, #4330 ) ;
#4682 = DIRECTION ( 'NONE',  ( 0.7071067811865398012, 0.000000000000000000, 0.7071067811865551223 ) ) ;
#4683 = EDGE_LOOP ( 'NONE', ( #916, #2571, #4110, #4603 ) ) ;
#4684 = FACE_OUTER_BOUND ( 'NONE', #6519, .T. ) ;
#4685 = VECTOR ( 'NONE', #5967, 999.9999999999997726 ) ;
#4686 = ORIENTED_EDGE ( 'NONE', *, *, #5962, .F. ) ;
#4687 = EDGE_CURVE ( 'NONE', #4709, #3204, #3194, .T. ) ;
#4688 = DIRECTION ( 'NONE',  ( 4.622038565550839722E-14, 0.000000000000000000, 1.000000000000000000 ) ) ;
#4689 = ORIENTED_EDGE ( 'NONE', *, *, #931, .T. ) ;
#4690 = CIRCLE ( 'NONE', #3282, 2.000000000000003553 ) ;
#4691 = DIRECTION ( 'NONE',  ( 0.000000000000000000, 1.000000000000000000, 0.000000000000000000 ) ) ;
#4692 = CYLINDRICAL_SURFACE ( 'NONE', #2019, 2.100000000000002753 ) ;
#4693 = EDGE_CURVE ( 'NONE', #229, #303, #2616, .T. ) ;
#4694 = EDGE_LOOP ( 'NONE', ( #2273, #3322, #5556, #248 ) ) ;
#4695 = LINE ( 'NONE', #42, #2655 ) ;
#4696 = EDGE_LOOP ( 'NONE', ( #4358, #363, #6318, #127 ) ) ;
#4697 = EDGE_CURVE ( 'NONE', #1866, #4053, #6021, .T. ) ;
#4698 = CARTESIAN_POINT ( 'NONE',  ( 68.60039830989900622, -1.399999999999999911, 6.228028814822691217 ) ) ;
#4699 = VERTEX_POINT ( 'NONE', #1081 ) ;
#4700 = DIRECTION ( 'NONE',  ( -0.5000000000000004441, 0.000000000000000000, 0.8660254037844383745 ) ) ;
#4701 = DIRECTION ( 'NONE',  ( 1.000000000000000000, 0.000000000000000000, 0.000000000000000000 ) ) ;
#4702 = EDGE_CURVE ( 'NONE', #486, #1874, #5231, .T. ) ;
#4703 = EDGE_LOOP ( 'NONE', ( #5923, #6240, #5633, #5581 ) ) ;
#4704 = DIRECTION ( 'NONE',  ( -0.000000000000000000, 0.000000000000000000, -1.000000000000000000 ) ) ;
#4705 = CARTESIAN_POINT ( 'NONE',  ( 17.49999999999999645, 0.9999999999999952260, 0.000000000000000000 ) ) ;
#4706 = ORIENTED_EDGE ( 'NONE', *, *, #4017, .T. ) ;
#4707 = EDGE_CURVE ( 'NONE', #5781, #4777, #1033, .T. ) ;
#4708 = LINE ( 'NONE', #3220, #3436 ) ;
#4709 = VERTEX_POINT ( 'NONE', #5303 ) ;
#4710 = DIRECTION ( 'NONE',  ( 0.000000000000000000, 0.000000000000000000, 1.000000000000000000 ) ) ;
#4711 = CARTESIAN_POINT ( 'NONE',  ( 5.000000000000000000, 1.000000000000000000, -2.899999999999999023 ) ) ;
#4712 = ORIENTED_EDGE ( 'NONE', *, *, #4623, .F. ) ;
#4713 = LINE ( 'NONE', #58, #2577 ) ;
#4714 = VECTOR ( 'NONE', #3677, 1000.000000000000000 ) ;
#4715 = CARTESIAN_POINT ( 'NONE',  ( 62.49999999995100097, -1.000000000000007994, -7.000000000000010658 ) ) ;
#4716 = CARTESIAN_POINT ( 'NONE',  ( 18.84529946162074410, -1.399999999999999911, -5.999999999999998224 ) ) ;
#4717 = EDGE_CURVE ( 'NONE', #4774, #5982, #644, .T. ) ;
#4718 = AXIS2_PLACEMENT_3D ( 'NONE', #3238, #1094, #5807 ) ;
#4719 = DIRECTION ( 'NONE',  ( -0.4999999999999981126, 0.7071067811865574537, -0.4999999999999879541 ) ) ;
#4720 = VERTEX_POINT ( 'NONE', #3629 ) ;
#4721 = DIRECTION ( 'NONE',  ( 1.000000000000000000, 0.000000000000000000, 0.000000000000000000 ) ) ;
#4722 = ORIENTED_EDGE ( 'NONE', *, *, #1120, .T. ) ;
#4723 = EDGE_LOOP ( 'NONE', ( #312, #4808, #4876, #3862, #5918, #5436 ) ) ;
#4724 = VECTOR ( 'NONE', #1833, 1000.000000000000000 ) ;
#4725 = CYLINDRICAL_SURFACE ( 'NONE', #6686, 1.249999999989162447 ) ;
#4726 = DIRECTION ( 'NONE',  ( -0.000000000000000000, 1.000000000000000000, -0.000000000000000000 ) ) ;
#4727 = EDGE_CURVE ( 'NONE', #3974, #4699, #2012, .T. ) ;
#4728 = VECTOR ( 'NONE', #2123, 1000.000000000000227 ) ;
#4729 = CIRCLE ( 'NONE', #6121, 0.5000000000000004441 ) ;
#4730 = PLANE ( 'NONE',  #3300 ) ;
#4731 = DIRECTION ( 'NONE',  ( -0.000000000000000000, -1.000000000000000000, -0.000000000000000000 ) ) ;
#4732 = CARTESIAN_POINT ( 'NONE',  ( 72.76999999995101120, 1.000000000000000444, -1.449999999999279421 ) ) ;
#4733 = VECTOR ( 'NONE', #878, 1000.000000000000000 ) ;
#4734 = ADVANCED_FACE ( 'NONE', ( #1863 ), #838, .F. ) ;
#4735 = LINE ( 'NONE', #3145, #6087 ) ;
#4736 = ORIENTED_EDGE ( 'NONE', *, *, #1306, .T. ) ;
#4737 = DIRECTION ( 'NONE',  ( -0.000000000000000000, 1.000000000000000000, -0.000000000000000000 ) ) ;
#4738 = CIRCLE ( 'NONE', #1052, 1.099999999999996758 ) ;
#4739 = DIRECTION ( 'NONE',  ( 0.000000000000000000, 0.000000000000000000, 1.000000000000000000 ) ) ;
#4740 = DIRECTION ( 'NONE',  ( -0.000000000000000000, 1.000000000000000000, -0.000000000000000000 ) ) ;
#4741 = ORIENTED_EDGE ( 'NONE', *, *, #5539, .T. ) ;
#4742 = VERTEX_POINT ( 'NONE', #1794 ) ;
#4743 = DIRECTION ( 'NONE',  ( 0.000000000000000000, 0.000000000000000000, 1.000000000000000000 ) ) ;
#4744 =( LENGTH_UNIT ( ) NAMED_UNIT ( * ) SI_UNIT ( .MILLI., .METRE. ) );
#4745 = ORIENTED_EDGE ( 'NONE', *, *, #2001, .T. ) ;
#4746 = CARTESIAN_POINT ( 'NONE',  ( 5.000000000000000000, -3.000000000000000888, 4.000000000000000000 ) ) ;
#4747 = ORIENTED_EDGE ( 'NONE', *, *, #5217, .T. ) ;
#4748 = CARTESIAN_POINT ( 'NONE',  ( 22.30940107675849404, -1.399999999999999911, 3.999999999999999112 ) ) ;
#4749 = LINE ( 'NONE', #1619, #4896 ) ;
#4750 = VERTEX_POINT ( 'NONE', #3388 ) ;
#4751 = CONICAL_SURFACE ( 'NONE', #2471, 0.5249999999999976907, 0.8726646259970902708 ) ;
#4752 = CARTESIAN_POINT ( 'NONE',  ( 73.24999999997548628, -3.000000000000000000, -4.000000000000000000 ) ) ;
#4753 = EDGE_CURVE ( 'NONE', #6350, #2555, #1831, .T. ) ;
#4754 = AXIS2_PLACEMENT_3D ( 'NONE', #2956, #3525, #4549 ) ;
#4755 = DIRECTION ( 'NONE',  ( -1.000000000000000000, 0.000000000000000000, 2.305280366746587194E-17 ) ) ;
#4756 = CARTESIAN_POINT ( 'NONE',  ( 5.000000000000000000, -1.399999999999999911, -2.899999999999999023 ) ) ;
#4757 = VECTOR ( 'NONE', #5561, 1000.000000000000000 ) ;
#4758 = DIRECTION ( 'NONE',  ( 0.000000000000000000, 0.000000000000000000, 1.000000000000000000 ) ) ;
#4759 = ORIENTED_EDGE ( 'NONE', *, *, #3469, .F. ) ;
#4760 = DIRECTION ( 'NONE',  ( 0.000000000000000000, 0.000000000000000000, -1.000000000000000000 ) ) ;
#4761 = LINE ( 'NONE', #4214, #371 ) ;
#4762 = ORIENTED_EDGE ( 'NONE', *, *, #3288, .T. ) ;
#4763 = EDGE_CURVE ( 'NONE', #319, #4644, #4729, .T. ) ;
#4764 = AXIS2_PLACEMENT_3D ( 'NONE', #4184, #1505, #2625 ) ;
#4765 = ORIENTED_EDGE ( 'NONE', *, *, #3410, .F. ) ;
#4766 = CYLINDRICAL_SURFACE ( 'NONE', #6477, 5.000000000000000888 ) ;
#4767 = PLANE ( 'NONE',  #2239 ) ;
#4768 = EDGE_CURVE ( 'NONE', #2218, #552, #327, .T. ) ;
#4769 = CARTESIAN_POINT ( 'NONE',  ( 22.30940107675850115, -1.399999999999999911, -4.000000000000000888 ) ) ;
#4770 = VERTEX_POINT ( 'NONE', #5364 ) ;
#4771 = ORIENTED_EDGE ( 'NONE', *, *, #554, .T. ) ;
#4772 = CARTESIAN_POINT ( 'NONE',  ( 71.24999999995101518, 0.9999999999999993339, -1.949999999999297629 ) ) ;
#4773 = CYLINDRICAL_SURFACE ( 'NONE', #596, 0.5000000000000004441 ) ;
#4774 = VERTEX_POINT ( 'NONE', #5465 ) ;
#4775 = CARTESIAN_POINT ( 'NONE',  ( 21.15470053837925235, -3.000000000000000000, -5.999999999999997335 ) ) ;
#4776 = DIRECTION ( 'NONE',  ( 0.5000000000000117684, 0.7071067811865360264, 0.5000000000000043299 ) ) ;
#4777 = VERTEX_POINT ( 'NONE', #4348 ) ;
#4778 = LINE ( 'NONE', #5686, #4416 ) ;
#4779 = ORIENTED_EDGE ( 'NONE', *, *, #5051, .F. ) ;
#4780 = AXIS2_PLACEMENT_3D ( 'NONE', #6329, #3248, #6294 ) ;
#4781 = CARTESIAN_POINT ( 'NONE',  ( 32.56497115745560933, 2.464466094067271573, 5.999999999999993783 ) ) ;
#4782 = CARTESIAN_POINT ( 'NONE',  ( 71.36243686706413314, 0.9999999999999995559, -3.112436867064214407 ) ) ;
#4783 = ORIENTED_EDGE ( 'NONE', *, *, #5954, .F. ) ;
#4784 = DIRECTION ( 'NONE',  ( -0.000000000000000000, -1.000000000000000000, -0.000000000000000000 ) ) ;
#4785 = ADVANCED_FACE ( 'NONE', ( #2333 ), #4407, .F. ) ;
#4786 = AXIS2_PLACEMENT_3D ( 'NONE', #6028, #2424, #454 ) ;
#4787 = CARTESIAN_POINT ( 'NONE',  ( 65.84529946157174152, -1.399999999999999911, -6.999999999999992006 ) ) ;
#4788 = DIRECTION ( 'NONE',  ( 0.000000000000000000, 0.000000000000000000, 1.000000000000000000 ) ) ;
#4789 = DIRECTION ( 'NONE',  ( 0.7071067811865460184, 0.7071067811865490160, -1.630079379862719496E-17 ) ) ;
#4790 = CARTESIAN_POINT ( 'NONE',  ( 69.04592456312010995, -2.982787092212057622, -5.456354708137905796 ) ) ;
#4791 = VERTEX_POINT ( 'NONE', #2272 ) ;
#4792 = EDGE_CURVE ( 'NONE', #4300, #2194, #2911, .T. ) ;
#4793 = PLANE ( 'NONE',  #1233 ) ;
#4794 = ORIENTED_EDGE ( 'NONE', *, *, #510, .T. ) ;
#4795 = EDGE_CURVE ( 'NONE', #191, #298, #3526, .T. ) ;
#4796 = ORIENTED_EDGE ( 'NONE', *, *, #4047, .T. ) ;
#4797 = DIRECTION ( 'NONE',  ( -0.000000000000000000, -1.000000000000000000, -0.000000000000000000 ) ) ;
#4798 = LINE ( 'NONE', #2314, #2777 ) ;
#4799 = ORIENTED_EDGE ( 'NONE', *, *, #6010, .F. ) ;
#4800 = EDGE_CURVE ( 'NONE', #6393, #3657, #1803, .T. ) ;
#4801 = PLANE ( 'NONE',  #1128 ) ;
#4802 = VECTOR ( 'NONE', #3915, 1000.000000000000114 ) ;
#4803 = LINE ( 'NONE', #133, #1278 ) ;
#4804 = DIRECTION ( 'NONE',  ( -0.1564344650402258174, -0.9876883405951384365, 0.000000000000000000 ) ) ;
#4805 = ADVANCED_FACE ( 'NONE', ( #2402 ), #3806, .F. ) ;
#4806 = ORIENTED_EDGE ( 'NONE', *, *, #4971, .F. ) ;
#4807 = CARTESIAN_POINT ( 'NONE',  ( -0.06819275538486586907, -3.000000000000000444, -2.800110816381118806 ) ) ;
#4808 = ORIENTED_EDGE ( 'NONE', *, *, #2199, .T. ) ;
#4809 = VERTEX_POINT ( 'NONE', #5500 ) ;
#4810 = DIRECTION ( 'NONE',  ( 0.5000000000000024425, 0.000000000000000000, -0.8660254037844372643 ) ) ;
#4811 = DIRECTION ( 'NONE',  ( 1.000000000000000000, 1.169476500658520487E-16, -1.152640183373293597E-17 ) ) ;
#4812 = ORIENTED_EDGE ( 'NONE', *, *, #6528, .T. ) ;
#4813 = CARTESIAN_POINT ( 'NONE',  ( 39.99999999999999289, 0.000000000000000000, -7.000000000000007994 ) ) ;
#4814 = ORIENTED_EDGE ( 'NONE', *, *, #3638, .F. ) ;
#4815 = CARTESIAN_POINT ( 'NONE',  ( 6.154700538379252350, -1.399999999999999911, -5.999999999999999112 ) ) ;
#4816 = LINE ( 'NONE', #4782, #3811 ) ;
#4817 = LINE ( 'NONE', #3760, #4973 ) ;
#4818 = CARTESIAN_POINT ( 'NONE',  ( 64.69059892319249627, -1.399999999999999911, -5.000000000000009770 ) ) ;
#4819 = DIRECTION ( 'NONE',  ( -0.000000000000000000, -1.000000000000000000, -0.000000000000000000 ) ) ;
#4820 = FACE_OUTER_BOUND ( 'NONE', #3458, .T. ) ;
#4821 = EDGE_LOOP ( 'NONE', ( #4180, #6084, #3150, #2709 ) ) ;
#4822 = CARTESIAN_POINT ( 'NONE',  ( 39.99999999999999289, 0.000000000000000000, 0.000000000000000000 ) ) ;
#4823 = ORIENTED_EDGE ( 'NONE', *, *, #6214, .T. ) ;
#4824 = VERTEX_POINT ( 'NONE', #5433 ) ;
#4825 = ADVANCED_FACE ( 'NONE', ( #807 ), #6340, .F. ) ;
#4826 = FACE_BOUND ( 'NONE', #800, .T. ) ;
#4827 = CIRCLE ( 'NONE', #2115, 3.099999999999998757 ) ;
#4828 = CARTESIAN_POINT ( 'NONE',  ( 71.99999999995094413, 1.000000000000000444, 3.475000000000713740 ) ) ;
#4829 = EDGE_CURVE ( 'NONE', #3551, #1604, #3319, .T. ) ;
#4830 = LINE ( 'NONE', #6345, #2324 ) ;
#4831 = CONICAL_SURFACE ( 'NONE', #3863, 0.5249999999999976907, 0.8726646259970902708 ) ;
#4832 = CARTESIAN_POINT ( 'NONE',  ( 68.15470053833026043, -1.399999999999999911, 3.000000000000009770 ) ) ;
#4833 = EDGE_CURVE ( 'NONE', #2755, #1157, #5399, .T. ) ;
#4834 = ADVANCED_FACE ( 'NONE', ( #2808 ), #775, .F. ) ;
#4835 = VECTOR ( 'NONE', #5269, 1000.000000000000000 ) ;
#4836 = ORIENTED_EDGE ( 'NONE', *, *, #720, .F. ) ;
#4837 = LINE ( 'NONE', #2825, #6401 ) ;
#4838 = CIRCLE ( 'NONE', #4950, 1.750000000000001554 ) ;
#4839 = EDGE_CURVE ( 'NONE', #552, #3077, #3876, .T. ) ;
#4840 = ORIENTED_EDGE ( 'NONE', *, *, #52, .F. ) ;
#4841 = DIRECTION ( 'NONE',  ( 0.5000000000000003331, 0.000000000000000000, -0.8660254037844383745 ) ) ;
#4842 = ORIENTED_EDGE ( 'NONE', *, *, #4884, .T. ) ;
#4843 = VECTOR ( 'NONE', #1397, 1000.000000000000000 ) ;
#4844 = ADVANCED_FACE ( 'NONE', ( #4924 ), #2432, .F. ) ;
#4845 = VECTOR ( 'NONE', #6603, 1000.000000000000000 ) ;
#4846 = CARTESIAN_POINT ( 'NONE',  ( 45.30377700276709163, 4.595717933844573722, 1.186761291260952866 ) ) ;
#4847 = ORIENTED_EDGE ( 'NONE', *, *, #3852, .F. ) ;
#4848 = CARTESIAN_POINT ( 'NONE',  ( 5.000000000000000000, -1.399999999999999911, -5.100000000000001421 ) ) ;
#4849 = VECTOR ( 'NONE', #2034, 1000.000000000000000 ) ;
#4850 = DIRECTION ( 'NONE',  ( 0.7071067811828690708, 0.000000000000000000, 0.7071067811902260747 ) ) ;
#4851 = VECTOR ( 'NONE', #3200, 1000.000000000000000 ) ;
#4852 = DIRECTION ( 'NONE',  ( -9.244077131101839741E-14, 0.000000000000000000, 1.000000000000000000 ) ) ;
#4853 = CARTESIAN_POINT ( 'NONE',  ( 3.845299461620749426, -1.399999999999999911, 5.999999999999998224 ) ) ;
#4854 = VERTEX_POINT ( 'NONE', #4613 ) ;
#4855 = CIRCLE ( 'NONE', #4205, 1.100000000000001199 ) ;
#4856 = LINE ( 'NONE', #5435, #2493 ) ;
#4857 = EDGE_LOOP ( 'NONE', ( #3217, #3339 ) ) ;
#4858 = ORIENTED_EDGE ( 'NONE', *, *, #2646, .F. ) ;
#4859 = AXIS2_PLACEMENT_3D ( 'NONE', #3704, #547, #3601 ) ;
#4860 = CARTESIAN_POINT ( 'NONE',  ( 7.309401076758502924, -1.399999999999999911, 4.000000000000001776 ) ) ;
#4861 = EDGE_LOOP ( 'NONE', ( #3640, #214, #1406, #2664 ) ) ;
#4862 = PLANE ( 'NONE',  #5516 ) ;
#4863 = AXIS2_PLACEMENT_3D ( 'NONE', #364, #436, #1996 ) ;
#4864 = CARTESIAN_POINT ( 'NONE',  ( 71.24999999995101518, 1.000000000000000222, -1.449999999999297184 ) ) ;
#4865 = AXIS2_PLACEMENT_3D ( 'NONE', #2277, #159, #2688 ) ;
#4866 = DIRECTION ( 'NONE',  ( 0.000000000000000000, 0.000000000000000000, 1.000000000000000000 ) ) ;
#4867 = VECTOR ( 'NONE', #2286, 1000.000000000000000 ) ;
#4868 = DIRECTION ( 'NONE',  ( -0.000000000000000000, -0.000000000000000000, -1.000000000000000000 ) ) ;
#4869 = VECTOR ( 'NONE', #1241, 1000.000000000000000 ) ;
#4870 = DIRECTION ( 'NONE',  ( 0.000000000000000000, 0.000000000000000000, -1.000000000000000000 ) ) ;
#4871 = EDGE_LOOP ( 'NONE', ( #3081, #2641, #2351, #3889 ) ) ;
#4872 = ADVANCED_FACE ( 'NONE', ( #4033 ), #3454, .F. ) ;
#4873 = ORIENTED_EDGE ( 'NONE', *, *, #610, .T. ) ;
#4874 = DIRECTION ( 'NONE',  ( -0.000000000000000000, -1.000000000000000000, -0.000000000000000000 ) ) ;
#4875 = DIRECTION ( 'NONE',  ( -0.000000000000000000, 1.000000000000000000, 0.000000000000000000 ) ) ;
#4876 = ORIENTED_EDGE ( 'NONE', *, *, #418, .F. ) ;
#4877 = FACE_OUTER_BOUND ( 'NONE', #3972, .T. ) ;
#4878 = CARTESIAN_POINT ( 'NONE',  ( 22.30940107675850115, -1.399999999999999911, -4.000000000000000888 ) ) ;
#4879 = ORIENTED_EDGE ( 'NONE', *, *, #3588, .F. ) ;
#4880 = EDGE_CURVE ( 'NONE', #4709, #3507, #397, .T. ) ;
#4881 = LINE ( 'NONE', #6493, #5753 ) ;
#4882 = CARTESIAN_POINT ( 'NONE',  ( 66.99999999997550049, -3.000000000000000888, -7.000000000000001776 ) ) ;
#4883 = CARTESIAN_POINT ( 'NONE',  ( 44.94974746830583712, 4.949747468305822906, 1.307530621479054300 ) ) ;
#4884 = EDGE_CURVE ( 'NONE', #1378, #3423, #6634, .T. ) ;
#4885 = CARTESIAN_POINT ( 'NONE',  ( 2.690598923241498852, -3.000000000000000000, 3.999999999999998224 ) ) ;
#4886 = AXIS2_PLACEMENT_3D ( 'NONE', #4502, #1928, #5493 ) ;
#4887 = CARTESIAN_POINT ( 'NONE',  ( -4.065758146820641628E-17, -1.999999999999992228, -3.469446951953614189E-15 ) ) ;
#4888 = CARTESIAN_POINT ( 'NONE',  ( 44.94974746830583712, 4.949747468305823794, 5.999999999999990230 ) ) ;
#4889 = CARTESIAN_POINT ( 'NONE',  ( 69.13908729650148643, -2.749999999999992895, 5.689339828220187911 ) ) ;
#4890 = CARTESIAN_POINT ( 'NONE',  ( 3.845299461620751202, -1.399999999999999911, -6.000000000000000000 ) ) ;
#4891 = VERTEX_POINT ( 'NONE', #5534 ) ;
#4892 = CARTESIAN_POINT ( 'NONE',  ( 38.84529946162074054, -2.000000000000001776, -7.000000000000010658 ) ) ;
#4893 = ORIENTED_EDGE ( 'NONE', *, *, #3914, .F. ) ;
#4894 = ORIENTED_EDGE ( 'NONE', *, *, #5122, .T. ) ;
#4895 = FACE_BOUND ( 'NONE', #2322, .T. ) ;
#4896 = VECTOR ( 'NONE', #90, 1000.000000000000000 ) ;
#4897 = CARTESIAN_POINT ( 'NONE',  ( 73.25000000000001421, -3.000000000000000000, -0.2500000000000002220 ) ) ;
#4898 = EDGE_CURVE ( 'NONE', #2559, #35, #460, .T. ) ;
#4899 = EDGE_LOOP ( 'NONE', ( #3498, #5317, #459, #25 ) ) ;
#4900 = FACE_OUTER_BOUND ( 'NONE', #5724, .T. ) ;
#4901 = LINE ( 'NONE', #2441, #4733 ) ;
#4902 = CIRCLE ( 'NONE', #2940, 0.9999999999891623359 ) ;
#4903 = ADVANCED_FACE ( 'NONE', ( #973 ), #5059, .F. ) ;
#4904 = LINE ( 'NONE', #1303, #3826 ) ;
#4905 = LINE ( 'NONE', #3822, #6683 ) ;
#4906 = ORIENTED_EDGE ( 'NONE', *, *, #473, .F. ) ;
#4907 = ORIENTED_EDGE ( 'NONE', *, *, #5, .T. ) ;
#4908 = DIRECTION ( 'NONE',  ( 1.000000000000000000, 0.000000000000000000, -0.000000000000000000 ) ) ;
#4909 = AXIS2_PLACEMENT_3D ( 'NONE', #4520, #2315, #1842 ) ;
#4910 = CARTESIAN_POINT ( 'NONE',  ( 72.76999999995101120, 0.9999999999999995559, -1.949999999999279865 ) ) ;
#4911 = EDGE_LOOP ( 'NONE', ( #2047, #1476, #676 ) ) ;
#4912 = CARTESIAN_POINT ( 'NONE',  ( 73.68933982819568485, 0.7499999999999997780, 2.639087296550522765 ) ) ;
#4913 = EDGE_CURVE ( 'NONE', #3404, #3439, #936, .T. ) ;
#4914 = CARTESIAN_POINT ( 'NONE',  ( 41.09999999999998721, 0.000000000000000000, -2.100000000000000089 ) ) ;
#4915 = EDGE_CURVE ( 'NONE', #2673, #2334, #2884, .T. ) ;
#4916 = CARTESIAN_POINT ( 'NONE',  ( 19.99999999999999645, -1.399999999999999911, -4.000000000000000000 ) ) ;
#4917 = ORIENTED_EDGE ( 'NONE', *, *, #6512, .F. ) ;
#4918 = FACE_BOUND ( 'NONE', #3271, .T. ) ;
#4919 = DIRECTION ( 'NONE',  ( -1.169476500658520487E-16, 1.000000000000000000, -0.000000000000000000 ) ) ;
#4920 = CARTESIAN_POINT ( 'NONE',  ( 72.76999999995101120, 0.9790225092205675494, -1.449999999999279421 ) ) ;
#4921 = EDGE_CURVE ( 'NONE', #667, #6378, #6069, .T. ) ;
#4922 = CARTESIAN_POINT ( 'NONE',  ( 3.510515588965474443, -3.000000000000000444, 0.9098548944126962912 ) ) ;
#4923 = CARTESIAN_POINT ( 'NONE',  ( 70.19974746828131629, -2.749999999999992895, -5.249999999999999112 ) ) ;
#4924 = FACE_OUTER_BOUND ( 'NONE', #3369, .T. ) ;
#4925 = ORIENTED_EDGE ( 'NONE', *, *, #2016, .F. ) ;
#4926 = CARTESIAN_POINT ( 'NONE',  ( 71.99999999995098676, 0.9790225092205675494, 1.000000000000711209 ) ) ;
#4927 = ORIENTED_EDGE ( 'NONE', *, *, #1877, .F. ) ;
#4928 = ORIENTED_EDGE ( 'NONE', *, *, #851, .T. ) ;
#4929 = CARTESIAN_POINT ( 'NONE',  ( 34.26002802492878629, -3.000000000000000000, 0.000000000000000000 ) ) ;
#4930 = DIRECTION ( 'NONE',  ( -0.5000000000000003331, 0.000000000000000000, 0.8660254037844383745 ) ) ;
#4931 = DIRECTION ( 'NONE',  ( -0.000000000000000000, 1.000000000000000000, -0.000000000000000000 ) ) ;
#4932 = ADVANCED_FACE ( 'NONE', ( #1008 ), #358, .F. ) ;
#4933 = CARTESIAN_POINT ( 'NONE',  ( 2.690598923241498852, -1.399999999999999911, 3.999999999999998224 ) ) ;
#4934 = CARTESIAN_POINT ( 'NONE',  ( 41.15470053837923814, 1.999999999999994449, -4.000000000000010658 ) ) ;
#4935 = LINE ( 'NONE', #2960, #6232 ) ;
#4936 = CARTESIAN_POINT ( 'NONE',  ( 28.32233047033630413, 1.000000000000000000, -1.600000000000000311 ) ) ;
#4937 = VECTOR ( 'NONE', #5471, 999.9999999999998863 ) ;
#4938 = CARTESIAN_POINT ( 'NONE',  ( 70.19974746828131629, 0.9999999999999993339, 4.999999999999998224 ) ) ;
#4939 = ORIENTED_EDGE ( 'NONE', *, *, #3141, .F. ) ;
#4940 = CARTESIAN_POINT ( 'NONE',  ( 0.000000000000000000, -1.399999999999999911, 0.000000000000000000 ) ) ;
#4941 = CARTESIAN_POINT ( 'NONE',  ( 5.000000000000000000, -3.000000000000000888, 5.100000000000001421 ) ) ;
#4942 = ORIENTED_EDGE ( 'NONE', *, *, #925, .T. ) ;
#4943 = EDGE_LOOP ( 'NONE', ( #108, #2915, #6131, #2795, #2109 ) ) ;
#4944 = AXIS2_PLACEMENT_3D ( 'NONE', #6406, #3286, #5999 ) ;
#4945 = EDGE_CURVE ( 'NONE', #5136, #4891, #4544, .T. ) ;
#4946 = LINE ( 'NONE', #278, #3739 ) ;
#4947 = DIRECTION ( 'NONE',  ( -1.000000000000000000, 0.000000000000000000, 0.000000000000000000 ) ) ;
#4948 = CARTESIAN_POINT ( 'NONE',  ( 72.99999999997548628, 0.9999999999999997780, -4.000000000000000000 ) ) ;
#4949 = ORIENTED_EDGE ( 'NONE', *, *, #723, .F. ) ;
#4950 = AXIS2_PLACEMENT_3D ( 'NONE', #5886, #1203, #6324 ) ;
#4951 = CYLINDRICAL_SURFACE ( 'NONE', #5440, 1.250000000010825785 ) ;
#4952 = DIRECTION ( 'NONE',  ( -0.000000000000000000, 1.000000000000000000, -0.000000000000000000 ) ) ;
#4953 = VECTOR ( 'NONE', #441, 1000.000000000000000 ) ;
#4954 = CARTESIAN_POINT ( 'NONE',  ( 3.600422215143917803, -3.000000000000000444, 0.4612601138281756663 ) ) ;
#4955 = FACE_OUTER_BOUND ( 'NONE', #1730, .T. ) ;
#4956 = DIRECTION ( 'NONE',  ( -1.000000000000000000, 0.000000000000000000, -3.755786496842901522E-16 ) ) ;
#4957 = VERTEX_POINT ( 'NONE', #5157 ) ;
#4958 = CARTESIAN_POINT ( 'NONE',  ( 17.69059892324149530, -1.399999999999999911, 3.999999999999998224 ) ) ;
#4959 = VERTEX_POINT ( 'NONE', #5091 ) ;
#4960 = VERTEX_POINT ( 'NONE', #1387 ) ;
#4961 = EDGE_CURVE ( 'NONE', #2362, #3404, #5388, .T. ) ;
#4962 = VECTOR ( 'NONE', #4819, 1000.000000000000000 ) ;
#4963 = CARTESIAN_POINT ( 'NONE',  ( 69.13908729650148643, 0.7499999999999988898, 5.689339828220187911 ) ) ;
#4964 = EDGE_CURVE ( 'NONE', #5599, #4770, #5567, .T. ) ;
#4965 = EDGE_LOOP ( 'NONE', ( #1718, #3870, #3978, #3347 ) ) ;
#4966 = FACE_OUTER_BOUND ( 'NONE', #3844, .T. ) ;
#4967 = CARTESIAN_POINT ( 'NONE',  ( 62.99999999995100097, -1.000000000000007994, 0.000000000000000000 ) ) ;
#4968 = AXIS2_PLACEMENT_3D ( 'NONE', #3899, #857, #1919 ) ;
#4969 = FACE_OUTER_BOUND ( 'NONE', #1506, .T. ) ;
#4970 = VECTOR ( 'NONE', #2312, 1000.000000000000000 ) ;
#4971 = EDGE_CURVE ( 'NONE', #4412, #998, #1991, .T. ) ;
#4972 = EDGE_LOOP ( 'NONE', ( #2126, #4535, #2717, #1408 ) ) ;
#4973 = VECTOR ( 'NONE', #146, 1000.000000000000000 ) ;
#4974 = ADVANCED_FACE ( 'NONE', ( #3518 ), #906, .F. ) ;
#4975 = AXIS2_PLACEMENT_3D ( 'NONE', #3010, #4573, #6420 ) ;
#4976 = ORIENTED_EDGE ( 'NONE', *, *, #3582, .T. ) ;
#4977 = ORIENTED_EDGE ( 'NONE', *, *, #2972, .T. ) ;
#4978 = VERTEX_POINT ( 'NONE', #3017 ) ;
#4979 = AXIS2_PLACEMENT_3D ( 'NONE', #6675, #4075, #2070 ) ;
#4980 = VECTOR ( 'NONE', #2376, 1000.000000000000000 ) ;
#4981 = CARTESIAN_POINT ( 'NONE',  ( 64.49999999995100097, 0.7499999999999984457, -7.000000000000010658 ) ) ;
#4982 = DIRECTION ( 'NONE',  ( -1.169476500658520487E-16, 1.000000000000000000, -0.000000000000000000 ) ) ;
#4983 = DIRECTION ( 'NONE',  ( 0.000000000000000000, 1.000000000000000000, 0.000000000000000000 ) ) ;
#4984 = VERTEX_POINT ( 'NONE', #2500 ) ;
#4985 = EDGE_CURVE ( 'NONE', #842, #2853, #4578, .T. ) ;
#4986 = CARTESIAN_POINT ( 'NONE',  ( 43.20665189580156351, -3.000000000000000000, 2.100000000000000089 ) ) ;
#4987 = CARTESIAN_POINT ( 'NONE',  ( 71.99999999995098676, -3.000000000000000444, 1.000000000000711209 ) ) ;
#4988 = FACE_OUTER_BOUND ( 'NONE', #3223, .T. ) ;
#4989 = CARTESIAN_POINT ( 'NONE',  ( 72.76999999995101120, 0.9790225092205675494, -1.949999999999279865 ) ) ;
#4990 = CARTESIAN_POINT ( 'NONE',  ( -2.931740830792171959, -3.000000000000000444, 1.755680837764117097 ) ) ;
#4991 = CARTESIAN_POINT ( 'NONE',  ( 69.13908729650148643, -3.000000000000000888, 5.689339828220187911 ) ) ;
#4992 = DIRECTION ( 'NONE',  ( -0.000000000000000000, -0.000000000000000000, 1.000000000000000000 ) ) ;
#4993 = ORIENTED_EDGE ( 'NONE', *, *, #2252, .F. ) ;
#4994 = DIRECTION ( 'NONE',  ( -0.7071067811865504593, -8.269447640539571424E-17, -0.7071067811865445751 ) ) ;
#4995 = ORIENTED_EDGE ( 'NONE', *, *, #1265, .F. ) ;
#4996 = EDGE_CURVE ( 'NONE', #6328, #5304, #1373, .T. ) ;
#4997 = ORIENTED_EDGE ( 'NONE', *, *, #1087, .T. ) ;
#4998 = CARTESIAN_POINT ( 'NONE',  ( 68.15470053833026043, -3.000000000000000000, -6.999999999999991118 ) ) ;
#4999 = AXIS2_PLACEMENT_3D ( 'NONE', #4587, #469, #1079 ) ;
#5000 = CARTESIAN_POINT ( 'NONE',  ( 42.30940107675849049, -8.234863458395914491E-15, -4.000000000000010658 ) ) ;
#5001 = CARTESIAN_POINT ( 'NONE',  ( 73.97999999995100495, 1.000000000000000666, -0.8549999999992630162 ) ) ;
#5002 = CARTESIAN_POINT ( 'NONE',  ( 64.49999999995100097, 0.9999999999999920064, -6.750000000000007994 ) ) ;
#5003 = EDGE_CURVE ( 'NONE', #5373, #6211, #3121, .T. ) ;
#5004 = ORIENTED_EDGE ( 'NONE', *, *, #4021, .F. ) ;
#5005 = EDGE_CURVE ( 'NONE', #4081, #6644, #4778, .T. ) ;
#5006 = DIRECTION ( 'NONE',  ( 0.5773502691896268413, 0.5773502691896252870, -0.5773502691896252870 ) ) ;
#5007 = CYLINDRICAL_SURFACE ( 'NONE', #2546, 1.500000000000001332 ) ;
#5008 = VECTOR ( 'NONE', #6408, 1000.000000000000000 ) ;
#5009 = CARTESIAN_POINT ( 'NONE',  ( 66.99999999997550049, 0.9999999999999991118, -6.750000000000001776 ) ) ;
#5010 = AXIS2_PLACEMENT_3D ( 'NONE', #4498, #4536, #4059 ) ;
#5011 = EDGE_CURVE ( 'NONE', #4060, #344, #5172, .T. ) ;
#5012 = ORIENTED_EDGE ( 'NONE', *, *, #3603, .F. ) ;
#5013 = VECTOR ( 'NONE', #4344, 1000.000000000000114 ) ;
#5014 = ORIENTED_EDGE ( 'NONE', *, *, #1413, .T. ) ;
#5015 = EDGE_CURVE ( 'NONE', #5707, #6664, #3185, .T. ) ;
#5016 = CYLINDRICAL_SURFACE ( 'NONE', #3333, 1.499999999999987566 ) ;
#5017 = CONICAL_SURFACE ( 'NONE', #4253, 1.499999999999996891, 0.7853981633974526089 ) ;
#5018 = LINE ( 'NONE', #4095, #3706 ) ;
#5019 = ORIENTED_EDGE ( 'NONE', *, *, #1709, .F. ) ;
#5020 = CIRCLE ( 'NONE', #5342, 0.5000000000000004441 ) ;
#5021 = CARTESIAN_POINT ( 'NONE',  ( 43.33238399642883820, 6.169729255289517766, -1.519868415357066516 ) ) ;
#5022 = CARTESIAN_POINT ( 'NONE',  ( 6.154700538379250574, -3.000000000000000000, -2.000000000000000000 ) ) ;
#5023 = EDGE_CURVE ( 'NONE', #2673, #2287, #1617, .T. ) ;
#5024 = DIRECTION ( 'NONE',  ( -0.000000000000000000, 1.000000000000000000, -0.000000000000000000 ) ) ;
#5025 = CARTESIAN_POINT ( 'NONE',  ( 49.37056274847713411, 2.599999999999997868, 5.999999999999990230 ) ) ;
#5026 = DIRECTION ( 'NONE',  ( 0.000000000000000000, 0.000000000000000000, 1.000000000000000000 ) ) ;
#5027 = ORIENTED_EDGE ( 'NONE', *, *, #1340, .T. ) ;
#5028 = DIRECTION ( 'NONE',  ( 0.4999999999999997780, -0.8660254037844387076, 0.000000000000000000 ) ) ;
#5029 = EDGE_LOOP ( 'NONE', ( #2414, #4637, #4201, #6654 ) ) ;
#5030 = FACE_OUTER_BOUND ( 'NONE', #1108, .T. ) ;
#5031 = PLANE ( 'NONE',  #4863 ) ;
#5032 = LINE ( 'NONE', #6578, #5263 ) ;
#5033 = DIRECTION ( 'NONE',  ( -0.000000000000000000, 1.000000000000000000, -0.000000000000000000 ) ) ;
#5034 = CARTESIAN_POINT ( 'NONE',  ( 71.99999999995094413, 0.9999999999999995559, 3.500000000000710987 ) ) ;
#5035 = ORIENTED_EDGE ( 'NONE', *, *, #1548, .F. ) ;
#5036 = CARTESIAN_POINT ( 'NONE',  ( 72.99999999997534417, 0.9999999999999997780, -6.999999999999906741 ) ) ;
#5037 = CARTESIAN_POINT ( 'NONE',  ( 73.24999999997548628, 0.7499999999999997780, -4.000000000000000000 ) ) ;
#5038 = LINE ( 'NONE', #5009, #3441 ) ;
#5039 = ORIENTED_EDGE ( 'NONE', *, *, #1633, .T. ) ;
#5040 = LINE ( 'NONE', #5611, #608 ) ;
#5041 = VERTEX_POINT ( 'NONE', #6703 ) ;
#5042 = ORIENTED_EDGE ( 'NONE', *, *, #5665, .T. ) ;
#5043 = DIRECTION ( 'NONE',  ( 0.4999999999999997780, 0.000000000000000000, -0.8660254037844387076 ) ) ;
#5044 = ORIENTED_EDGE ( 'NONE', *, *, #816, .T. ) ;
#5045 = EDGE_CURVE ( 'NONE', #1866, #4959, #1107, .T. ) ;
#5046 = PLANE ( 'NONE',  #4070 ) ;
#5047 = VECTOR ( 'NONE', #6621, 1000.000000000000114 ) ;
#5048 = CARTESIAN_POINT ( 'NONE',  ( 2.252917241754816668, -3.000000000000000000, -2.783688532418260753 ) ) ;
#5049 = EDGE_LOOP ( 'NONE', ( #5004, #5660, #4408, #1034, #3632 ) ) ;
#5050 = CARTESIAN_POINT ( 'NONE',  ( 18.84529946162074410, -1.399999999999999911, 2.000000000000001776 ) ) ;
#5051 = EDGE_CURVE ( 'NONE', #6185, #3158, #1588, .T. ) ;
#5052 = CARTESIAN_POINT ( 'NONE',  ( 52.99999999999999289, 0.9999999999999974465, 6.749999999999998224 ) ) ;
#5053 = CARTESIAN_POINT ( 'NONE',  ( 66.99999999995100097, -1.399999999999999911, -6.100000000000006750 ) ) ;
#5054 = CARTESIAN_POINT ( 'NONE',  ( 71.99999999995098676, 0.9999999999999995559, 0.5000000000007107648 ) ) ;
#5055 = EDGE_CURVE ( 'NONE', #4517, #6375, #1647, .T. ) ;
#5056 = CARTESIAN_POINT ( 'NONE',  ( -3.396428424468295848, -3.000000000000000000, 0.2311377870779129651 ) ) ;
#5057 = CIRCLE ( 'NONE', #5594, 1.100000000000001199 ) ;
#5058 = AXIS2_PLACEMENT_3D ( 'NONE', #3730, #576, #4213 ) ;
#5059 = PLANE ( 'NONE',  #3543 ) ;
#5060 = EDGE_LOOP ( 'NONE', ( #2013, #5127 ) ) ;
#5061 = CARTESIAN_POINT ( 'NONE',  ( 0.4796592625784026898, -3.000000000000000000, 2.782002136298052708 ) ) ;
#5062 = ORIENTED_EDGE ( 'NONE', *, *, #2474, .T. ) ;
#5063 = AXIS2_PLACEMENT_3D ( 'NONE', #912, #1454, #4452 ) ;
#5064 = FACE_OUTER_BOUND ( 'NONE', #4139, .T. ) ;
#5065 = PLANE ( 'NONE',  #5810 ) ;
#5066 = ORIENTED_EDGE ( 'NONE', *, *, #4497, .F. ) ;
#5067 = VECTOR ( 'NONE', #5497, 1000.000000000000000 ) ;
#5068 = LINE ( 'NONE', #2038, #3274 ) ;
#5069 = VECTOR ( 'NONE', #2568, 1000.000000000000000 ) ;
#5070 = EDGE_CURVE ( 'NONE', #4236, #407, #5187, .T. ) ;
#5071 = DIRECTION ( 'NONE',  ( -1.877893248421447556E-16, 0.000000000000000000, 1.000000000000000000 ) ) ;
#5072 = DIRECTION ( 'NONE',  ( 0.000000000000000000, 0.000000000000000000, -1.000000000000000000 ) ) ;
#5073 = DIRECTION ( 'NONE',  ( -1.000000000000000000, 0.000000000000000000, 0.000000000000000000 ) ) ;
#5074 = AXIS2_PLACEMENT_3D ( 'NONE', #705, #2770, #4406 ) ;
#5075 = DIRECTION ( 'NONE',  ( 0.000000000000000000, 0.000000000000000000, 1.000000000000000000 ) ) ;
#5076 = EDGE_LOOP ( 'NONE', ( #2813, #2969, #2653, #3195 ) ) ;
#5077 = AXIS2_PLACEMENT_3D ( 'NONE', #4705, #141, #6325 ) ;
#5078 = ORIENTED_EDGE ( 'NONE', *, *, #6208, .T. ) ;
#5079 = CIRCLE ( 'NONE', #4100, 1.499999999999996225 ) ;
#5080 = DIRECTION ( 'NONE',  ( 0.000000000000000000, 0.000000000000000000, 1.000000000000000000 ) ) ;
#5081 = ORIENTED_EDGE ( 'NONE', *, *, #1554, .T. ) ;
#5082 = CARTESIAN_POINT ( 'NONE',  ( 71.99999999997550049, 0.9999999999999995559, 4.000000000000000000 ) ) ;
#5083 = EDGE_CURVE ( 'NONE', #1848, #778, #4708, .T. ) ;
#5084 = FACE_OUTER_BOUND ( 'NONE', #4076, .T. ) ;
#5085 = VECTOR ( 'NONE', #3785, 1000.000000000000000 ) ;
#5086 = CARTESIAN_POINT ( 'NONE',  ( 65.84529946157174152, -1.399999999999999911, -6.999999999999992006 ) ) ;
#5087 = DIRECTION ( 'NONE',  ( 0.000000000000000000, 0.000000000000000000, 1.000000000000000000 ) ) ;
#5088 = CARTESIAN_POINT ( 'NONE',  ( 39.99999999999999289, 0.000000000000000000, -4.000000000000010658 ) ) ;
#5089 = FACE_OUTER_BOUND ( 'NONE', #590, .T. ) ;
#5090 = EDGE_CURVE ( 'NONE', #4175, #778, #5256, .T. ) ;
#5091 = CARTESIAN_POINT ( 'NONE',  ( 73.24999999997551470, 0.7500000000000002220, 3.699747468330344624 ) ) ;
#5092 = ORIENTED_EDGE ( 'NONE', *, *, #5958, .F. ) ;
#5093 = DIRECTION ( 'NONE',  ( -0.000000000000000000, 1.000000000000000000, -0.000000000000000000 ) ) ;
#5094 = EDGE_LOOP ( 'NONE', ( #174, #4812, #3001, #5368 ) ) ;
#5095 = CARTESIAN_POINT ( 'NONE',  ( 70.02999999995098790, 1.000000000000000222, -0.2999999999993115396 ) ) ;
#5096 = EDGE_LOOP ( 'NONE', ( #1374, #2384, #5215, #6359, #1437, #2958 ) ) ;
#5097 = DIRECTION ( 'NONE',  ( -1.000000000000000000, 0.000000000000000000, 0.000000000000000000 ) ) ;
#5098 = LINE ( 'NONE', #1361, #3539 ) ;
#5099 = LINE ( 'NONE', #6238, #1399 ) ;
#5100 = LINE ( 'NONE', #1053, #451 ) ;
#5101 = EDGE_LOOP ( 'NONE', ( #3167, #3596 ) ) ;
#5102 = ORIENTED_EDGE ( 'NONE', *, *, #1270, .F. ) ;
#5103 = FACE_OUTER_BOUND ( 'NONE', #2459, .T. ) ;
#5104 = ADVANCED_FACE ( 'NONE', ( #4675 ), #3114, .F. ) ;
#5105 = AXIS2_PLACEMENT_3D ( 'NONE', #803, #1384, #5997 ) ;
#5106 = CIRCLE ( 'NONE', #5547, 7.000000000000002665 ) ;
#5107 = ORIENTED_EDGE ( 'NONE', *, *, #6308, .F. ) ;
#5108 = VECTOR ( 'NONE', #5458, 1000.000000000000000 ) ;
#5109 = ORIENTED_EDGE ( 'NONE', *, *, #4189, .F. ) ;
#5110 = EDGE_CURVE ( 'NONE', #950, #4233, #1141, .T. ) ;
#5111 = CARTESIAN_POINT ( 'NONE',  ( 44.94974746830583712, 4.949747468305822906, 1.307530621479054300 ) ) ;
#5112 = CARTESIAN_POINT ( 'NONE',  ( 1.870892105447385045, -3.000000000000000000, -3.037962092972498862 ) ) ;
#5113 = ORIENTED_EDGE ( 'NONE', *, *, #365, .T. ) ;
#5114 = FACE_BOUND ( 'NONE', #5759, .T. ) ;
#5115 = DIRECTION ( 'NONE',  ( 1.000000000000000000, 1.280406899082450539E-16, -0.000000000000000000 ) ) ;
#5116 = EDGE_LOOP ( 'NONE', ( #793, #2735 ) ) ;
#5117 = CYLINDRICAL_SURFACE ( 'NONE', #305, 1.100000000000006306 ) ;
#5118 = ADVANCED_FACE ( 'NONE', ( #2193 ), #2670, .F. ) ;
#5119 = ORIENTED_EDGE ( 'NONE', *, *, #734, .T. ) ;
#5120 = CONICAL_SURFACE ( 'NONE', #3376, 2.000000000000002665, 0.7853981633974482790 ) ;
#5121 = DIRECTION ( 'NONE',  ( -0.000000000000000000, -1.000000000000000000, -0.000000000000000000 ) ) ;
#5122 = EDGE_CURVE ( 'NONE', #5221, #5671, #86, .T. ) ;
#5123 = DIRECTION ( 'NONE',  ( -0.000000000000000000, 1.000000000000000000, -0.000000000000000000 ) ) ;
#5124 = EDGE_LOOP ( 'NONE', ( #3455, #3540 ) ) ;
#5125 = DIRECTION ( 'NONE',  ( -0.7071067811902260747, -8.269447640582554483E-17, 0.7071067811828690708 ) ) ;
#5126 = DIRECTION ( 'NONE',  ( -0.7071067811865460184, -0.7071067811865490160, 1.630079379862719496E-17 ) ) ;
#5127 = ORIENTED_EDGE ( 'NONE', *, *, #5264, .T. ) ;
#5128 = CARTESIAN_POINT ( 'NONE',  ( -2.550994742909456825, -3.000000000000000444, 0.9032634787882878324 ) ) ;
#5129 = ORIENTED_EDGE ( 'NONE', *, *, #2992, .T. ) ;
#5130 = AXIS2_PLACEMENT_3D ( 'NONE', #3530, #6643, #1016 ) ;
#5131 = CARTESIAN_POINT ( 'NONE',  ( 72.76999999995101120, 1.000000000000000444, -0.9249999999992816191 ) ) ;
#5132 = ORIENTED_EDGE ( 'NONE', *, *, #5617, .T. ) ;
#5133 = DIRECTION ( 'NONE',  ( 1.362023050420387124E-17, -1.000000000000000000, 0.000000000000000000 ) ) ;
#5134 = ADVANCED_FACE ( 'NONE', ( #3653 ), #2454, .F. ) ;
#5135 = CARTESIAN_POINT ( 'NONE',  ( 70.19974746828131629, -2.749999999999992895, 6.750000000000000888 ) ) ;
#5136 = VERTEX_POINT ( 'NONE', #6265 ) ;
#5137 = DIRECTION ( 'NONE',  ( -0.7071067811865489050, -0.7071067811865462405, 0.000000000000000000 ) ) ;
#5138 = VERTEX_POINT ( 'NONE', #2159 ) ;
#5139 = DIRECTION ( 'NONE',  ( 0.000000000000000000, 0.000000000000000000, -1.000000000000000000 ) ) ;
#5140 = EDGE_CURVE ( 'NONE', #4663, #5192, #6565, .T. ) ;
#5141 = VERTEX_POINT ( 'NONE', #5320 ) ;
#5142 = LINE ( 'NONE', #1122, #3120 ) ;
#5143 = DIRECTION ( 'NONE',  ( 0.000000000000000000, 0.000000000000000000, 1.000000000000000000 ) ) ;
#5144 = LINE ( 'NONE', #5241, #5733 ) ;
#5145 = ORIENTED_EDGE ( 'NONE', *, *, #5775, .T. ) ;
#5146 = DIRECTION ( 'NONE',  ( 0.000000000000000000, 0.000000000000000000, 1.000000000000000000 ) ) ;
#5147 = ORIENTED_EDGE ( 'NONE', *, *, #4621, .T. ) ;
#5148 = CARTESIAN_POINT ( 'NONE',  ( 43.68540484120102718, 5.965119069968801035, -1.509396809922435301 ) ) ;
#5149 = VERTEX_POINT ( 'NONE', #4138 ) ;
#5150 = LINE ( 'NONE', #5086, #4757 ) ;
#5151 = ORIENTED_EDGE ( 'NONE', *, *, #6188, .T. ) ;
#5152 = VECTOR ( 'NONE', #5243, 1000.000000000000114 ) ;
#5153 = DIRECTION ( 'NONE',  ( 0.000000000000000000, 0.000000000000000000, 1.000000000000000000 ) ) ;
#5154 = DIRECTION ( 'NONE',  ( 1.000000000000000000, 0.000000000000000000, -0.000000000000000000 ) ) ;
#5155 = CARTESIAN_POINT ( 'NONE',  ( 21.15470053837925235, -1.399999999999999911, -5.999999999999997335 ) ) ;
#5156 = ORIENTED_EDGE ( 'NONE', *, *, #2992, .F. ) ;
#5157 = CARTESIAN_POINT ( 'NONE',  ( 74.66421356237310647, -2.749999999999992895, 1.664213562373100475 ) ) ;
#5158 = VERTEX_POINT ( 'NONE', #5963 ) ;
#5159 = CARTESIAN_POINT ( 'NONE',  ( -2.117956841050662842, -3.000000000000000444, 1.710070793984824977 ) ) ;
#5160 = ORIENTED_EDGE ( 'NONE', *, *, #2095, .F. ) ;
#5161 = CARTESIAN_POINT ( 'NONE',  ( 41.15470053837923814, 1.999999999999994449, -4.000000000000010658 ) ) ;
#5162 = CARTESIAN_POINT ( 'NONE',  ( 69.07127517893778190, -3.000000000000000000, 5.412446153538553517 ) ) ;
#5163 = AXIS2_PLACEMENT_3D ( 'NONE', #188, #837, #4043 ) ;
#5164 = CARTESIAN_POINT ( 'NONE',  ( 19.99999999999999645, -3.000000000000000888, -4.000000000000000000 ) ) ;
#5165 = ADVANCED_FACE ( 'NONE', ( #3278 ), #3796, .F. ) ;
#5166 = DIRECTION ( 'NONE',  ( -0.000000000000000000, -1.000000000000000000, -0.000000000000000000 ) ) ;
#5167 = ORIENTED_EDGE ( 'NONE', *, *, #1228, .T. ) ;
#5168 = VERTEX_POINT ( 'NONE', #5357 ) ;
#5169 = CYLINDRICAL_SURFACE ( 'NONE', #4859, 6.999999999999999112 ) ;
#5170 = CARTESIAN_POINT ( 'NONE',  ( 72.00000000000349587, -3.000000000000000000, -5.000000000021662672 ) ) ;
#5171 = AXIS2_PLACEMENT_3D ( 'NONE', #5453, #1504, #890 ) ;
#5172 = CIRCLE ( 'NONE', #5280, 1.099999999999999423 ) ;
#5173 = EDGE_CURVE ( 'NONE', #5138, #2455, #4505, .T. ) ;
#5174 = EDGE_LOOP ( 'NONE', ( #3355, #3794, #4008, #3924 ) ) ;
#5175 = TOROIDAL_SURFACE ( 'NONE', #5709, 3.100000000000000977, 2.100000000000000089 ) ;
#5176 = EDGE_CURVE ( 'NONE', #1918, #5964, #1313, .T. ) ;
#5177 = VECTOR ( 'NONE', #2855, 1000.000000000000000 ) ;
#5178 = PLANE ( 'NONE',  #5876 ) ;
#5179 = ORIENTED_EDGE ( 'NONE', *, *, #897, .F. ) ;
#5180 = DIRECTION ( 'NONE',  ( -0.000000000000000000, 1.000000000000000000, -0.000000000000000000 ) ) ;
#5181 = VERTEX_POINT ( 'NONE', #5456 ) ;
#5182 = AXIS2_PLACEMENT_3D ( 'NONE', #4143, #4548, #6607 ) ;
#5183 = ORIENTED_EDGE ( 'NONE', *, *, #1040, .F. ) ;
#5184 = DIRECTION ( 'NONE',  ( 0.000000000000000000, 1.000000000000000000, 0.000000000000000000 ) ) ;
#5185 = FACE_BOUND ( 'NONE', #2290, .T. ) ;
#5186 = ORIENTED_EDGE ( 'NONE', *, *, #5912, .T. ) ;
#5187 = LINE ( 'NONE', #533, #6348 ) ;
#5188 = ORIENTED_EDGE ( 'NONE', *, *, #518, .F. ) ;
#5189 = AXIS2_PLACEMENT_3D ( 'NONE', #6400, #1751, #3837 ) ;
#5190 = DIRECTION ( 'NONE',  ( -1.169476500658520487E-16, 1.000000000000000000, -0.000000000000000000 ) ) ;
#5191 = CARTESIAN_POINT ( 'NONE',  ( 71.99999999995094413, -3.000000000000000444, 4.500000000000711431 ) ) ;
#5192 = VERTEX_POINT ( 'NONE', #799 ) ;
#5193 = CARTESIAN_POINT ( 'NONE',  ( 78.36243686706414735, 1.000000000000000444, -3.887563132935937471 ) ) ;
#5194 = DIRECTION ( 'NONE',  ( -0.7071067811865460184, -0.7071067811865490160, 8.150396899313597481E-18 ) ) ;
#5195 = VECTOR ( 'NONE', #3729, 1000.000000000000000 ) ;
#5196 = DIRECTION ( 'NONE',  ( 0.4999999999999997780, 0.000000000000000000, -0.8660254037844387076 ) ) ;
#5197 = DIRECTION ( 'NONE',  ( 0.7071067811865574537, 0.7071067811865376918, 0.000000000000000000 ) ) ;
#5198 = CARTESIAN_POINT ( 'NONE',  ( 69.07127517893778190, -3.000000000000000000, -5.412446153538551741 ) ) ;
#5199 = ORIENTED_EDGE ( 'NONE', *, *, #4125, .T. ) ;
#5200 = FACE_OUTER_BOUND ( 'NONE', #4337, .T. ) ;
#5201 = ORIENTED_EDGE ( 'NONE', *, *, #2518, .F. ) ;
#5202 = ORIENTED_EDGE ( 'NONE', *, *, #1304, .T. ) ;
#5203 = ADVANCED_FACE ( 'NONE', ( #4400 ), #3485, .F. ) ;
#5204 = DIRECTION ( 'NONE',  ( -0.8660254037844388186, 0.4999999999999996114, 9.229236442753881188E-17 ) ) ;
#5205 = CARTESIAN_POINT ( 'NONE',  ( 72.76999999995101120, 0.9790225092205675494, -0.9499999999992788657 ) ) ;
#5206 = DIRECTION ( 'NONE',  ( 9.899527020402261030E-17, -0.7071067811865475727, 0.7071067811865475727 ) ) ;
#5207 = EDGE_CURVE ( 'NONE', #1280, #4366, #2800, .T. ) ;
#5208 = ORIENTED_EDGE ( 'NONE', *, *, #1148, .T. ) ;
#5209 = EDGE_CURVE ( 'NONE', #6154, #1837, #3869, .T. ) ;
#5210 = CARTESIAN_POINT ( 'NONE',  ( 21.15470053837924169, -1.399999999999999911, 5.999999999999998224 ) ) ;
#5211 = ADVANCED_FACE ( 'NONE', ( #1856 ), #5017, .F. ) ;
#5212 = DIRECTION ( 'NONE',  ( 0.5000000000000024425, 0.000000000000000000, -0.8660254037844372643 ) ) ;
#5213 = ORIENTED_EDGE ( 'NONE', *, *, #341, .T. ) ;
#5214 = DIRECTION ( 'NONE',  ( 1.000000000000000000, 0.000000000000000000, -2.305280366746587194E-17 ) ) ;
#5215 = ORIENTED_EDGE ( 'NONE', *, *, #3969, .T. ) ;
#5216 = AXIS2_PLACEMENT_3D ( 'NONE', #1324, #5467, #809 ) ;
#5217 = EDGE_CURVE ( 'NONE', #240, #3564, #4574, .T. ) ;
#5218 = LINE ( 'NONE', #427, #3977 ) ;
#5219 = CYLINDRICAL_SURFACE ( 'NONE', #3761, 0.5000000000000004441 ) ;
#5220 = AXIS2_PLACEMENT_3D ( 'NONE', #3008, #6627, #6558 ) ;
#5221 = VERTEX_POINT ( 'NONE', #3415 ) ;
#5222 = CARTESIAN_POINT ( 'NONE',  ( 75.25000000000001421, -3.000000000000000000, 0.2500000000000004996 ) ) ;
#5223 = EDGE_LOOP ( 'NONE', ( #1142, #2100, #1997, #2631 ) ) ;
#5224 = DIRECTION ( 'NONE',  ( -1.000000000000000000, 0.000000000000000000, 1.152640183373293597E-17 ) ) ;
#5225 = ORIENTED_EDGE ( 'NONE', *, *, #3541, .F. ) ;
#5226 = CARTESIAN_POINT ( 'NONE',  ( 62.49999999995100097, -0.5000000000000075495, -7.000000000000010658 ) ) ;
#5227 = CIRCLE ( 'NONE', #1193, 0.5249999999999976907 ) ;
#5228 = ADVANCED_FACE ( 'NONE', ( #143 ), #5554, .F. ) ;
#5229 = CARTESIAN_POINT ( 'NONE',  ( 72.76999999995101120, 1.000000000000000444, -1.449999999999279421 ) ) ;
#5230 = DIRECTION ( 'NONE',  ( -0.000000000000000000, 1.000000000000000000, -0.000000000000000000 ) ) ;
#5231 = LINE ( 'NONE', #3229, #62 ) ;
#5232 = ORIENTED_EDGE ( 'NONE', *, *, #5884, .F. ) ;
#5233 = CARTESIAN_POINT ( 'NONE',  ( 44.94974746830583712, 4.949747468305823794, -7.000000000000010658 ) ) ;
#5234 = DIRECTION ( 'NONE',  ( 0.5000000000000003331, 0.000000000000000000, 0.8660254037844383745 ) ) ;
#5235 = ORIENTED_EDGE ( 'NONE', *, *, #6244, .F. ) ;
#5236 = DIRECTION ( 'NONE',  ( 0.000000000000000000, 0.000000000000000000, 1.000000000000000000 ) ) ;
#5237 = ORIENTED_EDGE ( 'NONE', *, *, #4387, .F. ) ;
#5238 = EDGE_CURVE ( 'NONE', #303, #3575, #1821, .T. ) ;
#5239 = CARTESIAN_POINT ( 'NONE',  ( 21.15470053837924880, -3.000000000000000000, -1.999999999999998224 ) ) ;
#5240 = DIRECTION ( 'NONE',  ( -1.169476500658520487E-16, 1.000000000000000000, -0.000000000000000000 ) ) ;
#5241 = CARTESIAN_POINT ( 'NONE',  ( 72.99999999997550049, 0.9999999999999997780, -3.699747468330327749 ) ) ;
#5242 = DIRECTION ( 'NONE',  ( 0.7071067811865328068, -0.7071067811865622277, -0.000000000000000000 ) ) ;
#5243 = DIRECTION ( 'NONE',  ( 0.5000000000000004441, 0.000000000000000000, -0.8660254037844383745 ) ) ;
#5244 = CARTESIAN_POINT ( 'NONE',  ( 70.19974746828131629, 0.9999999999999993339, -4.999999999999999112 ) ) ;
#5245 = DIRECTION ( 'NONE',  ( -0.000000000000000000, -1.000000000000000000, -0.000000000000000000 ) ) ;
#5246 = ORIENTED_EDGE ( 'NONE', *, *, #2420, .F. ) ;
#5247 = EDGE_CURVE ( 'NONE', #2853, #6361, #5487, .T. ) ;
#5248 = DIRECTION ( 'NONE',  ( -0.000000000000000000, -0.000000000000000000, -1.000000000000000000 ) ) ;
#5249 = ORIENTED_EDGE ( 'NONE', *, *, #679, .T. ) ;
#5250 = EDGE_CURVE ( 'NONE', #3829, #3866, #224, .T. ) ;
#5251 = VERTEX_POINT ( 'NONE', #4303 ) ;
#5252 = B_SPLINE_CURVE_WITH_KNOTS ( 'NONE', 3,
 ( #5482, #5351, #2894, #2320, #3827, #5381, #136, #5450, #2852, #2356, #5920, #1779, #6353, #4393, #2217, #4430, #4293, #6486 ),
 .UNSPECIFIED., .F., .F.,
 ( 4, 2, 2, 2, 2, 2, 2, 2, 4 ),
 ( 0.000000000000000000, 0.0006896976157938843836, 0.001034546423690826250, 0.001206970827639297075, 0.001379395231587768117, 0.001551819635536239158, 0.001724244039484710417, 0.002069092847381664643, 0.002758790463175586974 ),
 .UNSPECIFIED. ) ;
#5253 = CARTESIAN_POINT ( 'NONE',  ( 19.99999999999999645, 1.000000000000000000, -2.900000000000000799 ) ) ;
#5254 = LINE ( 'NONE', #2260, #2464 ) ;
#5255 = ORIENTED_EDGE ( 'NONE', *, *, #6382, .F. ) ;
#5256 = LINE ( 'NONE', #600, #2240 ) ;
#5257 = ORIENTED_EDGE ( 'NONE', *, *, #2896, .F. ) ;
#5258 = ADVANCED_FACE ( 'NONE', ( #1786 ), #1748, .F. ) ;
#5259 = CARTESIAN_POINT ( 'NONE',  ( 45.83502884254438925, 4.064466094067268109, -5.999999999999992006 ) ) ;
#5260 = CARTESIAN_POINT ( 'NONE',  ( 75.25000000000001421, -2.749999999999992895, -7.000000000000007994 ) ) ;
#5261 = ORIENTED_EDGE ( 'NONE', *, *, #1306, .F. ) ;
#5262 = FACE_OUTER_BOUND ( 'NONE', #1655, .T. ) ;
#5263 = VECTOR ( 'NONE', #6073, 1000.000000000000000 ) ;
#5264 = EDGE_CURVE ( 'NONE', #4791, #2603, #3170, .T. ) ;
#5265 = CARTESIAN_POINT ( 'NONE',  ( 5.000000000000000000, 1.000000000000000000, -4.000000000000000000 ) ) ;
#5266 = LINE ( 'NONE', #5696, #6252 ) ;
#5267 = LINE ( 'NONE', #5864, #2696 ) ;
#5268 = AXIS2_PLACEMENT_3D ( 'NONE', #774, #4347, #5432 ) ;
#5269 = DIRECTION ( 'NONE',  ( -1.169476500658520487E-16, 1.000000000000000000, -0.000000000000000000 ) ) ;
#5270 = LINE ( 'NONE', #712, #6630 ) ;
#5271 = EDGE_LOOP ( 'NONE', ( #2039, #6038 ) ) ;
#5272 = ORIENTED_EDGE ( 'NONE', *, *, #6074, .F. ) ;
#5273 = AXIS2_PLACEMENT_3D ( 'NONE', #6301, #2742, #2234 ) ;
#5274 = LINE ( 'NONE', #2623, #289 ) ;
#5275 = CARTESIAN_POINT ( 'NONE',  ( 54.29999999999994742, 3.899999999999954614, -5.450000000000048139 ) ) ;
#5276 = VECTOR ( 'NONE', #3831, 1000.000000000000000 ) ;
#5277 = DIRECTION ( 'NONE',  ( 4.622038565550839722E-14, 5.405365487549123900E-30, 1.000000000000000000 ) ) ;
#5278 = DIRECTION ( 'NONE',  ( -0.7071067811865462405, 0.7071067811865489050, 8.150396899313600562E-18 ) ) ;
#5279 = ORIENTED_EDGE ( 'NONE', *, *, #4921, .F. ) ;
#5280 = AXIS2_PLACEMENT_3D ( 'NONE', #6327, #3756, #3720 ) ;
#5281 = DIRECTION ( 'NONE',  ( -0.000000000000000000, -1.000000000000000000, -0.000000000000000000 ) ) ;
#5282 = ORIENTED_EDGE ( 'NONE', *, *, #5693, .F. ) ;
#5283 = AXIS2_PLACEMENT_3D ( 'NONE', #6124, #6225, #1073 ) ;
#5284 = LINE ( 'NONE', #5419, #3818 ) ;
#5285 = ORIENTED_EDGE ( 'NONE', *, *, #804, .F. ) ;
#5286 = CLOSED_SHELL ( 'NONE', ( #3265, #3480, #4825, #2702, #6614, #1435, #5314, #3095, #2923, #4226, #4395, #790, #4525, #2542, #4241, #4353, #262, #1904, #4872, #468, #5118, #1671, #642, #1525, #166, #3297, #5743, #4844, #2209, #2725, #3066, #995, #6448, #1135, #1852, #1557, #5812, #109, #3998, #3292, #5571, #5165, #4805, #4010, #4834, #1091, #223, #19, #1264, #1756, #2456, #5826, #4140, #6317, #6394, #2698, #4306, #3111, #93, #6707, #5692, #1545, #175, #5378, #2003, #5872, #104, #5785, #5639, #2877, #4342, #3499, #3963, #6367, #5631, #6681, #6311, #3471, #6362, #1819, #76, #275, #2342, #5987, #6218, #4204, #5776, #5104, #2932, #388, #3037, #1430, #4974, #2059, #4785, #3149, #4091, #5774, #1608, #2926, #2586, #1636, #3608, #5859, #2753, #6653, #4082, #5382, #500, #2105, #6516, #6273, #2219, #4734, #4161, #1191, #3670, #491, #3029, #4932, #4903, #5507, #5545, #5301, #3675, #5751, #5691, #2566, #4207, #2694, #1223, #1845, #935, #346, #5134, #2056, #3465, #1213, #311, #5492, #195, #267, #2794, #561, #2710, #3144, #3847, #3395, #4436, #3508, #232, #786, #3125, #844, #3191, #399, #5455, #428, #3431, #1883, #3399, #3780, #5815, #4582, #130, #2269, #5801, #3061, #252, #6521, #4264, #466, #2634, #5228, #2804, #1132, #5905, #5203, #587, #4295, #6137, #2866, #5745, #3557, #1780, #891, #565, #653, #4604, #3218, #3707, #5258, #2133, #1382, #1062, #2845, #250, #2684, #381, #555, #592, #1143, #3107, #1181, #5615, #6235, #3595, #1171, #6628, #3830, #4593, #1234, #5211, #1327, #5337, #5459 ) ) ;
#5287 = ORIENTED_EDGE ( 'NONE', *, *, #3803, .F. ) ;
#5288 = DIRECTION ( 'NONE',  ( -0.2810846377148061848, -0.6785983445458497743, -0.6785983445458502183 ) ) ;
#5289 = EDGE_CURVE ( 'NONE', #4616, #4412, #3823, .T. ) ;
#5290 = CIRCLE ( 'NONE', #4968, 0.5000000000000004441 ) ;
#5291 = DIRECTION ( 'NONE',  ( -0.000000000000000000, -1.000000000000000000, -0.000000000000000000 ) ) ;
#5292 = EDGE_LOOP ( 'NONE', ( #1075, #1063, #3401, #1271 ) ) ;
#5293 = DIRECTION ( 'NONE',  ( 0.000000000000000000, 0.000000000000000000, 1.000000000000000000 ) ) ;
#5294 = ORIENTED_EDGE ( 'NONE', *, *, #4170, .F. ) ;
#5295 = CARTESIAN_POINT ( 'NONE',  ( 19.99999999999999645, -1.399999999999999911, -2.900000000000000799 ) ) ;
#5296 = CARTESIAN_POINT ( 'NONE',  ( 68.60039830989900622, -2.749999999999996003, 6.228028814822692105 ) ) ;
#5297 = ORIENTED_EDGE ( 'NONE', *, *, #349, .T. ) ;
#5298 = CIRCLE ( 'NONE', #2359, 1.249999999989157340 ) ;
#5299 = CARTESIAN_POINT ( 'NONE',  ( 21.15470053837924524, -3.000000000000000000, 2.000000000000001776 ) ) ;
#5300 = PLANE ( 'NONE',  #4360 ) ;
#5301 = ADVANCED_FACE ( 'NONE', ( #4370 ), #3346, .F. ) ;
#5302 = DIRECTION ( 'NONE',  ( -0.7071067811865446862, 0.7071067811865504593, -6.536549625213570357E-14 ) ) ;
#5303 = CARTESIAN_POINT ( 'NONE',  ( 69.13908729650148643, -2.749999999999992895, -5.689339828220181694 ) ) ;
#5304 = VERTEX_POINT ( 'NONE', #6624 ) ;
#5305 = CARTESIAN_POINT ( 'NONE',  ( 66.99999999997550049, 0.9999999999999991118, 6.749999999999998224 ) ) ;
#5306 = DIRECTION ( 'NONE',  ( -0.000000000000000000, -0.000000000000000000, -1.000000000000000000 ) ) ;
#5307 = ORIENTED_EDGE ( 'NONE', *, *, #5173, .F. ) ;
#5308 = VECTOR ( 'NONE', #575, 1000.000000000000000 ) ;
#5309 = FACE_OUTER_BOUND ( 'NONE', #56, .T. ) ;
#5310 = DIRECTION ( 'NONE',  ( -0.000000000000000000, -1.000000000000000000, -0.000000000000000000 ) ) ;
#5311 = EDGE_CURVE ( 'NONE', #2503, #3439, #415, .T. ) ;
#5312 = DIRECTION ( 'NONE',  ( 0.000000000000000000, 0.000000000000000000, 1.000000000000000000 ) ) ;
#5313 = CARTESIAN_POINT ( 'NONE',  ( 5.000000000000000000, 1.000000000000000000, 4.000000000000000000 ) ) ;
#5314 = ADVANCED_FACE ( 'NONE', ( #5558 ), #963, .F. ) ;
#5315 = ORIENTED_EDGE ( 'NONE', *, *, #1005, .T. ) ;
#5316 = CARTESIAN_POINT ( 'NONE',  ( -0.7888449975818624393, -2.999999999999999556, -2.658015835410707073 ) ) ;
#5317 = ORIENTED_EDGE ( 'NONE', *, *, #2410, .T. ) ;
#5318 = LINE ( 'NONE', #665, #3641 ) ;
#5319 = EDGE_LOOP ( 'NONE', ( #3197, #111, #5451, #1815 ) ) ;
#5320 = CARTESIAN_POINT ( 'NONE',  ( 74.66421356238281248, 0.7499999999999997780, -1.664213562358324072 ) ) ;
#5321 = ORIENTED_EDGE ( 'NONE', *, *, #3824, .F. ) ;
#5322 = DIRECTION ( 'NONE',  ( 1.000000000000000000, 1.239088197126289584E-16, 0.000000000000000000 ) ) ;
#5323 = VECTOR ( 'NONE', #5028, 1000.000000000000227 ) ;
#5324 = CARTESIAN_POINT ( 'NONE',  ( 39.99999999999999289, 0.000000000000000000, 4.999999999999999112 ) ) ;
#5325 = EDGE_CURVE ( 'NONE', #5149, #3974, #1971, .T. ) ;
#5326 = PLANE ( 'NONE',  #1706 ) ;
#5327 = EDGE_CURVE ( 'NONE', #3732, #645, #5018, .T. ) ;
#5328 = EDGE_CURVE ( 'NONE', #6393, #298, #1513, .T. ) ;
#5329 = CARTESIAN_POINT ( 'NONE',  ( 32.56497115745560933, 2.464466094067271573, 5.999999999999993783 ) ) ;
#5330 = CARTESIAN_POINT ( 'NONE',  ( 17.69059892324149175, -1.399999999999999911, -3.999999999999998224 ) ) ;
#5331 = DIRECTION ( 'NONE',  ( -0.7071067811865474617, 0.7071067811865474617, 8.150396899313615969E-18 ) ) ;
#5332 = ORIENTED_EDGE ( 'NONE', *, *, #4387, .T. ) ;
#5333 = FACE_OUTER_BOUND ( 'NONE', #5738, .T. ) ;
#5334 = ORIENTED_EDGE ( 'NONE', *, *, #2353, .T. ) ;
#5335 = VECTOR ( 'NONE', #5194, 1000.000000000000114 ) ;
#5336 = ORIENTED_EDGE ( 'NONE', *, *, #1985, .F. ) ;
#5337 = ADVANCED_FACE ( 'NONE', ( #350 ), #5120, .T. ) ;
#5338 = ORIENTED_EDGE ( 'NONE', *, *, #5122, .F. ) ;
#5339 = DIRECTION ( 'NONE',  ( 0.000000000000000000, 0.000000000000000000, -1.000000000000000000 ) ) ;
#5340 = DIRECTION ( 'NONE',  ( 0.000000000000000000, 0.000000000000000000, 1.000000000000000000 ) ) ;
#5341 = VECTOR ( 'NONE', #2361, 1000.000000000000227 ) ;
#5342 = AXIS2_PLACEMENT_3D ( 'NONE', #4472, #5532, #903 ) ;
#5343 = EDGE_CURVE ( 'NONE', #1534, #998, #993, .T. ) ;
#5344 = CARTESIAN_POINT ( 'NONE',  ( 45.30377700276709163, 4.595717933844578162, -1.186761291260954865 ) ) ;
#5345 = LINE ( 'NONE', #4769, #1026 ) ;
#5346 = CIRCLE ( 'NONE', #2733, 2.799999999999999822 ) ;
#5347 = PLANE ( 'NONE',  #1066 ) ;
#5348 = LINE ( 'NONE', #691, #5513 ) ;
#5349 = VERTEX_POINT ( 'NONE', #6555 ) ;
#5350 = ORIENTED_EDGE ( 'NONE', *, *, #2117, .F. ) ;
#5351 = CARTESIAN_POINT ( 'NONE',  ( 45.97837141074472811, 3.921123525866933690, 0.7491320445008066153 ) ) ;
#5352 = VERTEX_POINT ( 'NONE', #6525 ) ;
#5353 = VERTEX_POINT ( 'NONE', #898 ) ;
#5354 = LINE ( 'NONE', #1745, #5383 ) ;
#5355 = FACE_OUTER_BOUND ( 'NONE', #4150, .T. ) ;
#5356 = ORIENTED_EDGE ( 'NONE', *, *, #4672, .F. ) ;
#5357 = CARTESIAN_POINT ( 'NONE',  ( 70.19974746828131629, 0.7499999999999988898, -5.249999999999999112 ) ) ;
#5358 = VERTEX_POINT ( 'NONE', #2458 ) ;
#5359 = DIRECTION ( 'NONE',  ( 0.000000000000000000, 0.6427876096865963174, 0.7660444431189300518 ) ) ;
#5360 = DIRECTION ( 'NONE',  ( 1.000000000000000000, 0.000000000000000000, -0.000000000000000000 ) ) ;
#5361 = CARTESIAN_POINT ( 'NONE',  ( 22.30940107675849404, -1.399999999999999911, 3.999999999999999112 ) ) ;
#5362 = CARTESIAN_POINT ( 'NONE',  ( 72.00000000000048317, 0.7499999999999993339, -5.250000000021676883 ) ) ;
#5363 = DIRECTION ( 'NONE',  ( -1.000000000000000000, -1.776356839400250859E-15, 0.000000000000000000 ) ) ;
#5364 = CARTESIAN_POINT ( 'NONE',  ( 6.154700538379250574, -1.399999999999999911, -2.000000000000000000 ) ) ;
#5365 = ORIENTED_EDGE ( 'NONE', *, *, #1174, .T. ) ;
#5366 = PLANE ( 'NONE',  #3175 ) ;
#5367 = EDGE_LOOP ( 'NONE', ( #1468, #1787, #6503, #5249, #4566, #5403 ) ) ;
#5368 = ORIENTED_EDGE ( 'NONE', *, *, #6279, .F. ) ;
#5369 = CARTESIAN_POINT ( 'NONE',  ( 71.99999999995104361, 0.9999999999999995559, -3.999999999999287237 ) ) ;
#5370 = AXIS2_PLACEMENT_3D ( 'NONE', #2150, #2215, #4870 ) ;
#5371 = CARTESIAN_POINT ( 'NONE',  ( 70.02999999995098790, 1.000000000000000222, -0.2999999999993115396 ) ) ;
#5372 = EDGE_CURVE ( 'NONE', #2005, #5535, #4569, .T. ) ;
#5373 = VERTEX_POINT ( 'NONE', #4698 ) ;
#5374 = EDGE_CURVE ( 'NONE', #4978, #3186, #1775, .T. ) ;
#5375 = PLANE ( 'NONE',  #1602 ) ;
#5376 = AXIS2_PLACEMENT_3D ( 'NONE', #4521, #5517, #27 ) ;
#5377 = LINE ( 'NONE', #6450, #1164 ) ;
#5378 = ADVANCED_FACE ( 'NONE', ( #5777 ), #4359, .T. ) ;
#5379 = VECTOR ( 'NONE', #5331, 1000.000000000000114 ) ;
#5380 = EDGE_LOOP ( 'NONE', ( #5976, #1230, #4079, #6670, #2224, #5648 ) ) ;
#5381 = CARTESIAN_POINT ( 'NONE',  ( 46.52672514063344522, 3.487300246123597347, 0.2483870140925854286 ) ) ;
#5382 = ADVANCED_FACE ( 'NONE', ( #2661 ), #1568, .F. ) ;
#5383 = VECTOR ( 'NONE', #176, 1000.000000000000000 ) ;
#5384 = EDGE_LOOP ( 'NONE', ( #6307, #3598 ) ) ;
#5385 = FACE_BOUND ( 'NONE', #1516, .T. ) ;
#5386 = DIRECTION ( 'NONE',  ( 9.381338752702144066E-17, 0.6427876096865963174, -0.7660444431189300518 ) ) ;
#5387 = ORIENTED_EDGE ( 'NONE', *, *, #768, .T. ) ;
#5388 = CIRCLE ( 'NONE', #620, 3.500000000000000000 ) ;
#5389 = CARTESIAN_POINT ( 'NONE',  ( 74.74999999997550049, -3.000000000000000000, -3.699747468330339739 ) ) ;
#5390 = ORIENTED_EDGE ( 'NONE', *, *, #6484, .F. ) ;
#5391 = PRODUCT_RELATED_PRODUCT_CATEGORY ( 'part', '', ( #3382 ) ) ;
#5392 = CARTESIAN_POINT ( 'NONE',  ( 70.19974746828131629, -3.000000000000000888, 6.750000000000000888 ) ) ;
#5393 = FACE_BOUND ( 'NONE', #4118, .T. ) ;
#5394 = DIRECTION ( 'NONE',  ( 0.5000000000000003331, 0.000000000000000000, 0.8660254037844383745 ) ) ;
#5395 = VECTOR ( 'NONE', #2806, 1000.000000000000000 ) ;
#5396 = LINE ( 'NONE', #2197, #3 ) ;
#5397 = CARTESIAN_POINT ( 'NONE',  ( 5.999999999999985789, 1.000000000000000000, -1.600000000000000311 ) ) ;
#5398 = PLANE ( 'NONE',  #3206 ) ;
#5399 = LINE ( 'NONE', #744, #605 ) ;
#5400 = ORIENTED_EDGE ( 'NONE', *, *, #4461, .T. ) ;
#5401 = CIRCLE ( 'NONE', #3231, 1.600000000000000311 ) ;
#5402 = CARTESIAN_POINT ( 'NONE',  ( 71.99999999995104361, 1.000000000000000444, -3.999999999999287237 ) ) ;
#5403 = ORIENTED_EDGE ( 'NONE', *, *, #2389, .T. ) ;
#5404 = ORIENTED_EDGE ( 'NONE', *, *, #3212, .T. ) ;
#5405 = CIRCLE ( 'NONE', #4754, 1.100000000000003642 ) ;
#5406 = ORIENTED_EDGE ( 'NONE', *, *, #2467, .T. ) ;
#5407 = DIRECTION ( 'NONE',  ( 0.4999999999999996114, 0.8660254037844389297, 0.000000000000000000 ) ) ;
#5408 = VECTOR ( 'NONE', #4784, 1000.000000000000000 ) ;
#5409 = CARTESIAN_POINT ( 'NONE',  ( 29.02943725152285737, 1.000000000000000000, -1.599226279114494442 ) ) ;
#5410 = CARTESIAN_POINT ( 'NONE',  ( 32.19369568079715549, 2.128634789539154415, 1.527885686102823160 ) ) ;
#5411 = VECTOR ( 'NONE', #4919, 1000.000000000000000 ) ;
#5412 = DIRECTION ( 'NONE',  ( 0.000000000000000000, 1.000000000000000000, 0.000000000000000000 ) ) ;
#5413 = EDGE_CURVE ( 'NONE', #2603, #4791, #5346, .T. ) ;
#5414 = LINE ( 'NONE', #1664, #6254 ) ;
#5415 = EDGE_CURVE ( 'NONE', #1607, #2510, #4735, .T. ) ;
#5416 = VECTOR ( 'NONE', #115, 1000.000000000000000 ) ;
#5417 = CARTESIAN_POINT ( 'NONE',  ( 29.02943725152286802, 1.000000000000000000, -4.535533905932701337 ) ) ;
#5418 = ORIENTED_EDGE ( 'NONE', *, *, #2084, .T. ) ;
#5419 = CARTESIAN_POINT ( 'NONE',  ( 6.154700538379253238, -3.000000000000000000, 2.000000000000000888 ) ) ;
#5420 = EDGE_LOOP ( 'NONE', ( #2841, #5634, #5279, #577, #3825, #4477 ) ) ;
#5421 = LINE ( 'NONE', #957, #6127 ) ;
#5422 = CARTESIAN_POINT ( 'NONE',  ( 71.24999999995101518, 1.000000000000000222, -1.974999999999295097 ) ) ;
#5423 = CARTESIAN_POINT ( 'NONE',  ( 39.99999999999999289, 0.000000000000000000, -1.519868415357066294 ) ) ;
#5424 = VERTEX_POINT ( 'NONE', #1606 ) ;
#5425 = LINE ( 'NONE', #769, #5108 ) ;
#5426 = TOROIDAL_SURFACE ( 'NONE', #2605, 7.500000000000002665, 1.600000000000000311 ) ;
#5427 = EDGE_CURVE ( 'NONE', #6295, #5671, #3109, .T. ) ;
#5428 = DIRECTION ( 'NONE',  ( 0.000000000000000000, 0.000000000000000000, 1.000000000000000000 ) ) ;
#5429 = LINE ( 'NONE', #771, #2976 ) ;
#5430 = DIRECTION ( 'NONE',  ( -0.000000000000000000, -0.000000000000000000, -1.000000000000000000 ) ) ;
#5431 = VECTOR ( 'NONE', #228, 1000.000000000000114 ) ;
#5432 = DIRECTION ( 'NONE',  ( 0.5000000000000001110, 0.000000000000000000, -0.8660254037844385966 ) ) ;
#5433 = CARTESIAN_POINT ( 'NONE',  ( 68.23743686705195444, 0.9999999999999991118, -6.237436867076456615 ) ) ;
#5434 = VERTEX_POINT ( 'NONE', #1637 ) ;
#5435 = CARTESIAN_POINT ( 'NONE',  ( 23.49999999999999645, 0.000000000000000000, 1.999999999999999112 ) ) ;
#5436 = ORIENTED_EDGE ( 'NONE', *, *, #2280, .T. ) ;
#5437 = ORIENTED_EDGE ( 'NONE', *, *, #3750, .T. ) ;
#5438 = EDGE_CURVE ( 'NONE', #638, #2032, #785, .T. ) ;
#5439 = DIRECTION ( 'NONE',  ( -0.000000000000000000, 1.000000000000000000, -0.000000000000000000 ) ) ;
#5440 = AXIS2_PLACEMENT_3D ( 'NONE', #3902, #3836, #249 ) ;
#5441 = ORIENTED_EDGE ( 'NONE', *, *, #5176, .F. ) ;
#5442 = DIRECTION ( 'NONE',  ( 0.000000000000000000, 0.000000000000000000, 1.000000000000000000 ) ) ;
#5443 = CARTESIAN_POINT ( 'NONE',  ( 73.97999999995100495, -3.000000000000000000, -0.8299999999992657695 ) ) ;
#5444 = VECTOR ( 'NONE', #1814, 1000.000000000000000 ) ;
#5445 = LINE ( 'NONE', #787, #4802 ) ;
#5446 = EDGE_CURVE ( 'NONE', #1737, #1208, #6189, .T. ) ;
#5447 = LINE ( 'NONE', #4425, #6357 ) ;
#5448 = ORIENTED_EDGE ( 'NONE', *, *, #902, .F. ) ;
#5449 = AXIS2_PLACEMENT_3D ( 'NONE', #2052, #6219, #3678 ) ;
#5450 = CARTESIAN_POINT ( 'NONE',  ( 46.61088318292109989, 3.430451469232717265, 0.1083171376986343526 ) ) ;
#5451 = ORIENTED_EDGE ( 'NONE', *, *, #5015, .F. ) ;
#5452 = ORIENTED_EDGE ( 'NONE', *, *, #1510, .F. ) ;
#5453 = CARTESIAN_POINT ( 'NONE',  ( 71.99999999995104361, 1.000000000000000444, -3.999999999999287237 ) ) ;
#5454 = DIRECTION ( 'NONE',  ( 1.169476500658520487E-16, -1.000000000000000000, 0.000000000000000000 ) ) ;
#5455 = ADVANCED_FACE ( 'NONE', ( #6282 ), #625, .F. ) ;
#5456 = CARTESIAN_POINT ( 'NONE',  ( 21.15470053837924880, -1.399999999999999911, -1.999999999999998224 ) ) ;
#5457 = ORIENTED_EDGE ( 'NONE', *, *, #3541, .T. ) ;
#5458 = DIRECTION ( 'NONE',  ( 1.000000000000000000, -7.607762192503441988E-17, -2.305280366746587194E-17 ) ) ;
#5459 = ADVANCED_FACE ( 'NONE', ( #4634 ), #5178, .F. ) ;
#5460 = DIRECTION ( 'NONE',  ( -1.169476500658520487E-16, 1.000000000000000000, -0.000000000000000000 ) ) ;
#5461 = DIRECTION ( 'NONE',  ( -1.000000000000000000, -1.169476500658520487E-16, 1.152640183373293597E-17 ) ) ;
#5462 = CARTESIAN_POINT ( 'NONE',  ( 22.30940107675850115, -1.399999999999999911, -4.000000000000000888 ) ) ;
#5463 = DIRECTION ( 'NONE',  ( 1.000000000000000000, 0.000000000000000000, 0.000000000000000000 ) ) ;
#5464 = EDGE_CURVE ( 'NONE', #6143, #3688, #5557, .T. ) ;
#5465 = CARTESIAN_POINT ( 'NONE',  ( 18.84529946162074410, -1.399999999999999911, 5.999999999999994671 ) ) ;
#5466 = VERTEX_POINT ( 'NONE', #4155 ) ;
#5467 = DIRECTION ( 'NONE',  ( 0.000000000000000000, 1.000000000000000000, 0.000000000000000000 ) ) ;
#5468 = ORIENTED_EDGE ( 'NONE', *, *, #1148, .F. ) ;
#5469 = ORIENTED_EDGE ( 'NONE', *, *, #2284, .T. ) ;
#5470 = EDGE_CURVE ( 'NONE', #2510, #1744, #2082, .T. ) ;
#5471 = DIRECTION ( 'NONE',  ( 0.7071067811865487940, 0.7071067811865463515, 0.000000000000000000 ) ) ;
#5472 = ORIENTED_EDGE ( 'NONE', *, *, #464, .T. ) ;
#5473 = DIRECTION ( 'NONE',  ( 0.000000000000000000, 0.000000000000000000, 1.000000000000000000 ) ) ;
#5474 = LINE ( 'NONE', #2989, #4953 ) ;
#5475 = ORIENTED_EDGE ( 'NONE', *, *, #860, .F. ) ;
#5476 = DIRECTION ( 'NONE',  ( -1.000000000000000000, 0.000000000000000000, 0.000000000000000000 ) ) ;
#5477 = ORIENTED_EDGE ( 'NONE', *, *, #3034, .F. ) ;
#5478 = CARTESIAN_POINT ( 'NONE',  ( 18.84529946162074410, -3.000000000000000000, -5.999999999999998224 ) ) ;
#5479 = AXIS2_PLACEMENT_3D ( 'NONE', #6434, #6333, #1829 ) ;
#5480 = VECTOR ( 'NONE', #4469, 1000.000000000000114 ) ;
#5481 = VERTEX_POINT ( 'NONE', #2282 ) ;
#5482 = CARTESIAN_POINT ( 'NONE',  ( 45.83502884254438925, 4.064466094067268109, 0.8582230616678262480 ) ) ;
#5483 = ORIENTED_EDGE ( 'NONE', *, *, #2011, .F. ) ;
#5484 = AXIS2_PLACEMENT_3D ( 'NONE', #1350, #225, #3422 ) ;
#5485 = CARTESIAN_POINT ( 'NONE',  ( 42.30940107675849049, -8.234863458395914491E-15, -4.000000000000010658 ) ) ;
#5486 = CARTESIAN_POINT ( 'NONE',  ( 42.95832783218488515, 6.344154509256552110, -1.519868415357070290 ) ) ;
#5487 = LINE ( 'NONE', #2297, #1429 ) ;
#5488 = ORIENTED_EDGE ( 'NONE', *, *, #496, .T. ) ;
#5489 = AXIS2_PLACEMENT_3D ( 'NONE', #1277, #2797, #3537 ) ;
#5490 = LINE ( 'NONE', #284, #761 ) ;
#5491 = VECTOR ( 'NONE', #5126, 1000.000000000000114 ) ;
#5492 = ADVANCED_FACE ( 'NONE', ( #2595 ), #4664, .F. ) ;
#5493 = DIRECTION ( 'NONE',  ( 0.000000000000000000, 0.000000000000000000, -1.000000000000000000 ) ) ;
#5494 = AXIS2_PLACEMENT_3D ( 'NONE', #1536, #617, #3602 ) ;
#5495 = EDGE_CURVE ( 'NONE', #669, #3551, #5647, .T. ) ;
#5496 = AXIS2_PLACEMENT_3D ( 'NONE', #5789, #1549, #2128 ) ;
#5497 = DIRECTION ( 'NONE',  ( 0.4840501729431853084, -0.2505628070857252032, 0.8383994929501055182 ) ) ;
#5498 = DIRECTION ( 'NONE',  ( 0.9876883405951385475, -0.1564344650402254844, 0.000000000000000000 ) ) ;
#5499 = CARTESIAN_POINT ( 'NONE',  ( 28.32233047033630413, 1.000000000000000000, -1.600000000000000311 ) ) ;
#5500 = CARTESIAN_POINT ( 'NONE',  ( 65.26794919238211889, -3.000000000000000000, -5.999999999999992895 ) ) ;
#5501 = ORIENTED_EDGE ( 'NONE', *, *, #5775, .F. ) ;
#5502 = CARTESIAN_POINT ( 'NONE',  ( -2.694730353990997695, -3.000000000000000000, -2.065092699462048240E-20 ) ) ;
#5503 = ORIENTED_EDGE ( 'NONE', *, *, #6689, .F. ) ;
#5504 = ORIENTED_EDGE ( 'NONE', *, *, #6650, .F. ) ;
#5505 = AXIS2_PLACEMENT_3D ( 'NONE', #4887, #5935, #2167 ) ;
#5506 = DIRECTION ( 'NONE',  ( 0.000000000000000000, 0.000000000000000000, -1.000000000000000000 ) ) ;
#5507 = ADVANCED_FACE ( 'NONE', ( #483 ), #557, .T. ) ;
#5508 = CARTESIAN_POINT ( 'NONE',  ( 37.98743686707678080, -3.000000000000000000, 37.98743686707646816 ) ) ;
#5509 = EDGE_LOOP ( 'NONE', ( #827, #1307, #635, #542 ) ) ;
#5510 = VECTOR ( 'NONE', #6055, 1000.000000000000000 ) ;
#5511 = FACE_OUTER_BOUND ( 'NONE', #5754, .T. ) ;
#5512 = FACE_OUTER_BOUND ( 'NONE', #626, .T. ) ;
#5513 = VECTOR ( 'NONE', #2928, 1000.000000000000114 ) ;
#5514 = ORIENTED_EDGE ( 'NONE', *, *, #4753, .F. ) ;
#5515 = PLANE ( 'NONE',  #1219 ) ;
#5516 = AXIS2_PLACEMENT_3D ( 'NONE', #6341, #1190, #3884 ) ;
#5517 = DIRECTION ( 'NONE',  ( -0.000000000000000000, 1.000000000000000000, -0.000000000000000000 ) ) ;
#5518 = EDGE_CURVE ( 'NONE', #1822, #142, #2629, .T. ) ;
#5519 = VECTOR ( 'NONE', #606, 1000.000000000000000 ) ;
#5520 = ORIENTED_EDGE ( 'NONE', *, *, #147, .F. ) ;
#5521 = VECTOR ( 'NONE', #904, 1000.000000000000000 ) ;
#5522 = VERTEX_POINT ( 'NONE', #6583 ) ;
#5523 = ORIENTED_EDGE ( 'NONE', *, *, #3504, .T. ) ;
#5524 = AXIS2_PLACEMENT_3D ( 'NONE', #4532, #4568, #4056 ) ;
#5525 = CARTESIAN_POINT ( 'NONE',  ( 70.02999999995098790, 0.9790225092205673274, -0.7999999999993120392 ) ) ;
#5526 = CARTESIAN_POINT ( 'NONE',  ( -2.529169877435932356, -3.000000000000000444, -2.315270126596305378 ) ) ;
#5527 = ORIENTED_EDGE ( 'NONE', *, *, #66, .F. ) ;
#5528 = CARTESIAN_POINT ( 'NONE',  ( 66.99999999995100097, -3.000000000000001332, -3.899999999999993694 ) ) ;
#5529 = FACE_BOUND ( 'NONE', #4857, .T. ) ;
#5530 = CARTESIAN_POINT ( 'NONE',  ( 66.99999999995100097, -1.399999999999999911, 5.000000000000000000 ) ) ;
#5531 = DIRECTION ( 'NONE',  ( -0.000000000000000000, -1.000000000000000000, -0.000000000000000000 ) ) ;
#5532 = DIRECTION ( 'NONE',  ( -0.000000000000000000, 1.000000000000000000, -0.000000000000000000 ) ) ;
#5533 = CARTESIAN_POINT ( 'NONE',  ( 2.428903698934445021, -3.000000000000000444, 2.640108619145089985 ) ) ;
#5534 = CARTESIAN_POINT ( 'NONE',  ( 69.30940107670949146, -3.000000000000000000, 5.000000000000000888 ) ) ;
#5535 = VERTEX_POINT ( 'NONE', #3950 ) ;
#5536 = LINE ( 'NONE', #6535, #3366 ) ;
#5537 = ORIENTED_EDGE ( 'NONE', *, *, #3576, .T. ) ;
#5538 = CARTESIAN_POINT ( 'NONE',  ( 34.26002802492879340, -3.000000000000000000, 1.230151519016500217 ) ) ;
#5539 = EDGE_CURVE ( 'NONE', #4131, #1770, #3172, .T. ) ;
#5540 = AXIS2_PLACEMENT_3D ( 'NONE', #503, #6638, #3160 ) ;
#5541 = CARTESIAN_POINT ( 'NONE',  ( 9.199999999999976197, -2.200000000000022826, -1.600000000000012523 ) ) ;
#5542 = ORIENTED_EDGE ( 'NONE', *, *, #6122, .T. ) ;
#5543 = CARTESIAN_POINT ( 'NONE',  ( 32.56497115745560933, 2.464466094067271573, 5.999999999999993783 ) ) ;
#5544 = CARTESIAN_POINT ( 'NONE',  ( 72.00000000000048317, -3.000000000000000444, -5.250000000021676883 ) ) ;
#5545 = ADVANCED_FACE ( 'NONE', ( #1905 ), #268, .F. ) ;
#5546 = DIRECTION ( 'NONE',  ( 0.7071067811865460184, 0.7071067811865490160, 0.000000000000000000 ) ) ;
#5547 = AXIS2_PLACEMENT_3D ( 'NONE', #3943, #1352, #4007 ) ;
#5548 = EDGE_CURVE ( 'NONE', #1604, #5136, #5913, .T. ) ;
#5549 = CONICAL_SURFACE ( 'NONE', #2620, 1.499999999999996891, 0.7853981633974560506 ) ;
#5550 = ORIENTED_EDGE ( 'NONE', *, *, #1548, .T. ) ;
#5551 = EDGE_CURVE ( 'NONE', #1812, #3077, #4904, .T. ) ;
#5552 = VERTEX_POINT ( 'NONE', #370 ) ;
#5553 = CARTESIAN_POINT ( 'NONE',  ( 0.000000000000000000, 0.000000000000000000, 0.000000000000000000 ) ) ;
#5554 = CONICAL_SURFACE ( 'NONE', #5870, 1.750000000000008438, 0.7853981633974582710 ) ;
#5555 = EDGE_CURVE ( 'NONE', #4978, #6276, #1266, .T. ) ;
#5556 = ORIENTED_EDGE ( 'NONE', *, *, #3615, .T. ) ;
#5557 = CIRCLE ( 'NONE', #2188, 1.000000000010811796 ) ;
#5558 = FACE_OUTER_BOUND ( 'NONE', #5094, .T. ) ;
#5559 = ORIENTED_EDGE ( 'NONE', *, *, #1566, .F. ) ;
#5560 = CARTESIAN_POINT ( 'NONE',  ( 3.845299461620749426, -1.399999999999999911, 5.999999999999998224 ) ) ;
#5561 = DIRECTION ( 'NONE',  ( -0.000000000000000000, -1.000000000000000000, -0.000000000000000000 ) ) ;
#5562 = CARTESIAN_POINT ( 'NONE',  ( 69.13908729650148643, 0.7499999999999988898, 5.689339828220187911 ) ) ;
#5563 = DIRECTION ( 'NONE',  ( 0.000000000000000000, 0.000000000000000000, -1.000000000000000000 ) ) ;
#5564 = CARTESIAN_POINT ( 'NONE',  ( 68.96231060120484813, 0.9999999999999993339, -5.512563132923546938 ) ) ;
#5565 = CARTESIAN_POINT ( 'NONE',  ( 73.97999999995100495, 0.9999999999999997780, 0.1700000000007351464 ) ) ;
#5566 = FACE_OUTER_BOUND ( 'NONE', #5985, .T. ) ;
#5567 = LINE ( 'NONE', #1891, #6672 ) ;
#5568 = ORIENTED_EDGE ( 'NONE', *, *, #3552, .F. ) ;
#5569 = CARTESIAN_POINT ( 'NONE',  ( 72.76999999995101120, 0.9790225092205675494, -1.449999999999279421 ) ) ;
#5570 = ORIENTED_EDGE ( 'NONE', *, *, #3410, .T. ) ;
#5571 = ADVANCED_FACE ( 'NONE', ( #4969 ), #5515, .F. ) ;
#5572 = ORIENTED_EDGE ( 'NONE', *, *, #6568, .T. ) ;
#5573 = CARTESIAN_POINT ( 'NONE',  ( 70.02999999995098790, 0.9999999999999993339, -0.2999999999993115396 ) ) ;
#5574 = CARTESIAN_POINT ( 'NONE',  ( 73.24999999997548628, -3.000000000000000000, -4.000000000000000000 ) ) ;
#5575 = DIRECTION ( 'NONE',  ( -0.000000000000000000, 1.000000000000000000, -0.000000000000000000 ) ) ;
#5576 = LINE ( 'NONE', #5668, #6204 ) ;
#5577 = FACE_OUTER_BOUND ( 'NONE', #1765, .T. ) ;
#5578 = EDGE_CURVE ( 'NONE', #5349, #3077, #4453, .T. ) ;
#5579 = CARTESIAN_POINT ( 'NONE',  ( 36.93816614415506194, 0.4849468416247069702, -2.100000000000000089 ) ) ;
#5580 = EDGE_CURVE ( 'NONE', #4450, #2388, #850, .T. ) ;
#5581 = ORIENTED_EDGE ( 'NONE', *, *, #6007, .T. ) ;
#5582 = CIRCLE ( 'NONE', #3628, 0.5249999999999976907 ) ;
#5583 = EDGE_CURVE ( 'NONE', #2, #2129, #3365, .T. ) ;
#5584 = ORIENTED_EDGE ( 'NONE', *, *, #883, .T. ) ;
#5585 = AXIS2_PLACEMENT_3D ( 'NONE', #3451, #5531, #865 ) ;
#5586 = CARTESIAN_POINT ( 'NONE',  ( -2.932538019732793266, -3.000000000000000888, -1.754355943866373169 ) ) ;
#5587 = ORIENTED_EDGE ( 'NONE', *, *, #2145, .F. ) ;
#5588 = CYLINDRICAL_SURFACE ( 'NONE', #5756, 4.999999999999997335 ) ;
#5589 = DIRECTION ( 'NONE',  ( -1.000000000000000000, 0.000000000000000000, 0.000000000000000000 ) ) ;
#5590 = VECTOR ( 'NONE', #3483, 1000.000000000000000 ) ;
#5591 = CARTESIAN_POINT ( 'NONE',  ( 68.23743686705195444, 0.9999999999999991118, -6.237436867076456615 ) ) ;
#5592 = CARTESIAN_POINT ( 'NONE',  ( 71.99999999995104361, 0.9999999999999995559, -4.499999999999287681 ) ) ;
#5593 = DIRECTION ( 'NONE',  ( 0.4999999999999980016, 0.000000000000000000, -0.8660254037844397068 ) ) ;
#5594 = AXIS2_PLACEMENT_3D ( 'NONE', #2058, #6600, #21 ) ;
#5595 = CONICAL_SURFACE ( 'NONE', #5058, 1.250000000010831780, 0.7853981633974482790 ) ;
#5596 = DIRECTION ( 'NONE',  ( 0.000000000000000000, 0.000000000000000000, -1.000000000000000000 ) ) ;
#5597 = ORIENTED_EDGE ( 'NONE', *, *, #6323, .F. ) ;
#5598 = DIRECTION ( 'NONE',  ( 0.000000000000000000, 0.000000000000000000, -1.000000000000000000 ) ) ;
#5599 = VERTEX_POINT ( 'NONE', #755 ) ;
#5600 = EDGE_CURVE ( 'NONE', #6158, #2237, #1334, .T. ) ;
#5601 = AXIS2_PLACEMENT_3D ( 'NONE', #5371, #200, #5340 ) ;
#5602 = EDGE_LOOP ( 'NONE', ( #899, #5452, #435, #3180 ) ) ;
#5603 = VECTOR ( 'NONE', #4106, 1000.000000000000000 ) ;
#5604 = DIRECTION ( 'NONE',  ( -0.000000000000000000, 1.000000000000000000, -0.000000000000000000 ) ) ;
#5605 = LINE ( 'NONE', #5034, #6347 ) ;
#5606 = ORIENTED_EDGE ( 'NONE', *, *, #134, .F. ) ;
#5607 = AXIS2_PLACEMENT_3D ( 'NONE', #2838, #222, #3874 ) ;
#5608 = LINE ( 'NONE', #951, #6518 ) ;
#5609 = VERTEX_POINT ( 'NONE', #4485 ) ;
#5610 = VECTOR ( 'NONE', #6392, 1000.000000000000000 ) ;
#5611 = CARTESIAN_POINT ( 'NONE',  ( 65.84529946157175573, -1.399999999999999911, -3.000000000000010214 ) ) ;
#5612 = VERTEX_POINT ( 'NONE', #5410 ) ;
#5613 = EDGE_CURVE ( 'NONE', #645, #5609, #5445, .T. ) ;
#5614 = AXIS2_PLACEMENT_3D ( 'NONE', #2815, #1767, #2408 ) ;
#5615 = ADVANCED_FACE ( 'NONE', ( #1398 ), #3494, .T. ) ;
#5616 = CONICAL_SURFACE ( 'NONE', #4865, 0.5249999999999976907, 0.8726646259970902708 ) ;
#5617 = EDGE_CURVE ( 'NONE', #3041, #2375, #3467, .T. ) ;
#5618 = VERTEX_POINT ( 'NONE', #4422 ) ;
#5619 = VECTOR ( 'NONE', #1211, 1000.000000000000114 ) ;
#5620 = CARTESIAN_POINT ( 'NONE',  ( -3.396428424468300289, -3.000000000000000000, 2.233549212606563985E-22 ) ) ;
#5621 = ORIENTED_EDGE ( 'NONE', *, *, #2545, .F. ) ;
#5622 = PLANE ( 'NONE',  #2177 ) ;
#5623 = ORIENTED_EDGE ( 'NONE', *, *, #5464, .F. ) ;
#5624 = AXIS2_PLACEMENT_3D ( 'NONE', #4888, #1348, #2946 ) ;
#5625 = CARTESIAN_POINT ( 'NONE',  ( 28.32233047033630413, 1.000000000000000000, 1.600000000000000311 ) ) ;
#5626 = CARTESIAN_POINT ( 'NONE',  ( 66.99999999995100097, 0.9999999999999995559, -6.100000000000006750 ) ) ;
#5627 = CARTESIAN_POINT ( 'NONE',  ( 65.84529946157176994, -3.000000000000000000, 7.000000000000013323 ) ) ;
#5628 = EDGE_LOOP ( 'NONE', ( #5638, #1774, #511, #2776, #4879, #1362, #1176 ) ) ;
#5629 = DIRECTION ( 'NONE',  ( 0.000000000000000000, 0.000000000000000000, 1.000000000000000000 ) ) ;
#5630 = ORIENTED_EDGE ( 'NONE', *, *, #1995, .T. ) ;
#5631 = ADVANCED_FACE ( 'NONE', ( #2379 ), #3400, .F. ) ;
#5632 = CARTESIAN_POINT ( 'NONE',  ( 41.15470053837923814, 1.999999999999994449, -7.000000000000010658 ) ) ;
#5633 = ORIENTED_EDGE ( 'NONE', *, *, #3886, .F. ) ;
#5634 = ORIENTED_EDGE ( 'NONE', *, *, #1051, .T. ) ;
#5635 = FACE_OUTER_BOUND ( 'NONE', #5602, .T. ) ;
#5636 = LINE ( 'NONE', #4650, #725 ) ;
#5637 = DIRECTION ( 'NONE',  ( 0.7071067811865460184, 0.7071067811865490160, -8.150396899313597481E-18 ) ) ;
#5638 = ORIENTED_EDGE ( 'NONE', *, *, #2591, .F. ) ;
#5639 = ADVANCED_FACE ( 'NONE', ( #819 ), #2883, .F. ) ;
#5640 = DIRECTION ( 'NONE',  ( 1.000000000000000000, 0.000000000000000000, -2.305280366746587194E-17 ) ) ;
#5641 = ORIENTED_EDGE ( 'NONE', *, *, #2339, .T. ) ;
#5642 = DIRECTION ( 'NONE',  ( 0.000000000000000000, 0.000000000000000000, 1.000000000000000000 ) ) ;
#5643 = DIRECTION ( 'NONE',  ( -0.000000000000000000, 1.000000000000000000, -0.000000000000000000 ) ) ;
#5644 = CARTESIAN_POINT ( 'NONE',  ( 72.99999999997649525, 0.9999999999999997780, -7.000000000000218492 ) ) ;
#5645 = CIRCLE ( 'NONE', #2720, 0.5000000000000004441 ) ;
#5646 = ORIENTED_EDGE ( 'NONE', *, *, #2972, .F. ) ;
#5647 = LINE ( 'NONE', #589, #6302 ) ;
#5648 = ORIENTED_EDGE ( 'NONE', *, *, #5083, .T. ) ;
#5649 = FACE_BOUND ( 'NONE', #4324, .T. ) ;
#5650 = EDGE_LOOP ( 'NONE', ( #234, #699, #5321, #6475 ) ) ;
#5651 = CARTESIAN_POINT ( 'NONE',  ( 29.02943725152286447, 6.000000000000000000, -7.000000000000010658 ) ) ;
#5652 = EDGE_CURVE ( 'NONE', #2525, #1280, #2959, .T. ) ;
#5653 = ORIENTED_EDGE ( 'NONE', *, *, #4374, .F. ) ;
#5654 = CARTESIAN_POINT ( 'NONE',  ( 3.845299461620749870, -1.399999999999999911, 2.000000000000000888 ) ) ;
#5655 = EDGE_CURVE ( 'NONE', #3989, #6245, #5576, .T. ) ;
#5656 = DIRECTION ( 'NONE',  ( -0.000000000000000000, 1.000000000000000000, 0.000000000000000000 ) ) ;
#5657 = ORIENTED_EDGE ( 'NONE', *, *, #147, .T. ) ;
#5658 = LINE ( 'NONE', #532, #309 ) ;
#5659 = CARTESIAN_POINT ( 'NONE',  ( 58.36764068711923414, -9.882359312880717894, -7.000000000000007994 ) ) ;
#5660 = ORIENTED_EDGE ( 'NONE', *, *, #1666, .F. ) ;
#5661 = LINE ( 'NONE', #941, #3046 ) ;
#5662 = VERTEX_POINT ( 'NONE', #2481 ) ;
#5663 = AXIS2_PLACEMENT_3D ( 'NONE', #308, #6542, #5546 ) ;
#5664 = PLANE ( 'NONE',  #1204 ) ;
#5665 = EDGE_CURVE ( 'NONE', #4957, #4318, #5100, .T. ) ;
#5666 = CARTESIAN_POINT ( 'NONE',  ( 45.83502884254438925, 4.064466094067268109, 5.999999999999990230 ) ) ;
#5667 = ORIENTED_EDGE ( 'NONE', *, *, #6403, .T. ) ;
#5668 = CARTESIAN_POINT ( 'NONE',  ( 5.000000000000000000, -3.000000000000000888, 2.899999999999999023 ) ) ;
#5669 = EDGE_CURVE ( 'NONE', #2061, #842, #4591, .T. ) ;
#5670 = ORIENTED_EDGE ( 'NONE', *, *, #5427, .T. ) ;
#5671 = VERTEX_POINT ( 'NONE', #1972 ) ;
#5672 = CARTESIAN_POINT ( 'NONE',  ( 75.25000000000001421, 0.7499999999999997780, -0.2500000000000000000 ) ) ;
#5673 = DIRECTION ( 'NONE',  ( 1.000000000000000000, 1.971276677246365109E-16, 0.000000000000000000 ) ) ;
#5674 = CARTESIAN_POINT ( 'NONE',  ( 69.07127517893778190, -3.000000000000000000, 5.412446153538553517 ) ) ;
#5675 = EDGE_LOOP ( 'NONE', ( #5225, #546, #4759, #2897 ) ) ;
#5676 = EDGE_CURVE ( 'NONE', #6165, #1057, #5068, .T. ) ;
#5677 = DIRECTION ( 'NONE',  ( -1.362023050420387124E-17, 1.000000000000000000, 0.000000000000000000 ) ) ;
#5678 = VERTEX_POINT ( 'NONE', #2004 ) ;
#5679 = CARTESIAN_POINT ( 'NONE',  ( 1.017431099802194039, -3.000000000000000444, -2.656942496901897766 ) ) ;
#5680 = EDGE_LOOP ( 'NONE', ( #5062, #2279, #2183, #5653 ) ) ;
#5681 = VECTOR ( 'NONE', #4700, 1000.000000000000000 ) ;
#5682 = CARTESIAN_POINT ( 'NONE',  ( 68.15470053833026043, -3.000000000000000000, -3.000000000000009770 ) ) ;
#5683 = FACE_OUTER_BOUND ( 'NONE', #47, .T. ) ;
#5684 = ORIENTED_EDGE ( 'NONE', *, *, #3919, .T. ) ;
#5685 = CARTESIAN_POINT ( 'NONE',  ( 68.60039830989900622, -2.749999999999999556, -6.228028814822688553 ) ) ;
#5686 = CARTESIAN_POINT ( 'NONE',  ( 72.99999999997547206, -3.000000000000000000, 4.000000000000000000 ) ) ;
#5687 = ORIENTED_EDGE ( 'NONE', *, *, #5289, .T. ) ;
#5688 = CARTESIAN_POINT ( 'NONE',  ( -2.322077057213945306, -2.999999999999999556, 1.406048627437000764 ) ) ;
#5689 = EDGE_LOOP ( 'NONE', ( #5587, #1038, #3165, #923 ) ) ;
#5690 = CONICAL_SURFACE ( 'NONE', #5376, 0.5249999999999976907, 0.8726646259970902708 ) ;
#5691 = ADVANCED_FACE ( 'NONE', ( #1457 ), #1333, .T. ) ;
#5692 = ADVANCED_FACE ( 'NONE', ( #1431 ), #4045, .F. ) ;
#5693 = EDGE_CURVE ( 'NONE', #6158, #1488, #5608, .T. ) ;
#5694 = DIRECTION ( 'NONE',  ( 0.000000000000000000, 0.7071067811865376918, 0.7071067811865574537 ) ) ;
#5695 = VECTOR ( 'NONE', #2621, 1000.000000000000000 ) ;
#5696 = CARTESIAN_POINT ( 'NONE',  ( 17.69059892324149530, -3.000000000000000000, 3.999999999999998224 ) ) ;
#5697 = CARTESIAN_POINT ( 'NONE',  ( 27.49999999997549693, 34.49999999997549338, 6.999999999999999112 ) ) ;
#5698 = VERTEX_POINT ( 'NONE', #6141 ) ;
#5699 = DIRECTION ( 'NONE',  ( -0.000000000000000000, -1.000000000000000000, -0.000000000000000000 ) ) ;
#5700 = ORIENTED_EDGE ( 'NONE', *, *, #6494, .F. ) ;
#5701 = EDGE_CURVE ( 'NONE', #4699, #230, #4151, .T. ) ;
#5702 = VECTOR ( 'NONE', #1478, 1000.000000000000000 ) ;
#5703 = ORIENTED_EDGE ( 'NONE', *, *, #4915, .T. ) ;
#5704 = CARTESIAN_POINT ( 'NONE',  ( 71.99999999997550049, -3.000000000000000444, 4.000000000000000000 ) ) ;
#5705 = PLANE ( 'NONE',  #2345 ) ;
#5706 = VECTOR ( 'NONE', #4357, 1000.000000000000000 ) ;
#5707 = VERTEX_POINT ( 'NONE', #983 ) ;
#5708 = EDGE_CURVE ( 'NONE', #4720, #142, #4077, .T. ) ;
#5709 = AXIS2_PLACEMENT_3D ( 'NONE', #4146, #1555, #2679 ) ;
#5710 = ORIENTED_EDGE ( 'NONE', *, *, #5891, .F. ) ;
#5711 = CONICAL_SURFACE ( 'NONE', #2893, 7.000000000000002665, 0.7853981633974533860 ) ;
#5712 = DIRECTION ( 'NONE',  ( -0.000000000000000000, 1.000000000000000000, -0.000000000000000000 ) ) ;
#5713 = ORIENTED_EDGE ( 'NONE', *, *, #2389, .F. ) ;
#5714 = CARTESIAN_POINT ( 'NONE',  ( 22.30940107675849404, -3.000000000000000000, 3.999999999999999112 ) ) ;
#5715 = EDGE_CURVE ( 'NONE', #6644, #6549, #1496, .T. ) ;
#5716 = CARTESIAN_POINT ( 'NONE',  ( 2.226832092341146208, -3.000000000000000444, -1.852134980292200472 ) ) ;
#5717 = VECTOR ( 'NONE', #4627, 1000.000000000000000 ) ;
#5718 = VERTEX_POINT ( 'NONE', #443 ) ;
#5719 = CIRCLE ( 'NONE', #3664, 1.100000000000001199 ) ;
#5720 = ORIENTED_EDGE ( 'NONE', *, *, #2768, .F. ) ;
#5721 = CARTESIAN_POINT ( 'NONE',  ( 73.24999999997550049, 0.7500000000000002220, -3.699747468330339739 ) ) ;
#5722 = AXIS2_PLACEMENT_3D ( 'NONE', #5369, #6414, #1659 ) ;
#5723 = CARTESIAN_POINT ( 'NONE',  ( 34.86402062890527276, 0.8134592182091813228, 0.000000000000000000 ) ) ;
#5724 = EDGE_LOOP ( 'NONE', ( #4511, #3007, #6145, #2174, #4328, #1370, #2037, #5921, #3639, #1910, #3581, #3000 ) ) ;
#5725 = CARTESIAN_POINT ( 'NONE',  ( 75.25000000000001421, 1.000000000000000000, 6.749999999999998224 ) ) ;
#5726 = DIRECTION ( 'NONE',  ( -1.000000000000000000, -1.280406899082450539E-16, 0.000000000000000000 ) ) ;
#5727 = ORIENTED_EDGE ( 'NONE', *, *, #2750, .T. ) ;
#5728 = AXIS2_PLACEMENT_3D ( 'NONE', #1090, #2589, #6149 ) ;
#5729 = CARTESIAN_POINT ( 'NONE',  ( 75.25000000000001421, 0.7499999999999997780, -7.000000000000007994 ) ) ;
#5730 = ORIENTED_EDGE ( 'NONE', *, *, #3803, .T. ) ;
#5731 = CARTESIAN_POINT ( 'NONE',  ( 70.02999999995098790, 0.9790225092205673274, -0.2999999999993115396 ) ) ;
#5732 = CARTESIAN_POINT ( 'NONE',  ( 8.000000000000000000, 1.000000000000000000, -1.600000000000000311 ) ) ;
#5733 = VECTOR ( 'NONE', #477, 1000.000000000000000 ) ;
#5734 = DIRECTION ( 'NONE',  ( 0.000000000000000000, 0.000000000000000000, 1.000000000000000000 ) ) ;
#5735 = DIRECTION ( 'NONE',  ( 1.000000000000000000, 1.239088197126299692E-16, 0.000000000000000000 ) ) ;
#5736 = ORIENTED_EDGE ( 'NONE', *, *, #2495, .F. ) ;
#5737 = DIRECTION ( 'NONE',  ( 4.336808689942017736E-15, -1.000000000000000000, 0.000000000000000000 ) ) ;
#5738 = EDGE_LOOP ( 'NONE', ( #85, #4925, #2974, #1086, #6651, #5927, #724, #6546, #3901, #5282 ) ) ;
#5739 = PLANE ( 'NONE',  #738 ) ;
#5740 = EDGE_LOOP ( 'NONE', ( #2982, #4203, #5477, #1495, #6322 ) ) ;
#5741 = CARTESIAN_POINT ( 'NONE',  ( 75.25000000000001421, -2.749999999999992895, -7.000000000000007994 ) ) ;
#5742 = CARTESIAN_POINT ( 'NONE',  ( 71.99999999995098676, 0.9790225092205675494, 1.000000000000711209 ) ) ;
#5743 = ADVANCED_FACE ( 'NONE', ( #5200 ), #509, .F. ) ;
#5744 = CARTESIAN_POINT ( 'NONE',  ( 2.850082953419102081E-17, -3.000000000000000000, 5.999999999999981348 ) ) ;
#5745 = ADVANCED_FACE ( 'NONE', ( #2543 ), #1944, .F. ) ;
#5746 = CARTESIAN_POINT ( 'NONE',  ( 72.76999999995101120, -3.000000000000000444, -1.449999999999279421 ) ) ;
#5747 = EDGE_LOOP ( 'NONE', ( #1449, #5387, #2745, #155, #5437, #2470 ) ) ;
#5748 = CARTESIAN_POINT ( 'NONE',  ( 71.99999999995094413, 1.000000000000000444, 4.000000000000711431 ) ) ;
#5749 = CARTESIAN_POINT ( 'NONE',  ( 49.37056274847713411, 7.599999999999996980, -7.000000000000010658 ) ) ;
#5750 = CARTESIAN_POINT ( 'NONE',  ( 38.84529946162073344, 1.999999999999994893, -4.000000000000010658 ) ) ;
#5751 = ADVANCED_FACE ( 'NONE', ( #4684 ), #6092, .F. ) ;
#5752 = ORIENTED_EDGE ( 'NONE', *, *, #1467, .T. ) ;
#5753 = VECTOR ( 'NONE', #1750, 1000.000000000000000 ) ;
#5754 = EDGE_LOOP ( 'NONE', ( #6354, #4612, #2442, #5684, #2475, #5902 ) ) ;
#5755 = LINE ( 'NONE', #696, #6453 ) ;
#5756 = AXIS2_PLACEMENT_3D ( 'NONE', #5749, #1669, #110 ) ;
#5757 = ORIENTED_EDGE ( 'NONE', *, *, #1127, .F. ) ;
#5758 = CARTESIAN_POINT ( 'NONE',  ( 42.30940107675849049, -8.234863458395914491E-15, -7.000000000000010658 ) ) ;
#5759 = EDGE_LOOP ( 'NONE', ( #3833, #978 ) ) ;
#5760 = CYLINDRICAL_SURFACE ( 'NONE', #325, 2.000000000000001776 ) ;
#5761 = ORIENTED_EDGE ( 'NONE', *, *, #2191, .F. ) ;
#5762 = LINE ( 'NONE', #1113, #412 ) ;
#5763 = CARTESIAN_POINT ( 'NONE',  ( 56.43882810991847521, -18.29248630100430617, -9.292486301004483806 ) ) ;
#5764 = DIRECTION ( 'NONE',  ( -1.000000000000000000, 0.000000000000000000, 0.000000000000000000 ) ) ;
#5765 = CARTESIAN_POINT ( 'NONE',  ( 73.97999999995100495, -3.000000000000000000, 0.1700000000007351464 ) ) ;
#5766 = CARTESIAN_POINT ( 'NONE',  ( 8.000000000000000000, 0.000000000000000000, -1.248999599679684769 ) ) ;
#5767 = VECTOR ( 'NONE', #3851, 1000.000000000000114 ) ;
#5768 = PLANE ( 'NONE',  #2888 ) ;
#5769 = ORIENTED_EDGE ( 'NONE', *, *, #5655, .F. ) ;
#5770 = CARTESIAN_POINT ( 'NONE',  ( 65.84529946157176994, -1.399999999999999911, 7.000000000000013323 ) ) ;
#5771 = DIRECTION ( 'NONE',  ( 1.000000000000000000, 1.169476500658520487E-16, -1.204114654687106238E-11 ) ) ;
#5772 = CARTESIAN_POINT ( 'NONE',  ( 44.94974746830583712, 4.949747468305822906, -1.307530621479057853 ) ) ;
#5773 = PLANE ( 'NONE',  #6545 ) ;
#5774 = ADVANCED_FACE ( 'NONE', ( #1556 ), #3630, .F. ) ;
#5775 = EDGE_CURVE ( 'NONE', #953, #1670, #4690, .T. ) ;
#5776 = ADVANCED_FACE ( 'NONE', ( #3771 ), #154, .F. ) ;
#5777 = FACE_OUTER_BOUND ( 'NONE', #3156, .T. ) ;
#5778 = VERTEX_POINT ( 'NONE', #4176 ) ;
#5779 = FACE_OUTER_BOUND ( 'NONE', #4861, .T. ) ;
#5780 = CARTESIAN_POINT ( 'NONE',  ( 72.00000000000349587, 0.9999999999999995559, -5.000000000010831336 ) ) ;
#5781 = VERTEX_POINT ( 'NONE', #2744 ) ;
#5782 = EDGE_CURVE ( 'NONE', #35, #5466, #6274, .T. ) ;
#5783 = EDGE_LOOP ( 'NONE', ( #2538, #4745, #1486, #4586 ) ) ;
#5784 = LINE ( 'NONE', #1714, #1578 ) ;
#5785 = ADVANCED_FACE ( 'NONE', ( #36 ), #5366, .F. ) ;
#5786 = CARTESIAN_POINT ( 'NONE',  ( 71.99999999995104361, 1.000000000000000444, -4.524999999999284483 ) ) ;
#5787 = VERTEX_POINT ( 'NONE', #578 ) ;
#5788 = CARTESIAN_POINT ( 'NONE',  ( 35.14071927664424777, -3.000000000000000000, -2.100000000000000089 ) ) ;
#5789 = CARTESIAN_POINT ( 'NONE',  ( 66.99999999995100097, 0.9999999999999995559, 5.000000000000000000 ) ) ;
#5790 = ORIENTED_EDGE ( 'NONE', *, *, #5613, .F. ) ;
#5791 = DIRECTION ( 'NONE',  ( -0.7071067811865376918, 0.7071067811865574537, 0.000000000000000000 ) ) ;
#5792 = VERTEX_POINT ( 'NONE', #2718 ) ;
#5793 = CARTESIAN_POINT ( 'NONE',  ( 7.309401076758502924, -1.399999999999999911, -4.000000000000000000 ) ) ;
#5794 = CIRCLE ( 'NONE', #3736, 6.999999999999999112 ) ;
#5795 = DIRECTION ( 'NONE',  ( 0.8660254037844403729, 0.000000000000000000, -0.4999999999999970024 ) ) ;
#5796 = LINE ( 'NONE', #5330, #4962 ) ;
#5797 = CARTESIAN_POINT ( 'NONE',  ( 68.99474601756980974, -2.954129394275438525, -5.544998549288506773 ) ) ;
#5798 = ORIENTED_EDGE ( 'NONE', *, *, #5209, .T. ) ;
#5799 = CARTESIAN_POINT ( 'NONE',  ( 62.49999999995100097, 0.7499999999999987788, -7.000000000000007105 ) ) ;
#5800 = ORIENTED_EDGE ( 'NONE', *, *, #3100, .F. ) ;
#5801 = ADVANCED_FACE ( 'NONE', ( #5333 ), #2651, .F. ) ;
#5802 = EDGE_LOOP ( 'NONE', ( #4762, #3106, #2433, #3666 ) ) ;
#5803 = AXIS2_PLACEMENT_3D ( 'NONE', #1760, #3840, #3906 ) ;
#5804 = DIRECTION ( 'NONE',  ( 0.000000000000000000, 0.000000000000000000, 1.000000000000000000 ) ) ;
#5805 = CARTESIAN_POINT ( 'NONE',  ( 22.30940107675849404, -1.399999999999999911, 3.999999999999999112 ) ) ;
#5806 = VECTOR ( 'NONE', #3342, 999.9999999999998863 ) ;
#5807 = DIRECTION ( 'NONE',  ( 0.7071067811865462405, -0.7071067811865489050, -1.630079379862720112E-17 ) ) ;
#5808 = EDGE_CURVE ( 'NONE', #37, #5141, #5270, .T. ) ;
#5809 = DIRECTION ( 'NONE',  ( 8.150396899313657570E-18, 0.7071067811865439090, 0.7071067811865512365 ) ) ;
#5810 = AXIS2_PLACEMENT_3D ( 'NONE', #1902, #6049, #405 ) ;
#5811 = AXIS2_PLACEMENT_3D ( 'NONE', #6170, #5026, #3589 ) ;
#5812 = ADVANCED_FACE ( 'NONE', ( #680 ), #1156, .F. ) ;
#5813 = ORIENTED_EDGE ( 'NONE', *, *, #4410, .T. ) ;
#5814 = LINE ( 'NONE', #2153, #6506 ) ;
#5815 = ADVANCED_FACE ( 'NONE', ( #1729 ), #3817, .T. ) ;
#5816 = ORIENTED_EDGE ( 'NONE', *, *, #6391, .F. ) ;
#5817 = CIRCLE ( 'NONE', #2890, 5.900000000000002132 ) ;
#5818 = ORIENTED_EDGE ( 'NONE', *, *, #6081, .F. ) ;
#5819 = FACE_OUTER_BOUND ( 'NONE', #3773, .T. ) ;
#5820 = DIRECTION ( 'NONE',  ( 0.000000000000000000, -0.000000000000000000, -1.000000000000000000 ) ) ;
#5821 = ORIENTED_EDGE ( 'NONE', *, *, #3903, .T. ) ;
#5822 = CARTESIAN_POINT ( 'NONE',  ( 73.68933982819568485, -3.000000000000000444, 2.639087296550526762 ) ) ;
#5823 = CARTESIAN_POINT ( 'NONE',  ( -1.760477780074012526E-17, -3.000000000000000000, -5.999999999999987566 ) ) ;
#5824 = ORIENTED_EDGE ( 'NONE', *, *, #2552, .T. ) ;
#5825 = CARTESIAN_POINT ( 'NONE',  ( 68.15470053833026043, -1.399999999999999911, -6.999999999999991118 ) ) ;
#5826 = ADVANCED_FACE ( 'NONE', ( #613 ), #6016, .F. ) ;
#5827 = AXIS2_PLACEMENT_3D ( 'NONE', #5731, #639, #1078 ) ;
#5828 = CARTESIAN_POINT ( 'NONE',  ( 70.19974746828131629, 0.7499999999999988898, 5.250000000000004441 ) ) ;
#5829 = DIRECTION ( 'NONE',  ( -0.4999999999999970024, 0.000000000000000000, -0.8660254037844403729 ) ) ;
#5830 = FACE_OUTER_BOUND ( 'NONE', #1462, .T. ) ;
#5831 = EDGE_CURVE ( 'NONE', #3620, #4233, #646, .T. ) ;
#5832 = VECTOR ( 'NONE', #322, 1000.000000000000000 ) ;
#5833 = LINE ( 'NONE', #541, #3207 ) ;
#5834 = ORIENTED_EDGE ( 'NONE', *, *, #6104, .T. ) ;
#5835 = DIRECTION ( 'NONE',  ( 0.5000000000026080249, -0.7071067811865473507, -0.4999999999973923637 ) ) ;
#5836 = EDGE_LOOP ( 'NONE', ( #1846, #1538, #461, #126 ) ) ;
#5837 = ORIENTED_EDGE ( 'NONE', *, *, #5583, .T. ) ;
#5838 = FACE_OUTER_BOUND ( 'NONE', #4911, .T. ) ;
#5839 = AXIS2_PLACEMENT_3D ( 'NONE', #4642, #3517, #5593 ) ;
#5840 = ORIENTED_EDGE ( 'NONE', *, *, #5708, .T. ) ;
#5841 = DIRECTION ( 'NONE',  ( 0.000000000000000000, -1.000000000000000000, 0.000000000000000000 ) ) ;
#5842 = DIRECTION ( 'NONE',  ( -0.7071067811828690708, 0.000000000000000000, -0.7071067811902260747 ) ) ;
#5843 = B_SPLINE_CURVE_WITH_KNOTS ( 'NONE', 3,
 ( #814, #1769, #6006, #1869 ),
 .UNSPECIFIED., .F., .F.,
 ( 4, 4 ),
 ( 0.01407064480856063185, 0.01477998004826411825 ),
 .UNSPECIFIED. ) ;
#5844 = DIRECTION ( 'NONE',  ( -1.169476500658520487E-16, 1.000000000000000000, -0.000000000000000000 ) ) ;
#5845 = LINE ( 'NONE', #2693, #834 ) ;
#5846 = EDGE_LOOP ( 'NONE', ( #480, #5700, #2801, #1761 ) ) ;
#5847 = CARTESIAN_POINT ( 'NONE',  ( 38.84529946162074054, -2.000000000000001776, -7.000000000000010658 ) ) ;
#5848 = EDGE_LOOP ( 'NONE', ( #4034, #2736, #4317, #4689 ) ) ;
#5849 = CARTESIAN_POINT ( 'NONE',  ( 3.845299461620749426, -1.399999999999999911, 5.999999999999998224 ) ) ;
#5850 = ORIENTED_EDGE ( 'NONE', *, *, #4556, .F. ) ;
#5851 = DIRECTION ( 'NONE',  ( -0.000000000000000000, -1.000000000000000000, -0.000000000000000000 ) ) ;
#5852 = DIRECTION ( 'NONE',  ( -1.000000000000000000, -2.168404344971006896E-16, 0.000000000000000000 ) ) ;
#5853 = ORIENTED_EDGE ( 'NONE', *, *, #4219, .F. ) ;
#5854 = DIRECTION ( 'NONE',  ( -0.000000000000000000, -1.000000000000000000, -0.000000000000000000 ) ) ;
#5855 = VERTEX_POINT ( 'NONE', #1220 ) ;
#5856 = VECTOR ( 'NONE', #3759, 1000.000000000000000 ) ;
#5857 = LINE ( 'NONE', #3348, #5860 ) ;
#5858 = DIRECTION ( 'NONE',  ( -0.000000000000000000, 1.000000000000000000, -0.000000000000000000 ) ) ;
#5859 = ADVANCED_FACE ( 'NONE', ( #2108 ), #4793, .F. ) ;
#5860 = VECTOR ( 'NONE', #2765, 1000.000000000000000 ) ;
#5861 = DIRECTION ( 'NONE',  ( 0.000000000000000000, 0.000000000000000000, 1.000000000000000000 ) ) ;
#5862 = EDGE_CURVE ( 'NONE', #4349, #2857, #1689, .T. ) ;
#5863 = FACE_OUTER_BOUND ( 'NONE', #745, .T. ) ;
#5864 = CARTESIAN_POINT ( 'NONE',  ( -4.065758146820641628E-17, -1.999999999999992228, 6.999999999999999112 ) ) ;
#5865 = DIRECTION ( 'NONE',  ( 3.755786496842901522E-16, 0.000000000000000000, -1.000000000000000000 ) ) ;
#5866 = ORIENTED_EDGE ( 'NONE', *, *, #92, .F. ) ;
#5867 = DIRECTION ( 'NONE',  ( 0.000000000000000000, 0.000000000000000000, 1.000000000000000000 ) ) ;
#5868 = ORIENTED_EDGE ( 'NONE', *, *, #679, .F. ) ;
#5869 = AXIS2_PLACEMENT_3D ( 'NONE', #5265, #2230, #5861 ) ;
#5870 = AXIS2_PLACEMENT_3D ( 'NONE', #2263, #6427, #2831 ) ;
#5871 = EDGE_LOOP ( 'NONE', ( #3163, #6216, #5356, #4049 ) ) ;
#5872 = ADVANCED_FACE ( 'NONE', ( #1594 ), #5768, .F. ) ;
#5873 = ORIENTED_EDGE ( 'NONE', *, *, #879, .T. ) ;
#5874 = FACE_OUTER_BOUND ( 'NONE', #3038, .T. ) ;
#5875 = CARTESIAN_POINT ( 'NONE',  ( 30.97795943984648304, 1.386334023860948061, -1.568972365543309211 ) ) ;
#5876 = AXIS2_PLACEMENT_3D ( 'NONE', #2085, #1540, #1067 ) ;
#5877 = EDGE_CURVE ( 'NONE', #4101, #332, #4761, .T. ) ;
#5878 = DIRECTION ( 'NONE',  ( 1.000000000000000000, 0.000000000000000000, 0.000000000000000000 ) ) ;
#5879 = VECTOR ( 'NONE', #1807, 1000.000000000000000 ) ;
#5880 = AXIS2_PLACEMENT_3D ( 'NONE', #3196, #2236, #4279 ) ;
#5881 = EDGE_LOOP ( 'NONE', ( #171, #5520, #3841, #9 ) ) ;
#5882 = PLANE ( 'NONE',  #3479 ) ;
#5883 = DIRECTION ( 'NONE',  ( -0.000000000000000000, 1.000000000000000000, -0.000000000000000000 ) ) ;
#5884 = EDGE_CURVE ( 'NONE', #6262, #1106, #1118, .T. ) ;
#5885 = ORIENTED_EDGE ( 'NONE', *, *, #4697, .T. ) ;
#5886 = CARTESIAN_POINT ( 'NONE',  ( 66.99999999997550049, 0.9999999999999991118, 4.999999999999999112 ) ) ;
#5887 =( NAMED_UNIT ( * ) SI_UNIT ( $, .STERADIAN. ) SOLID_ANGLE_UNIT ( ) );
#5888 = APPLICATION_CONTEXT ( 'automotive_design' ) ;
#5889 = ORIENTED_EDGE ( 'NONE', *, *, #5446, .T. ) ;
#5890 = DIRECTION ( 'NONE',  ( 0.000000000000000000, 0.000000000000000000, -1.000000000000000000 ) ) ;
#5891 = EDGE_CURVE ( 'NONE', #950, #4456, #6304, .T. ) ;
#5892 = CARTESIAN_POINT ( 'NONE',  ( -6.938893903907228378E-15, -1.300002712461384201E-30, 0.000000000000000000 ) ) ;
#5893 = ORIENTED_EDGE ( 'NONE', *, *, #2518, .T. ) ;
#5894 = DIRECTION ( 'NONE',  ( 0.000000000000000000, 0.000000000000000000, 1.000000000000000000 ) ) ;
#5895 = CARTESIAN_POINT ( 'NONE',  ( 38.84529946162073344, 1.999999999999994893, -7.000000000000010658 ) ) ;
#5896 = FACE_OUTER_BOUND ( 'NONE', #3110, .T. ) ;
#5897 = CARTESIAN_POINT ( 'NONE',  ( 71.99999999995098676, 1.000000000000000444, 0.4750000000007135736 ) ) ;
#5898 = CARTESIAN_POINT ( 'NONE',  ( 63.99999999995097255, -1.000000000000007994, 6.999999999999999112 ) ) ;
#5899 = EDGE_LOOP ( 'NONE', ( #5527, #1423, #4631, #1166 ) ) ;
#5900 = EDGE_CURVE ( 'NONE', #1604, #6537, #3424, .T. ) ;
#5901 = DIRECTION ( 'NONE',  ( 0.000000000000000000, 0.000000000000000000, -1.000000000000000000 ) ) ;
#5902 = ORIENTED_EDGE ( 'NONE', *, *, #2864, .T. ) ;
#5903 = ORIENTED_EDGE ( 'NONE', *, *, #854, .F. ) ;
#5904 = PLANE ( 'NONE',  #3021 ) ;
#5905 = ADVANCED_FACE ( 'NONE', ( #1895 ), #1255, .F. ) ;
#5906 = FACE_OUTER_BOUND ( 'NONE', #2203, .T. ) ;
#5907 = ORIENTED_EDGE ( 'NONE', *, *, #2968, .T. ) ;
#5908 = CARTESIAN_POINT ( 'NONE',  ( -4.065758146820641628E-17, -3.000000000000000000, -2.100000000000000089 ) ) ;
#5909 = VECTOR ( 'NONE', #3360, 1000.000000000000114 ) ;
#5910 = CARTESIAN_POINT ( 'NONE',  ( 30.16548043366462295, 1.096938128128558620, -1.588275320265347457 ) ) ;
#5911 = ORIENTED_EDGE ( 'NONE', *, *, #5993, .F. ) ;
#5912 = EDGE_CURVE ( 'NONE', #6541, #3409, #4238, .T. ) ;
#5913 = LINE ( 'NONE', #4388, #5767 ) ;
#5914 = CARTESIAN_POINT ( 'NONE',  ( -5.218398330193956179E-17, -3.000000000000000000, 5.999999999999981348 ) ) ;
#5915 = VECTOR ( 'NONE', #4841, 1000.000000000000114 ) ;
#5916 = AXIS2_PLACEMENT_3D ( 'NONE', #1926, #6066, #3964 ) ;
#5917 = EDGE_CURVE ( 'NONE', #5466, #1404, #1390, .T. ) ;
#5918 = ORIENTED_EDGE ( 'NONE', *, *, #518, .T. ) ;
#5919 = DIRECTION ( 'NONE',  ( 0.000000000000000000, -0.000000000000000000, 1.000000000000000000 ) ) ;
#5920 = CARTESIAN_POINT ( 'NONE',  ( 46.60683449366641184, 3.433125591024235312, -0.1180834196859715524 ) ) ;
#5921 = ORIENTED_EDGE ( 'NONE', *, *, #1666, .T. ) ;
#5922 = VECTOR ( 'NONE', #6076, 1000.000000000000114 ) ;
#5923 = ORIENTED_EDGE ( 'NONE', *, *, #1768, .T. ) ;
#5924 = FACE_OUTER_BOUND ( 'NONE', #2405, .T. ) ;
#5925 = LINE ( 'NONE', #5422, #2355 ) ;
#5926 = EDGE_CURVE ( 'NONE', #6211, #4067, #6040, .T. ) ;
#5927 = ORIENTED_EDGE ( 'NONE', *, *, #5427, .F. ) ;
#5928 = VECTOR ( 'NONE', #3967, 1000.000000000000114 ) ;
#5929 = CARTESIAN_POINT ( 'NONE',  ( 75.25000000000001421, 2.349999999999995204, -7.000000000000007994 ) ) ;
#5930 = ORIENTED_EDGE ( 'NONE', *, *, #6588, .T. ) ;
#5931 = DIRECTION ( 'NONE',  ( 0.000000000000000000, 1.000000000000000000, 0.000000000000000000 ) ) ;
#5932 = LINE ( 'NONE', #4882, #189 ) ;
#5933 = VECTOR ( 'NONE', #4288, 1000.000000000000227 ) ;
#5934 = DIRECTION ( 'NONE',  ( 0.000000000000000000, 0.000000000000000000, 1.000000000000000000 ) ) ;
#5935 = DIRECTION ( 'NONE',  ( -0.000000000000000000, 1.000000000000000000, -0.000000000000000000 ) ) ;
#5936 = EDGE_CURVE ( 'NONE', #3186, #1096, #6002, .T. ) ;
#5937 = DIRECTION ( 'NONE',  ( 0.000000000000000000, 1.000000000000000000, 0.000000000000000000 ) ) ;
#5938 = CARTESIAN_POINT ( 'NONE',  ( 39.99999999999999289, 0.000000000000000000, 0.000000000000000000 ) ) ;
#5939 = ORIENTED_EDGE ( 'NONE', *, *, #4133, .F. ) ;
#5940 = FACE_OUTER_BOUND ( 'NONE', #1044, .T. ) ;
#5941 = EDGE_CURVE ( 'NONE', #4720, #6438, #4668, .T. ) ;
#5942 = AXIS2_PLACEMENT_3D ( 'NONE', #3832, #1239, #4811 ) ;
#5943 = DIRECTION ( 'NONE',  ( -0.7071067811865445751, 0.000000000000000000, 0.7071067811865504593 ) ) ;
#5944 = ORIENTED_EDGE ( 'NONE', *, *, #5003, .T. ) ;
#5945 = ORIENTED_EDGE ( 'NONE', *, *, #3004, .F. ) ;
#5946 = FACE_OUTER_BOUND ( 'NONE', #6190, .T. ) ;
#5947 = LINE ( 'NONE', #2846, #4608 ) ;
#5948 = DIRECTION ( 'NONE',  ( 0.000000000000000000, 0.000000000000000000, -1.000000000000000000 ) ) ;
#5949 = FACE_OUTER_BOUND ( 'NONE', #5096, .T. ) ;
#5950 = DIRECTION ( 'NONE',  ( 1.000000000000000000, 0.000000000000000000, 0.000000000000000000 ) ) ;
#5951 = AXIS2_PLACEMENT_3D ( 'NONE', #3270, #3368, #2889 ) ;
#5952 = EDGE_LOOP ( 'NONE', ( #6209, #4530, #633, #1716 ) ) ;
#5953 = CARTESIAN_POINT ( 'NONE',  ( 54.83333333333328596, 2.833333333333286852, -4.916666666666718477 ) ) ;
#5954 = EDGE_CURVE ( 'NONE', #669, #3812, #330, .T. ) ;
#5955 = ORIENTED_EDGE ( 'NONE', *, *, #2527, .T. ) ;
#5956 = LINE ( 'NONE', #3788, #5444 ) ;
#5957 = ORIENTED_EDGE ( 'NONE', *, *, #3208, .F. ) ;
#5958 = EDGE_CURVE ( 'NONE', #4699, #2042, #979, .T. ) ;
#5959 = VERTEX_POINT ( 'NONE', #5502 ) ;
#5960 = FACE_OUTER_BOUND ( 'NONE', #855, .T. ) ;
#5961 = FACE_OUTER_BOUND ( 'NONE', #5319, .T. ) ;
#5962 = EDGE_CURVE ( 'NONE', #3409, #6541, #6184, .T. ) ;
#5963 = CARTESIAN_POINT ( 'NONE',  ( 43.20665189580156351, -3.000000000000000000, 2.100000000000000089 ) ) ;
#5964 = VERTEX_POINT ( 'NONE', #2914 ) ;
#5965 = CARTESIAN_POINT ( 'NONE',  ( 75.25000000000001421, 0.7499999999999997780, 0.2500000000000004996 ) ) ;
#5966 = LINE ( 'NONE', #1287, #1500 ) ;
#5967 = DIRECTION ( 'NONE',  ( 0.5773502691896267303, 0.5773502691896256200, -0.5773502691896251759 ) ) ;
#5968 = CARTESIAN_POINT ( 'NONE',  ( -0.3436289296939773474, -3.000000000000000000, 3.477933296274834163 ) ) ;
#5969 = CIRCLE ( 'NONE', #3916, 2.000000000000001776 ) ;
#5970 = DIRECTION ( 'NONE',  ( -0.000000000000000000, 1.000000000000000000, -0.000000000000000000 ) ) ;
#5971 = LINE ( 'NONE', #1183, #2329 ) ;
#5972 = DIRECTION ( 'NONE',  ( -0.000000000000000000, -0.000000000000000000, -1.000000000000000000 ) ) ;
#5973 = ORIENTED_EDGE ( 'NONE', *, *, #2378, .F. ) ;
#5974 = CARTESIAN_POINT ( 'NONE',  ( 75.25000000002408740, 1.000000000000000000, -5.000000000060810024 ) ) ;
#5975 = ORIENTED_EDGE ( 'NONE', *, *, #3340, .T. ) ;
#5976 = ORIENTED_EDGE ( 'NONE', *, *, #5090, .F. ) ;
#5977 = VECTOR ( 'NONE', #900, 1000.000000000000000 ) ;
#5978 = CARTESIAN_POINT ( 'NONE',  ( 68.15470053833026043, -1.399999999999999911, -3.000000000000009770 ) ) ;
#5979 = CARTESIAN_POINT ( 'NONE',  ( 75.25000000000001421, 0.7499999999999997780, -7.000000000000007994 ) ) ;
#5980 = FACE_OUTER_BOUND ( 'NONE', #1491, .T. ) ;
#5981 = CARTESIAN_POINT ( 'NONE',  ( 70.19974746828131629, -3.000000000000000888, -6.750000000000000888 ) ) ;
#5982 = VERTEX_POINT ( 'NONE', #4958 ) ;
#5983 = CARTESIAN_POINT ( 'NONE',  ( 37.99999999999999289, 0.000000000000000000, 4.999999999999999112 ) ) ;
#5984 = ORIENTED_EDGE ( 'NONE', *, *, #4961, .F. ) ;
#5985 = EDGE_LOOP ( 'NONE', ( #4192, #4281, #1298, #2452, #99, #3245 ) ) ;
#5986 = AXIS2_PLACEMENT_3D ( 'NONE', #2073, #3134, #4014 ) ;
#5987 = ADVANCED_FACE ( 'NONE', ( #3356 ), #3457, .F. ) ;
#5988 = LINE ( 'NONE', #6457, #1202 ) ;
#5989 = ORIENTED_EDGE ( 'NONE', *, *, #580, .T. ) ;
#5990 = CARTESIAN_POINT ( 'NONE',  ( 71.99999999995104361, 0.9790225092205675494, -3.499999999999286793 ) ) ;
#5991 = DIRECTION ( 'NONE',  ( 0.000000000000000000, 1.000000000000000000, 0.000000000000000000 ) ) ;
#5992 = ORIENTED_EDGE ( 'NONE', *, *, #2206, .T. ) ;
#5993 = EDGE_CURVE ( 'NONE', #4025, #4278, #4856, .T. ) ;
#5994 = LINE ( 'NONE', #6399, #2289 ) ;
#5995 = DIRECTION ( 'NONE',  ( -0.000000000000000000, 1.000000000000000000, -0.000000000000000000 ) ) ;
#5996 = PLANE ( 'NONE',  #4645 ) ;
#5997 = DIRECTION ( 'NONE',  ( 0.000000000000000000, 0.000000000000000000, -1.000000000000000000 ) ) ;
#5998 = DIRECTION ( 'NONE',  ( -0.000000000000000000, 1.000000000000000000, -0.000000000000000000 ) ) ;
#5999 = DIRECTION ( 'NONE',  ( 0.000000000000000000, 0.000000000000000000, 1.000000000000000000 ) ) ;
#6000 = ORIENTED_EDGE ( 'NONE', *, *, #2590, .F. ) ;
#6001 = EDGE_CURVE ( 'NONE', #3437, #6668, #1529, .T. ) ;
#6002 = LINE ( 'NONE', #4892, #5431 ) ;
#6003 = ORIENTED_EDGE ( 'NONE', *, *, #4464, .T. ) ;
#6004 = ORIENTED_EDGE ( 'NONE', *, *, #4763, .F. ) ;
#6005 = DIRECTION ( 'NONE',  ( -0.000000000000000000, -0.000000000000000000, 1.000000000000000000 ) ) ;
#6006 = CARTESIAN_POINT ( 'NONE',  ( 28.55803629432607238, 1.000000000000000000, 1.600000000000000311 ) ) ;
#6007 = EDGE_CURVE ( 'NONE', #5982, #1874, #777, .T. ) ;
#6008 = CARTESIAN_POINT ( 'NONE',  ( -4.065758146820641628E-17, 7.000000000000000000, 6.999999999999999112 ) ) ;
#6009 = ORIENTED_EDGE ( 'NONE', *, *, #1773, .T. ) ;
#6010 = EDGE_CURVE ( 'NONE', #2695, #909, #5536, .T. ) ;
#6011 = DIRECTION ( 'NONE',  ( 0.4999999999999998890, 0.000000000000000000, 0.8660254037844387076 ) ) ;
#6012 = LINE ( 'NONE', #2925, #6334 ) ;
#6013 = CARTESIAN_POINT ( 'NONE',  ( 41.15470053837923814, 1.999999999999994449, -7.000000000000010658 ) ) ;
#6014 = VECTOR ( 'NONE', #5043, 1000.000000000000227 ) ;
#6015 = EDGE_LOOP ( 'NONE', ( #5208, #6171, #2382, #2627, #2317 ) ) ;
#6016 = TOROIDAL_SURFACE ( 'NONE', #695, 3.100000000000000977, 2.100000000000000089 ) ;
#6017 = AXIS2_PLACEMENT_3D ( 'NONE', #6229, #1581, #5894 ) ;
#6018 = ORIENTED_EDGE ( 'NONE', *, *, #4509, .T. ) ;
#6019 = FACE_OUTER_BOUND ( 'NONE', #1154, .T. ) ;
#6020 = EDGE_LOOP ( 'NONE', ( #3259, #6456, #2403, #2955, #1982, #4794 ) ) ;
#6021 = CIRCLE ( 'NONE', #2332, 1.749999999999987566 ) ;
#6022 = EDGE_CURVE ( 'NONE', #4236, #6185, #1835, .T. ) ;
#6023 = DIRECTION ( 'NONE',  ( -1.000000000000000000, 7.607762192503441988E-17, 1.152640183373293597E-17 ) ) ;
#6024 = EDGE_CURVE ( 'NONE', #909, #873, #1309, .T. ) ;
#6025 = CARTESIAN_POINT ( 'NONE',  ( 3.268248128646380923, -2.999999999999999556, -1.550844219065391938 ) ) ;
#6026 = ORIENTED_EDGE ( 'NONE', *, *, #1316, .T. ) ;
#6027 = CONICAL_SURFACE ( 'NONE', #5171, 0.5249999999999976907, 0.8726646259970902708 ) ;
#6028 = CARTESIAN_POINT ( 'NONE',  ( 39.99999999999999289, 0.000000000000000000, 7.000011999999999013 ) ) ;
#6029 = CARTESIAN_POINT ( 'NONE',  ( 8.000000000000000000, -1.000000000000034639, 0.000000000000000000 ) ) ;
#6030 = CARTESIAN_POINT ( 'NONE',  ( 43.16963696305523257, 6.797308402774867808, 0.000000000000000000 ) ) ;
#6031 = CARTESIAN_POINT ( 'NONE',  ( 71.99999999995104361, 0.9999999999999995559, -3.499999999999286793 ) ) ;
#6032 = EDGE_CURVE ( 'NONE', #1378, #240, #6502, .T. ) ;
#6033 = VECTOR ( 'NONE', #1192, 1000.000000000000114 ) ;
#6034 = AXIS2_PLACEMENT_3D ( 'NONE', #24, #3689, #4271 ) ;
#6035 = CARTESIAN_POINT ( 'NONE',  ( -3.373535484843118493, -3.000000000000000000, 0.4598598374564300539 ) ) ;
#6036 = EDGE_CURVE ( 'NONE', #4450, #5662, #5106, .T. ) ;
#6037 = DIRECTION ( 'NONE',  ( -0.000000000000000000, 1.000000000000000000, -0.000000000000000000 ) ) ;
#6038 = ORIENTED_EDGE ( 'NONE', *, *, #5438, .T. ) ;
#6039 = VECTOR ( 'NONE', #5121, 1000.000000000000000 ) ;
#6040 = LINE ( 'NONE', #6437, #2934 ) ;
#6041 = EDGE_LOOP ( 'NONE', ( #1117, #4823 ) ) ;
#6042 = CIRCLE ( 'NONE', #3117, 1.499999999999990896 ) ;
#6043 = CARTESIAN_POINT ( 'NONE',  ( 70.02999999995098790, 1.000000000000000222, -0.2999999999993115396 ) ) ;
#6044 = DIRECTION ( 'NONE',  ( -0.000000000000000000, -1.000000000000000000, -0.000000000000000000 ) ) ;
#6045 = ORIENTED_EDGE ( 'NONE', *, *, #3176, .T. ) ;
#6046 = AXIS2_PLACEMENT_3D ( 'NONE', #3072, #2547, #4083 ) ;
#6047 = CARTESIAN_POINT ( 'NONE',  ( 71.99999999995098676, 0.9999999999999995559, 1.000000000000711209 ) ) ;
#6048 = EDGE_CURVE ( 'NONE', #1256, #789, #6497, .T. ) ;
#6049 = DIRECTION ( 'NONE',  ( 0.000000000000000000, -1.000000000000000000, 0.000000000000000000 ) ) ;
#6050 = AXIS2_PLACEMENT_3D ( 'NONE', #2798, #4875, #1746 ) ;
#6051 = ORIENTED_EDGE ( 'NONE', *, *, #2252, .T. ) ;
#6052 = CARTESIAN_POINT ( 'NONE',  ( 75.25000000000001421, 7.000000000000000000, -7.000000000000007994 ) ) ;
#6053 = CARTESIAN_POINT ( 'NONE',  ( 32.44679361672710627, 2.346288553338768068, -1.519868415357060742 ) ) ;
#6054 = CONICAL_SURFACE ( 'NONE', #6151, 0.5249999999999976907, 0.8726646259970902708 ) ;
#6055 = DIRECTION ( 'NONE',  ( -1.000000000000000000, 0.000000000000000000, 0.000000000000000000 ) ) ;
#6056 = AXIS2_PLACEMENT_3D ( 'NONE', #2343, #5033, #2847 ) ;
#6057 = CIRCLE ( 'NONE', #5189, 5.999999999999984901 ) ;
#6058 = ORIENTED_EDGE ( 'NONE', *, *, #217, .T. ) ;
#6059 = ORIENTED_EDGE ( 'NONE', *, *, #2814, .T. ) ;
#6060 = VECTOR ( 'NONE', #1291, 1000.000000000000114 ) ;
#6061 = DIRECTION ( 'NONE',  ( -0.000000000000000000, -1.000000000000000000, -0.000000000000000000 ) ) ;
#6062 = DIRECTION ( 'NONE',  ( 9.381338752702144066E-17, 0.6427876096865963174, -0.7660444431189300518 ) ) ;
#6063 = EDGE_LOOP ( 'NONE', ( #3590, #2307 ) ) ;
#6064 = DIRECTION ( 'NONE',  ( -0.000000000000000000, -1.000000000000000000, -0.000000000000000000 ) ) ;
#6065 = PLANE ( 'NONE',  #743 ) ;
#6066 = DIRECTION ( 'NONE',  ( -0.000000000000000000, 1.000000000000000000, 0.000000000000000000 ) ) ;
#6067 = DIRECTION ( 'NONE',  ( 0.000000000000000000, 0.000000000000000000, 1.000000000000000000 ) ) ;
#6068 = CARTESIAN_POINT ( 'NONE',  ( 3.444003727944499271, -3.000000000000000444, 1.128355550681835240 ) ) ;
#6069 = LINE ( 'NONE', #5659, #5069 ) ;
#6070 = ORIENTED_EDGE ( 'NONE', *, *, #349, .F. ) ;
#6071 = CARTESIAN_POINT ( 'NONE',  ( 2.777111661611908922, -3.000000000000000888, 0.9038452458732993966 ) ) ;
#6072 = ORIENTED_EDGE ( 'NONE', *, *, #1773, .F. ) ;
#6073 = DIRECTION ( 'NONE',  ( 0.000000000000000000, 0.000000000000000000, 1.000000000000000000 ) ) ;
#6074 = EDGE_CURVE ( 'NONE', #2555, #5221, #3621, .T. ) ;
#6075 = LINE ( 'NONE', #304, #185 ) ;
#6076 = DIRECTION ( 'NONE',  ( 0.7071067811828690708, 0.000000000000000000, 0.7071067811902260747 ) ) ;
#6077 = DIRECTION ( 'NONE',  ( 0.000000000000000000, 0.6427876096865963174, 0.7660444431189300518 ) ) ;
#6078 = AXIS2_PLACEMENT_3D ( 'NONE', #1797, #1296, #3878 ) ;
#6079 = EDGE_CURVE ( 'NONE', #1607, #5138, #5969, .T. ) ;
#6080 = CARTESIAN_POINT ( 'NONE',  ( 65.84529946157175573, -3.000000000000000000, -3.000000000000010214 ) ) ;
#6081 = EDGE_CURVE ( 'NONE', #1276, #5959, #6148, .T. ) ;
#6082 = CARTESIAN_POINT ( 'NONE',  ( 32.21141776686232561, 2.110912703473982965, 1.519868415357060965 ) ) ;
#6083 = AXIS2_PLACEMENT_3D ( 'NONE', #5050, #2460, #1954 ) ;
#6084 = ORIENTED_EDGE ( 'NONE', *, *, #1065, .F. ) ;
#6085 = AXIS2_PLACEMENT_3D ( 'NONE', #4715, #6135, #5133 ) ;
#6086 = ORIENTED_EDGE ( 'NONE', *, *, #6249, .T. ) ;
#6087 = VECTOR ( 'NONE', #997, 1000.000000000000000 ) ;
#6088 = CARTESIAN_POINT ( 'NONE',  ( -1.439533014221304530, -3.000000000000000444, -3.147471925798207337 ) ) ;
#6089 = EDGE_LOOP ( 'NONE', ( #5769, #5973, #1693, #6275 ) ) ;
#6090 = CARTESIAN_POINT ( 'NONE',  ( 22.49999999999999645, 0.000000000000000000, 1.248999599679684769 ) ) ;
#6091 = DIRECTION ( 'NONE',  ( -0.000000000000000000, 1.000000000000000000, -0.000000000000000000 ) ) ;
#6092 = TOROIDAL_SURFACE ( 'NONE', #2739, 39.99999999999999289, 3.500000000000000000 ) ;
#6093 = CARTESIAN_POINT ( 'NONE',  ( 18.84529946162074410, -3.000000000000000000, 2.000000000000001776 ) ) ;
#6094 = CARTESIAN_POINT ( 'NONE',  ( 3.623496594642308111, -3.000000000000000000, -4.286263804398663620E-16 ) ) ;
#6095 = DIRECTION ( 'NONE',  ( -1.000000000000000000, 0.000000000000000000, 0.000000000000000000 ) ) ;
#6096 = CARTESIAN_POINT ( 'NONE',  ( 39.99999999999999289, 0.000000000000000000, -7.000000000000007994 ) ) ;
#6097 = ORIENTED_EDGE ( 'NONE', *, *, #1509, .T. ) ;
#6098 = DIRECTION ( 'NONE',  ( -0.000000000000000000, -1.000000000000000000, -0.000000000000000000 ) ) ;
#6099 = ORIENTED_EDGE ( 'NONE', *, *, #2591, .T. ) ;
#6100 = CARTESIAN_POINT ( 'NONE',  ( 45.30793193882908554, -3.000000000000000000, -1.230151519016500217 ) ) ;
#6101 = ORIENTED_EDGE ( 'NONE', *, *, #6024, .T. ) ;
#6102 = CARTESIAN_POINT ( 'NONE',  ( 66.99999999997550049, -1.399999999999999911, -4.999999999999999112 ) ) ;
#6103 = CARTESIAN_POINT ( 'NONE',  ( 35.82806999099935297, 4.171930009000625716, 1.959434878635765723E-16 ) ) ;
#6104 = EDGE_CURVE ( 'NONE', #766, #2853, #4580, .T. ) ;
#6105 = EDGE_LOOP ( 'NONE', ( #629, #1766, #4382, #4040 ) ) ;
#6106 = EDGE_CURVE ( 'NONE', #4412, #4616, #1092, .T. ) ;
#6107 = DIRECTION ( 'NONE',  ( -0.000000000000000000, 1.000000000000000000, -0.000000000000000000 ) ) ;
#6108 = DIRECTION ( 'NONE',  ( 0.000000000000000000, 0.000000000000000000, -1.000000000000000000 ) ) ;
#6109 = DIRECTION ( 'NONE',  ( 0.000000000000000000, 0.000000000000000000, -1.000000000000000000 ) ) ;
#6110 = FACE_OUTER_BOUND ( 'NONE', #3944, .T. ) ;
#6111 = ORIENTED_EDGE ( 'NONE', *, *, #1439, .F. ) ;
#6112 = VECTOR ( 'NONE', #5844, 1000.000000000000000 ) ;
#6113 = EDGE_LOOP ( 'NONE', ( #1961, #2719, #5014, #6657 ) ) ;
#6114 = EDGE_CURVE ( 'NONE', #4053, #4667, #5661, .T. ) ;
#6115 = CIRCLE ( 'NONE', #2221, 2.000000000000001776 ) ;
#6116 = CARTESIAN_POINT ( 'NONE',  ( 3.601180462324423459, -3.000000000000000000, -0.4561249821390094827 ) ) ;
#6117 = EDGE_LOOP ( 'NONE', ( #1077, #5542, #647, #6097, #3391, #6000 ) ) ;
#6118 = LINE ( 'NONE', #3448, #1858 ) ;
#6119 = ORIENTED_EDGE ( 'NONE', *, *, #1224, .T. ) ;
#6120 = DIRECTION ( 'NONE',  ( 0.000000000000000000, 0.000000000000000000, -1.000000000000000000 ) ) ;
#6121 = AXIS2_PLACEMENT_3D ( 'NONE', #292, #2772, #2368 ) ;
#6122 = EDGE_CURVE ( 'NONE', #178, #5612, #315, .T. ) ;
#6123 = FACE_OUTER_BOUND ( 'NONE', #716, .T. ) ;
#6124 = CARTESIAN_POINT ( 'NONE',  ( 75.25000000000001421, 1.000000000000000000, -7.000000000000010658 ) ) ;
#6125 = EDGE_LOOP ( 'NONE', ( #2659, #2581, #1950, #445 ) ) ;
#6126 = CARTESIAN_POINT ( 'NONE',  ( 43.09811156375918983, 0.1081884397777406193, 0.000000000000000000 ) ) ;
#6127 = VECTOR ( 'NONE', #3864, 1000.000000000000000 ) ;
#6128 = DIRECTION ( 'NONE',  ( 1.000000000000000000, 0.000000000000000000, 0.000000000000000000 ) ) ;
#6129 = ORIENTED_EDGE ( 'NONE', *, *, #6620, .F. ) ;
#6130 = DIRECTION ( 'NONE',  ( -0.000000000000000000, 1.000000000000000000, 0.000000000000000000 ) ) ;
#6131 = ORIENTED_EDGE ( 'NONE', *, *, #286, .F. ) ;
#6132 = AXIS2_PLACEMENT_3D ( 'NONE', #306, #1332, #4482 ) ;
#6133 = VERTEX_POINT ( 'NONE', #6669 ) ;
#6134 = VECTOR ( 'NONE', #116, 999.9999999999998863 ) ;
#6135 = DIRECTION ( 'NONE',  ( -1.000000000000000000, -1.362023050420387124E-17, 0.000000000000000000 ) ) ;
#6136 = CARTESIAN_POINT ( 'NONE',  ( 45.19683230049928824, 0.1814773828529877842, 0.000000000000000000 ) ) ;
#6137 = ADVANCED_FACE ( 'NONE', ( #2434 ), #6202, .F. ) ;
#6138 = FACE_OUTER_BOUND ( 'NONE', #3880, .T. ) ;
#6139 = ORIENTED_EDGE ( 'NONE', *, *, #1511, .F. ) ;
#6140 = VECTOR ( 'NONE', #1685, 1000.000000000000114 ) ;
#6141 = CARTESIAN_POINT ( 'NONE',  ( 29.02943725152285737, 1.000000000000000000, -1.599226279114494442 ) ) ;
#6142 = FACE_OUTER_BOUND ( 'NONE', #4581, .T. ) ;
#6143 = VERTEX_POINT ( 'NONE', #55 ) ;
#6144 = FACE_OUTER_BOUND ( 'NONE', #2596, .T. ) ;
#6145 = ORIENTED_EDGE ( 'NONE', *, *, #3975, .T. ) ;
#6146 = PLANE ( 'NONE',  #3774 ) ;
#6147 = CARTESIAN_POINT ( 'NONE',  ( 72.76999999995101120, 0.9999999999999995559, -1.449999999999279421 ) ) ;
#6148 = B_SPLINE_CURVE_WITH_KNOTS ( 'NONE', 3,
 ( #4036, #1993, #908, #3520, #6071, #6172, #1010, #1487, #4646, #400, #434, #6705, #975, #2065, #2983, #5061, #2502, #1551, #6572, #3088, #1420, #2472, #3591, #2950, #4546, #362, #5159, #5688, #497, #5128, #462, #2570, #6605, #4510 ),
 .UNSPECIFIED., .F., .F.,
 ( 4, 2, 2, 2, 2, 2, 2, 2, 2, 2, 2, 2, 2, 2, 2, 2, 4 ),
 ( 0.006735308297983731186, 0.007283280807644277460, 0.007831253317304824602, 0.008379225826965370008, 0.008927198336625915415, 0.009475170846286460821, 0.01002314335594700623, 0.01057111586560755337, 0.01111908837526809704, 0.01166706088492864418, 0.01221503339458918959, 0.01276300590424973500, 0.01331097841391028040, 0.01385895092357082581, 0.01440692343323137121, 0.01495489594289191662, 0.01550286845255246029 ),
 .UNSPECIFIED. ) ;
#6149 = DIRECTION ( 'NONE',  ( 0.000000000000000000, 0.000000000000000000, 1.000000000000000000 ) ) ;
#6150 = ORIENTED_EDGE ( 'NONE', *, *, #851, .F. ) ;
#6151 = AXIS2_PLACEMENT_3D ( 'NONE', #6043, #5439, #300 ) ;
#6152 = EDGE_CURVE ( 'NONE', #3772, #6143, #2099, .T. ) ;
#6153 = CIRCLE ( 'NONE', #1938, 1.499999999999990896 ) ;
#6154 = VERTEX_POINT ( 'NONE', #3123 ) ;
#6155 = EDGE_CURVE ( 'NONE', #762, #873, #603, .T. ) ;
#6156 = CIRCLE ( 'NONE', #3995, 2.100000000000002753 ) ;
#6157 = CARTESIAN_POINT ( 'NONE',  ( -2.202733972413200014, -3.000000000000000000, -2.640145358022476074 ) ) ;
#6158 = VERTEX_POINT ( 'NONE', #4202 ) ;
#6159 = CARTESIAN_POINT ( 'NONE',  ( 71.99999999995098676, 0.9790225092205675494, 0.5000000000007107648 ) ) ;
#6160 = DIRECTION ( 'NONE',  ( 0.000000000000000000, -0.000000000000000000, 1.000000000000000000 ) ) ;
#6161 = EDGE_LOOP ( 'NONE', ( #2633, #4294, #1913, #5199 ) ) ;
#6162 = EDGE_CURVE ( 'NONE', #5352, #3807, #4167, .T. ) ;
#6163 = AXIS2_PLACEMENT_3D ( 'NONE', #3489, #5125, #6665 ) ;
#6164 = LINE ( 'NONE', #4029, #6591 ) ;
#6165 = VERTEX_POINT ( 'NONE', #5191 ) ;
#6166 = CARTESIAN_POINT ( 'NONE',  ( 65.84529946157174152, -1.399999999999999911, -6.999999999999992006 ) ) ;
#6167 = EDGE_CURVE ( 'NONE', #3429, #4278, #4749, .T. ) ;
#6168 = FACE_BOUND ( 'NONE', #5384, .T. ) ;
#6169 = EDGE_LOOP ( 'NONE', ( #293, #1583, #1963, #5853 ) ) ;
#6170 = CARTESIAN_POINT ( 'NONE',  ( 39.99999999999999289, 0.000000000000000000, 0.000000000000000000 ) ) ;
#6171 = ORIENTED_EDGE ( 'NONE', *, *, #1102, .T. ) ;
#6172 = CARTESIAN_POINT ( 'NONE',  ( 2.636455036056314594, -3.000000000000000444, 1.241836338137341400 ) ) ;
#6173 = EDGE_LOOP ( 'NONE', ( #6193, #6009, #6582, #5475 ) ) ;
#6174 = DIRECTION ( 'NONE',  ( 0.8660254037844388186, 0.4999999999999998335, -9.229236442753878723E-17 ) ) ;
#6175 = CARTESIAN_POINT ( 'NONE',  ( 68.23743686705195444, 0.9999999999999991118, 6.237436867076455727 ) ) ;
#6176 = CARTESIAN_POINT ( 'NONE',  ( 18.84529946162074410, -1.399999999999999911, -1.999999999999998224 ) ) ;
#6177 = CARTESIAN_POINT ( 'NONE',  ( 48.02675723815367093, 2.599999999999996092, 5.485747894878296727 ) ) ;
#6178 = DIRECTION ( 'NONE',  ( 0.000000000000000000, 1.000000000000000000, 0.000000000000000000 ) ) ;
#6179 = EDGE_LOOP ( 'NONE', ( #6641, #5893 ) ) ;
#6180 = ORIENTED_EDGE ( 'NONE', *, *, #3090, .F. ) ;
#6181 = DIRECTION ( 'NONE',  ( -0.4999999999999996114, -0.8660254037844388186, 0.000000000000000000 ) ) ;
#6182 = LINE ( 'NONE', #3073, #1806 ) ;
#6183 = DIRECTION ( 'NONE',  ( 1.000000000000000000, 0.000000000000000000, 0.000000000000000000 ) ) ;
#6184 = CIRCLE ( 'NONE', #6078, 0.5249999999999976907 ) ;
#6185 = VERTEX_POINT ( 'NONE', #4273 ) ;
#6186 = AXIS2_PLACEMENT_3D ( 'NONE', #3371, #3861, #1741 ) ;
#6187 = ORIENTED_EDGE ( 'NONE', *, *, #5701, .T. ) ;
#6188 = EDGE_CURVE ( 'NONE', #3077, #1404, #570, .T. ) ;
#6189 = LINE ( 'NONE', #4224, #3935 ) ;
#6190 = EDGE_LOOP ( 'NONE', ( #373, #6004, #1668, #3648 ) ) ;
#6191 = CARTESIAN_POINT ( 'NONE',  ( 47.29949493661165150, 2.599999999999997868, -6.750000000000007105 ) ) ;
#6192 = EDGE_CURVE ( 'NONE', #5612, #3025, #107, .T. ) ;
#6193 = ORIENTED_EDGE ( 'NONE', *, *, #6403, .F. ) ;
#6194 = AXIS2_PLACEMENT_3D ( 'NONE', #5929, #6395, #735 ) ;
#6195 = CARTESIAN_POINT ( 'NONE',  ( 71.99999999995104361, 0.9790225092205675494, -4.499999999999287681 ) ) ;
#6196 = CARTESIAN_POINT ( 'NONE',  ( 48.69776630808387097, 7.552360419472786468, 40.70039864631296211 ) ) ;
#6197 = AXIS2_PLACEMENT_3D ( 'NONE', #1791, #4404, #5934 ) ;
#6198 = VERTEX_POINT ( 'NONE', #3222 ) ;
#6199 = EDGE_CURVE ( 'NONE', #4092, #1691, #5645, .T. ) ;
#6200 = DIRECTION ( 'NONE',  ( 0.7071067811865574537, 0.7071067811865376918, 0.000000000000000000 ) ) ;
#6201 = VERTEX_POINT ( 'NONE', #1649 ) ;
#6202 = PLANE ( 'NONE',  #215 ) ;
#6203 = ORIENTED_EDGE ( 'NONE', *, *, #3420, .F. ) ;
#6204 = VECTOR ( 'NONE', #6107, 1000.000000000000000 ) ;
#6205 = PLANE ( 'NONE',  #5540 ) ;
#6206 = CARTESIAN_POINT ( 'NONE',  ( 46.78524283148995266, 3.114252105121699365, 5.999999999999992006 ) ) ;
#6207 = CARTESIAN_POINT ( 'NONE',  ( 69.30940107670949146, -1.399999999999999911, -4.999999999999997335 ) ) ;
#6208 = EDGE_CURVE ( 'NONE', #968, #2245, #3722, .T. ) ;
#6209 = ORIENTED_EDGE ( 'NONE', *, *, #5936, .T. ) ;
#6210 = DIRECTION ( 'NONE',  ( 1.000000000000000000, 0.000000000000000000, 0.000000000000000000 ) ) ;
#6211 = VERTEX_POINT ( 'NONE', #5296 ) ;
#6212 = LINE ( 'NONE', #5770, #3442 ) ;
#6213 = DIRECTION ( 'NONE',  ( 0.7071067811865398012, 8.269447640539446932E-17, 0.7071067811865551223 ) ) ;
#6214 = EDGE_CURVE ( 'NONE', #1744, #2510, #3583, .T. ) ;
#6215 = DIRECTION ( 'NONE',  ( 9.244077131101839741E-14, 1.081073097509843417E-29, -1.000000000000000000 ) ) ;
#6216 = ORIENTED_EDGE ( 'NONE', *, *, #5891, .T. ) ;
#6217 = EDGE_CURVE ( 'NONE', #387, #4579, #2737, .T. ) ;
#6218 = ADVANCED_FACE ( 'NONE', ( #1144 ), #5760, .T. ) ;
#6219 = DIRECTION ( 'NONE',  ( -0.000000000000000000, -0.000000000000000000, 1.000000000000000000 ) ) ;
#6220 = ORIENTED_EDGE ( 'NONE', *, *, #5548, .T. ) ;
#6221 = LINE ( 'NONE', #6191, #3700 ) ;
#6222 = ORIENTED_EDGE ( 'NONE', *, *, #2088, .F. ) ;
#6223 = AXIS2_PLACEMENT_3D ( 'NONE', #3428, #6441, #3883 ) ;
#6224 = CARTESIAN_POINT ( 'NONE',  ( 70.19974746828131629, -3.000000000000000000, -4.999999999999991118 ) ) ;
#6225 = DIRECTION ( 'NONE',  ( 1.169476500658520487E-16, -1.000000000000000000, 0.000000000000000000 ) ) ;
#6226 = LINE ( 'NONE', #5725, #5416 ) ;
#6227 = DIRECTION ( 'NONE',  ( -1.597534609028523914E-16, -1.000000000000000000, 2.767011109687100361E-16 ) ) ;
#6228 = ORIENTED_EDGE ( 'NONE', *, *, #5877, .T. ) ;
#6229 = CARTESIAN_POINT ( 'NONE',  ( 73.97999999995100495, 0.9999999999999997780, -0.3299999999992652699 ) ) ;
#6230 = DIRECTION ( 'NONE',  ( 1.000000000000000000, 1.169476500658520487E-16, -1.152640183373293597E-17 ) ) ;
#6231 = ORIENTED_EDGE ( 'NONE', *, *, #1413, .F. ) ;
#6232 = VECTOR ( 'NONE', #1267, 1000.000000000000000 ) ;
#6233 = DIRECTION ( 'NONE',  ( 8.514376376553387275E-12, 0.7071067811865576758, 0.7071067811865374697 ) ) ;
#6234 = FACE_OUTER_BOUND ( 'NONE', #2489, .T. ) ;
#6235 = ADVANCED_FACE ( 'NONE', ( #1043 ), #6363, .F. ) ;
#6236 = VECTOR ( 'NONE', #4688, 1000.000000000000000 ) ;
#6237 = CARTESIAN_POINT ( 'NONE',  ( 42.49344774427011373, 5.347215943516234304, 1.959434878635765477E-16 ) ) ;
#6238 = CARTESIAN_POINT ( 'NONE',  ( 42.30940107675849049, -8.234863458395914491E-15, -4.000000000000010658 ) ) ;
#6239 = LINE ( 'NONE', #3767, #3105 ) ;
#6240 = ORIENTED_EDGE ( 'NONE', *, *, #5669, .F. ) ;
#6241 = DIRECTION ( 'NONE',  ( -0.000000000000000000, -0.000000000000000000, 1.000000000000000000 ) ) ;
#6242 = ORIENTED_EDGE ( 'NONE', *, *, #4839, .T. ) ;
#6243 = VECTOR ( 'NONE', #4810, 1000.000000000000000 ) ;
#6244 = EDGE_CURVE ( 'NONE', #3158, #4824, #4816, .T. ) ;
#6245 = VERTEX_POINT ( 'NONE', #2195 ) ;
#6246 = CARTESIAN_POINT ( 'NONE',  ( 37.69059892324148819, 3.042777124972457945E-15, -4.000000000000010658 ) ) ;
#6247 = CARTESIAN_POINT ( 'NONE',  ( 75.00000000000001421, 1.000000000000000000, 0.2500000000000004441 ) ) ;
#6248 = AXIS2_PLACEMENT_3D ( 'NONE', #6509, #1871, #1425 ) ;
#6249 = EDGE_CURVE ( 'NONE', #3005, #3787, #3799, .T. ) ;
#6250 = AXIS2_PLACEMENT_3D ( 'NONE', #4746, #4164, #5293 ) ;
#6251 = FACE_OUTER_BOUND ( 'NONE', #5420, .T. ) ;
#6252 = VECTOR ( 'NONE', #5196, 1000.000000000000227 ) ;
#6253 = ORIENTED_EDGE ( 'NONE', *, *, #6559, .T. ) ;
#6254 = VECTOR ( 'NONE', #106, 1000.000000000000114 ) ;
#6255 = DIRECTION ( 'NONE',  ( -0.000000000000000000, 1.000000000000000000, -0.000000000000000000 ) ) ;
#6256 = ORIENTED_EDGE ( 'NONE', *, *, #1683, .T. ) ;
#6257 = DIRECTION ( 'NONE',  ( -1.000000000000000000, -0.000000000000000000, -0.000000000000000000 ) ) ;
#6258 = DIRECTION ( 'NONE',  ( -1.000000000000000000, 7.607762192503441988E-17, 2.305280366746587194E-17 ) ) ;
#6259 = CIRCLE ( 'NONE', #1820, 2.000000000000002665 ) ;
#6260 = VERTEX_POINT ( 'NONE', #4711 ) ;
#6261 = CONICAL_SURFACE ( 'NONE', #3890, 0.5249999999999976907, 0.8726646259970902708 ) ;
#6262 = VERTEX_POINT ( 'NONE', #2608 ) ;
#6263 = FACE_OUTER_BOUND ( 'NONE', #6679, .T. ) ;
#6264 = FILL_AREA_STYLE_COLOUR ( '', #3658 ) ;
#6265 = CARTESIAN_POINT ( 'NONE',  ( 69.30940107670949146, -1.399999999999999911, 5.000000000000000888 ) ) ;
#6266 = ORIENTED_EDGE ( 'NONE', *, *, #1511, .T. ) ;
#6267 = CARTESIAN_POINT ( 'NONE',  ( 73.51256313289904654, 0.9999999999999997780, -2.462310601253888009 ) ) ;
#6268 = EDGE_LOOP ( 'NONE', ( #5757, #3775 ) ) ;
#6269 = DIRECTION ( 'NONE',  ( -1.000000000000000000, -1.169476500658520487E-16, 4.622038565550839722E-14 ) ) ;
#6270 = LINE ( 'NONE', #3625, #3154 ) ;
#6271 = DIRECTION ( 'NONE',  ( -0.03489949670249701402, 0.9993908270190957621, 0.000000000000000000 ) ) ;
#6272 = DIRECTION ( 'NONE',  ( -0.7071067811865403563, 0.000000000000000000, 0.7071067811865546782 ) ) ;
#6273 = ADVANCED_FACE ( 'NONE', ( #4677 ), #28, .F. ) ;
#6274 = LINE ( 'NONE', #5799, #1112 ) ;
#6275 = ORIENTED_EDGE ( 'NONE', *, *, #26, .T. ) ;
#6276 = VERTEX_POINT ( 'NONE', #832 ) ;
#6277 = DIRECTION ( 'NONE',  ( 1.000000000000000000, -7.607762192503441988E-17, 0.000000000000000000 ) ) ;
#6278 = DIRECTION ( 'NONE',  ( -0.7071067811865451302, -3.066586833366737824E-15, -0.7071067811865500152 ) ) ;
#6279 = EDGE_CURVE ( 'NONE', #2593, #4092, #4881, .T. ) ;
#6280 = LINE ( 'NONE', #1635, #3513 ) ;
#6281 = VECTOR ( 'NONE', #2274, 1000.000000000000000 ) ;
#6282 = FACE_OUTER_BOUND ( 'NONE', #4723, .T. ) ;
#6283 = ORIENTED_EDGE ( 'NONE', *, *, #5372, .F. ) ;
#6284 = CARTESIAN_POINT ( 'NONE',  ( -1.127052145164963104, -3.000000000000000444, -2.518886690449259724 ) ) ;
#6285 = VERTEX_POINT ( 'NONE', #4372 ) ;
#6286 = VECTOR ( 'NONE', #6064, 1000.000000000000000 ) ;
#6287 = ORIENTED_EDGE ( 'NONE', *, *, #3634, .T. ) ;
#6288 = CARTESIAN_POINT ( 'NONE',  ( 69.30940107670949146, -1.399999999999999911, -4.999999999999997335 ) ) ;
#6289 = SURFACE_STYLE_USAGE ( .BOTH. , #3686 ) ;
#6290 = EDGE_CURVE ( 'NONE', #1749, #3447, #2387, .T. ) ;
#6291 = ORIENTED_EDGE ( 'NONE', *, *, #2701, .T. ) ;
#6292 = DIRECTION ( 'NONE',  ( -0.000000000000000000, -1.000000000000000000, -0.000000000000000000 ) ) ;
#6293 = EDGE_LOOP ( 'NONE', ( #3146, #467, #849, #6101 ) ) ;
#6294 = DIRECTION ( 'NONE',  ( -0.7071067811865466846, 0.7071067811865483499, 0.000000000000000000 ) ) ;
#6295 = VERTEX_POINT ( 'NONE', #2267 ) ;
#6296 = AXIS2_PLACEMENT_3D ( 'NONE', #830, #4983, #5080 ) ;
#6297 = CARTESIAN_POINT ( 'NONE',  ( 52.99999999999998579, 2.599999999999997424, 6.749999999999998224 ) ) ;
#6298 = LINE ( 'NONE', #6332, #6140 ) ;
#6299 = EDGE_CURVE ( 'NONE', #142, #1822, #4354, .T. ) ;
#6300 = CARTESIAN_POINT ( 'NONE',  ( -4.065758146820641628E-17, -3.000000000000000000, -3.469446951953614189E-15 ) ) ;
#6301 = CARTESIAN_POINT ( 'NONE',  ( 39.99999999999999289, 0.000000000000000000, 2.099999999999999645 ) ) ;
#6302 = VECTOR ( 'NONE', #5212, 1000.000000000000000 ) ;
#6303 = EDGE_CURVE ( 'NONE', #4044, #5168, #182, .T. ) ;
#6304 = LINE ( 'NONE', #1656, #3159 ) ;
#6305 = ORIENTED_EDGE ( 'NONE', *, *, #3687, .F. ) ;
#6306 = CARTESIAN_POINT ( 'NONE',  ( 29.02943725152286802, 1.000000000000000000, -4.535533905932701337 ) ) ;
#6307 = ORIENTED_EDGE ( 'NONE', *, *, #1274, .F. ) ;
#6308 = EDGE_CURVE ( 'NONE', #5964, #2423, #5490, .T. ) ;
#6309 = PLANE ( 'NONE',  #6366 ) ;
#6310 = DIRECTION ( 'NONE',  ( 0.7071067811865472397, -0.7071067811865479058, 1.533293416683372166E-16 ) ) ;
#6311 = ADVANCED_FACE ( 'NONE', ( #3380 ), #4951, .T. ) ;
#6312 = FACE_OUTER_BOUND ( 'NONE', #5802, .T. ) ;
#6313 = LINE ( 'NONE', #1662, #3781 ) ;
#6314 = LINE ( 'NONE', #5953, #4315 ) ;
#6315 = EDGE_CURVE ( 'NONE', #5792, #178, #5994, .T. ) ;
#6316 = ORIENTED_EDGE ( 'NONE', *, *, #3716, .T. ) ;
#6317 = ADVANCED_FACE ( 'NONE', ( #4468, #4918 ), #4440, .T. ) ;
#6318 = ORIENTED_EDGE ( 'NONE', *, *, #1283, .T. ) ;
#6319 = DIRECTION ( 'NONE',  ( 0.000000000000000000, 0.000000000000000000, 1.000000000000000000 ) ) ;
#6320 = DIRECTION ( 'NONE',  ( -0.000000000000000000, -1.000000000000000000, -0.000000000000000000 ) ) ;
#6321 = CARTESIAN_POINT ( 'NONE',  ( 71.99999999995094413, 0.9999999999999995559, 4.000000000000711431 ) ) ;
#6322 = ORIENTED_EDGE ( 'NONE', *, *, #6577, .T. ) ;
#6323 = EDGE_CURVE ( 'NONE', #5158, #6198, #4221, .T. ) ;
#6324 = DIRECTION ( 'NONE',  ( 1.000000000000000000, 1.239088197126289584E-16, 0.000000000000000000 ) ) ;
#6325 = DIRECTION ( 'NONE',  ( 0.000000000000000000, 0.000000000000000000, 1.000000000000000000 ) ) ;
#6326 = ORIENTED_EDGE ( 'NONE', *, *, #4533, .T. ) ;
#6327 = CARTESIAN_POINT ( 'NONE',  ( 19.99999999999999645, 1.000000000000000000, 4.000000000000000000 ) ) ;
#6328 = VERTEX_POINT ( 'NONE', #1885 ) ;
#6329 = CARTESIAN_POINT ( 'NONE',  ( 31.85786437626904188, 2.464466094067266244, 0.000000000000000000 ) ) ;
#6330 = VECTOR ( 'NONE', #4731, 1000.000000000000000 ) ;
#6331 = DIRECTION ( 'NONE',  ( -0.5000000000025838220, 0.7071067811865721087, 0.4999999999973816500 ) ) ;
#6332 = CARTESIAN_POINT ( 'NONE',  ( 69.13908729650148643, -1.399999999999999911, 5.689339828220187911 ) ) ;
#6333 = DIRECTION ( 'NONE',  ( -1.169476500658520487E-16, 1.000000000000000000, -0.000000000000000000 ) ) ;
#6334 = VECTOR ( 'NONE', #339, 1000.000000000000000 ) ;
#6335 = DIRECTION ( 'NONE',  ( -0.8164965809277280329, -0.000000000000000000, -0.5773502691896229555 ) ) ;
#6336 = ORIENTED_EDGE ( 'NONE', *, *, #3582, .F. ) ;
#6337 = CARTESIAN_POINT ( 'NONE',  ( 39.99999999999999289, 0.000000000000000000, -7.000000000000007105 ) ) ;
#6338 = VERTEX_POINT ( 'NONE', #4848 ) ;
#6339 = ORIENTED_EDGE ( 'NONE', *, *, #6188, .F. ) ;
#6340 = TOROIDAL_SURFACE ( 'NONE', #6455, 7.500000000000002665, 1.600000000000000311 ) ;
#6341 = CARTESIAN_POINT ( 'NONE',  ( -7.000000000000001776, 1.000000000000000000, -7.000000000000010658 ) ) ;
#6342 = DIRECTION ( 'NONE',  ( 0.000000000000000000, -1.000000000000000000, 0.000000000000000000 ) ) ;
#6343 = AXIS2_PLACEMENT_3D ( 'NONE', #3585, #5184, #1544 ) ;
#6344 = CARTESIAN_POINT ( 'NONE',  ( 28.32233047033630413, 0.9999999999999974465, 0.000000000000000000 ) ) ;
#6345 = CARTESIAN_POINT ( 'NONE',  ( 73.68933982819568485, -2.750000000000001332, 2.639087296550522765 ) ) ;
#6346 = DIRECTION ( 'NONE',  ( -0.9993908270190958731, -0.03489949670249697933, 0.000000000000000000 ) ) ;
#6347 = VECTOR ( 'NONE', #948, 1000.000000000000000 ) ;
#6348 = VECTOR ( 'NONE', #2606, 999.9999999999998863 ) ;
#6349 = CARTESIAN_POINT ( 'NONE',  ( 23.49999999999999645, 0.000000000000000000, 1.248999599679684769 ) ) ;
#6350 = VERTEX_POINT ( 'NONE', #5895 ) ;
#6351 = EDGE_CURVE ( 'NONE', #4067, #1157, #5857, .T. ) ;
#6352 = CONICAL_SURFACE ( 'NONE', #1376, 6.999999999999999112, 0.7853981633974543852 ) ;
#6353 = CARTESIAN_POINT ( 'NONE',  ( 46.52118428970989328, 3.491135311917414441, -0.2554347147849521660 ) ) ;
#6354 = ORIENTED_EDGE ( 'NONE', *, *, #4898, .T. ) ;
#6355 = EDGE_LOOP ( 'NONE', ( #1353, #5406, #5907, #4562, #446, #3961, #1626, #3790, #5939, #5307, #5570, #5646, #562, #2812, #5297, #5188, #5315, #3462, #6698, #2784, #966, #3337 ) ) ;
#6356 = CARTESIAN_POINT ( 'NONE',  ( 47.29949493661165150, 2.599999999999997868, 6.749999999999998224 ) ) ;
#6357 = VECTOR ( 'NONE', #1402, 1000.000000000000227 ) ;
#6358 = DIRECTION ( 'NONE',  ( 0.7071067811865574537, 0.7071067811865376918, 1.533293416683309057E-16 ) ) ;
#6359 = ORIENTED_EDGE ( 'NONE', *, *, #2191, .T. ) ;
#6360 = CARTESIAN_POINT ( 'NONE',  ( 45.83502884254438925, 4.064466094067268109, 0.8582230616678262480 ) ) ;
#6361 = VERTEX_POINT ( 'NONE', #1245 ) ;
#6362 = ADVANCED_FACE ( 'NONE', ( #6464 ), #3312, .F. ) ;
#6363 = PLANE ( 'NONE',  #4565 ) ;
#6364 = CIRCLE ( 'NONE', #3130, 0.5000000000000004441 ) ;
#6365 = LINE ( 'NONE', #30, #949 ) ;
#6366 = AXIS2_PLACEMENT_3D ( 'NONE', #4320, #5841, #5339 ) ;
#6367 = ADVANCED_FACE ( 'NONE', ( #2803 ), #216, .F. ) ;
#6368 = DIRECTION ( 'NONE',  ( -0.000000000000000000, 1.000000000000000000, -0.000000000000000000 ) ) ;
#6369 = FACE_OUTER_BOUND ( 'NONE', #732, .T. ) ;
#6370 = FACE_OUTER_BOUND ( 'NONE', #5380, .T. ) ;
#6371 = AXIS2_PLACEMENT_3D ( 'NONE', #2301, #3381, #4373 ) ;
#6372 = DIRECTION ( 'NONE',  ( -0.4999999999999997780, 0.000000000000000000, -0.8660254037844387076 ) ) ;
#6373 = ORIENTED_EDGE ( 'NONE', *, *, #3251, .T. ) ;
#6374 = DIRECTION ( 'NONE',  ( 3.755786496842889690E-16, 0.000000000000000000, -1.000000000000000000 ) ) ;
#6375 = VERTEX_POINT ( 'NONE', #5965 ) ;
#6376 = VERTEX_POINT ( 'NONE', #1788 ) ;
#6377 = AXIS2_PLACEMENT_3D ( 'NONE', #6640, #2000, #5637 ) ;
#6378 = VERTEX_POINT ( 'NONE', #3871 ) ;
#6379 = FACE_BOUND ( 'NONE', #3199, .T. ) ;
#6380 = CARTESIAN_POINT ( 'NONE',  ( 32.19369568079715549, 2.128634789539153971, -1.527885686102823160 ) ) ;
#6381 = ORIENTED_EDGE ( 'NONE', *, *, #3034, .T. ) ;
#6382 = EDGE_CURVE ( 'NONE', #4957, #4517, #220, .T. ) ;
#6383 = DIRECTION ( 'NONE',  ( -0.4999999999999997780, 0.000000000000000000, 0.8660254037844387076 ) ) ;
#6384 = CARTESIAN_POINT ( 'NONE',  ( 75.25000000000001421, 0.7499999999999997780, -7.000000000000007994 ) ) ;
#6385 = LINE ( 'NONE', #44, #5590 ) ;
#6386 = ORIENTED_EDGE ( 'NONE', *, *, #4219, .T. ) ;
#6387 = CARTESIAN_POINT ( 'NONE',  ( 3.845299461620749426, -3.000000000000000000, -2.000000000000000000 ) ) ;
#6388 = AXIS2_PLACEMENT_3D ( 'NONE', #5229, #5604, #947 ) ;
#6389 = ORIENTED_EDGE ( 'NONE', *, *, #6032, .F. ) ;
#6390 = CARTESIAN_POINT ( 'NONE',  ( 65.26794919238211889, -3.000000000000000000, 5.999999999999981348 ) ) ;
#6391 = EDGE_CURVE ( 'NONE', #6378, #6483, #5425, .T. ) ;
#6392 = DIRECTION ( 'NONE',  ( -1.000000000000000000, 0.000000000000000000, 0.000000000000000000 ) ) ;
#6393 = VERTEX_POINT ( 'NONE', #1986 ) ;
#6394 = ADVANCED_FACE ( 'NONE', ( #352 ), #2020, .F. ) ;
#6395 = DIRECTION ( 'NONE',  ( -3.749420856111100367E-17, -0.7071067811865477948, 0.7071067811865472397 ) ) ;
#6396 = EDGE_LOOP ( 'NONE', ( #156, #5641 ) ) ;
#6397 = DIRECTION ( 'NONE',  ( 1.169476500658520487E-16, -1.000000000000000000, 0.000000000000000000 ) ) ;
#6398 = AXIS2_PLACEMENT_3D ( 'NONE', #1451, #6130, #5598 ) ;
#6399 = CARTESIAN_POINT ( 'NONE',  ( 29.02943725152286447, 1.000000000000000000, 1.428852115767906161 ) ) ;
#6400 = CARTESIAN_POINT ( 'NONE',  ( 39.99999999999999289, 0.000000000000000000, 6.999999999999998224 ) ) ;
#6401 = VECTOR ( 'NONE', #173, 1000.000000000000000 ) ;
#6402 = DIRECTION ( 'NONE',  ( 0.7071067811865462405, -0.7071067811865489050, -8.150396899313600562E-18 ) ) ;
#6403 = EDGE_CURVE ( 'NONE', #711, #5434, #4571, .T. ) ;
#6404 = CARTESIAN_POINT ( 'NONE',  ( 72.00000000000046896, -2.749999999999992895, 5.249999999978326670 ) ) ;
#6405 = CARTESIAN_POINT ( 'NONE',  ( 71.24999999995101518, 0.9790225092205673274, -0.9499999999992966293 ) ) ;
#6406 = CARTESIAN_POINT ( 'NONE',  ( 73.97999999995100495, 1.000000000000000666, -0.3299999999992652699 ) ) ;
#6407 = EDGE_LOOP ( 'NONE', ( #1125, #5066, #2090, #2086 ) ) ;
#6408 = DIRECTION ( 'NONE',  ( -0.000000000000000000, -1.000000000000000000, -0.000000000000000000 ) ) ;
#6409 = ORIENTED_EDGE ( 'NONE', *, *, #6155, .F. ) ;
#6410 = VECTOR ( 'NONE', #3661, 1000.000000000000114 ) ;
#6411 = ORIENTED_EDGE ( 'NONE', *, *, #5051, .T. ) ;
#6412 = DIRECTION ( 'NONE',  ( -1.169476500658520487E-16, 1.000000000000000000, -0.000000000000000000 ) ) ;
#6413 = ORIENTED_EDGE ( 'NONE', *, *, #2599, .T. ) ;
#6414 = DIRECTION ( 'NONE',  ( -0.000000000000000000, 1.000000000000000000, -0.000000000000000000 ) ) ;
#6415 = EDGE_CURVE ( 'NONE', #4366, #909, #423, .T. ) ;
#6416 = DIRECTION ( 'NONE',  ( 0.000000000000000000, -0.000000000000000000, -1.000000000000000000 ) ) ;
#6417 = AXIS2_PLACEMENT_3D ( 'NONE', #4191, #6255, #6446 ) ;
#6418 = DIRECTION ( 'NONE',  ( 1.000000000000000000, 1.873501354054951662E-16, 0.000000000000000000 ) ) ;
#6419 = AXIS2_PLACEMENT_3D ( 'NONE', #3257, #1083, #1186 ) ;
#6420 = DIRECTION ( 'NONE',  ( -1.000000000000000000, 1.877893248421447556E-16, 0.000000000000000000 ) ) ;
#6421 = EDGE_CURVE ( 'NONE', #4429, #4081, #6118, .T. ) ;
#6422 = ORIENTED_EDGE ( 'NONE', *, *, #3372, .F. ) ;
#6423 = CARTESIAN_POINT ( 'NONE',  ( 74.66421356238281248, -2.749999999999992895, -1.664213562358324072 ) ) ;
#6424 = CARTESIAN_POINT ( 'NONE',  ( 22.49999999999999645, 0.000000000000000000, 1.999999999999999112 ) ) ;
#6425 = CYLINDRICAL_SURFACE ( 'NONE', #1813, 2.000000000000001776 ) ;
#6426 = ORIENTED_EDGE ( 'NONE', *, *, #4489, .F. ) ;
#6427 = DIRECTION ( 'NONE',  ( -0.000000000000000000, -1.000000000000000000, -0.000000000000000000 ) ) ;
#6428 = ORIENTED_EDGE ( 'NONE', *, *, #444, .T. ) ;
#6429 = DIRECTION ( 'NONE',  ( 0.7071067811865398012, 0.000000000000000000, 0.7071067811865551223 ) ) ;
#6430 = AXIS2_PLACEMENT_3D ( 'NONE', #6337, #5867, #4721 ) ;
#6431 = DIRECTION ( 'NONE',  ( -1.000000000000000000, 0.000000000000000000, 1.203873754668172080E-11 ) ) ;
#6432 = DIRECTION ( 'NONE',  ( 1.000000000000000000, 0.000000000000000000, 0.000000000000000000 ) ) ;
#6433 = DIRECTION ( 'NONE',  ( 0.000000000000000000, 0.000000000000000000, 1.000000000000000000 ) ) ;
#6434 = CARTESIAN_POINT ( 'NONE',  ( 71.99999999997550049, 0.9999999999999995559, -4.000000000000000000 ) ) ;
#6435 = DIRECTION ( 'NONE',  ( 2.305280366746587194E-17, -0.000000000000000000, 1.000000000000000000 ) ) ;
#6436 = VERTEX_POINT ( 'NONE', #3579 ) ;
#6437 = CARTESIAN_POINT ( 'NONE',  ( 69.13908729650148643, -2.749999999999996003, 5.689339828220187911 ) ) ;
#6438 = VERTEX_POINT ( 'NONE', #6159 ) ;
#6439 = VECTOR ( 'NONE', #569, 1000.000000000000000 ) ;
#6440 = ORIENTED_EDGE ( 'NONE', *, *, #2862, .F. ) ;
#6441 = DIRECTION ( 'NONE',  ( 0.7071067811865490160, -0.7071067811865460184, 0.000000000000000000 ) ) ;
#6442 = EDGE_CURVE ( 'NONE', #1850, #6133, #4902, .T. ) ;
#6443 = CARTESIAN_POINT ( 'NONE',  ( 66.99999999997550049, 0.7499999999999988898, 4.999999999999999112 ) ) ;
#6444 = AXIS2_PLACEMENT_3D ( 'NONE', #3148, #17, #1610 ) ;
#6445 = CARTESIAN_POINT ( 'NONE',  ( 45.83502884254438925, 4.064466094067268109, -0.8582230616678296897 ) ) ;
#6446 = DIRECTION ( 'NONE',  ( 0.000000000000000000, 0.000000000000000000, 1.000000000000000000 ) ) ;
#6447 = DIRECTION ( 'NONE',  ( 0.000000000000000000, 0.000000000000000000, 1.000000000000000000 ) ) ;
#6448 = ADVANCED_FACE ( 'NONE', ( #930, #5114, #1474, #2492, #1515, #2523, #5529, #3549, #4605, #5649 ), #5622, .F. ) ;
#6449 = CIRCLE ( 'NONE', #4397, 1.100000000000001199 ) ;
#6450 = CARTESIAN_POINT ( 'NONE',  ( 6.154700538379253238, -1.399999999999999911, 2.000000000000000888 ) ) ;
#6451 = EDGE_CURVE ( 'NONE', #1691, #4092, #1966, .T. ) ;
#6452 = LINE ( 'NONE', #169, #3449 ) ;
#6453 = VECTOR ( 'NONE', #3182, 1000.000000000000000 ) ;
#6454 = CARTESIAN_POINT ( 'NONE',  ( 31.61475716851004591, 1.514252105121703273, -5.999999999999999112 ) ) ;
#6455 = AXIS2_PLACEMENT_3D ( 'NONE', #5938, #5972, #1253 ) ;
#6456 = ORIENTED_EDGE ( 'NONE', *, *, #4880, .T. ) ;
#6457 = CARTESIAN_POINT ( 'NONE',  ( 41.15470053837924524, -2.000000000000001776, -7.000000000000010658 ) ) ;
#6458 = AXIS2_PLACEMENT_3D ( 'NONE', #3169, #3737, #5771 ) ;
#6459 = DIRECTION ( 'NONE',  ( 0.000000000000000000, 0.000000000000000000, 1.000000000000000000 ) ) ;
#6460 = CARTESIAN_POINT ( 'NONE',  ( 73.51256313289904654, -3.000000000000000000, -2.462310601253873799 ) ) ;
#6461 = VECTOR ( 'NONE', #3488, 1000.000000000000114 ) ;
#6462 = DIRECTION ( 'NONE',  ( -1.000000000000000000, 0.000000000000000000, 0.000000000000000000 ) ) ;
#6463 = ORIENTED_EDGE ( 'NONE', *, *, #5926, .T. ) ;
#6464 = FACE_OUTER_BOUND ( 'NONE', #6161, .T. ) ;
#6465 = DIRECTION ( 'NONE',  ( -0.7071067811865463515, 0.7071067811865487940, 0.000000000000000000 ) ) ;
#6466 = VECTOR ( 'NONE', #4776, 1000.000000000000114 ) ;
#6467 = CARTESIAN_POINT ( 'NONE',  ( 73.51256313289904654, 0.9999999999999997780, -2.462310601253888009 ) ) ;
#6468 = CARTESIAN_POINT ( 'NONE',  ( 71.99999999995104361, 0.9790225092205675494, -3.999999999999287237 ) ) ;
#6469 = PLANE ( 'NONE',  #6481 ) ;
#6470 = DIRECTION ( 'NONE',  ( -0.03489949670249700708, 0.9993908270190959842, 0.000000000000000000 ) ) ;
#6471 = ORIENTED_EDGE ( 'NONE', *, *, #2712, .F. ) ;
#6472 = AXIS2_PLACEMENT_3D ( 'NONE', #2962, #372, #6108 ) ;
#6473 = DIRECTION ( 'NONE',  ( -1.169476500658520487E-16, 1.000000000000000000, -0.000000000000000000 ) ) ;
#6474 = ORIENTED_EDGE ( 'NONE', *, *, #1040, .T. ) ;
#6475 = ORIENTED_EDGE ( 'NONE', *, *, #3624, .F. ) ;
#6476 = PLANE ( 'NONE',  #83 ) ;
#6477 = AXIS2_PLACEMENT_3D ( 'NONE', #235, #1301, #3363 ) ;
#6478 = FACE_OUTER_BOUND ( 'NONE', #5650, .T. ) ;
#6479 = CARTESIAN_POINT ( 'NONE',  ( 32.19369568079715549, 2.128634789539154415, 1.527885686102823160 ) ) ;
#6480 = DIRECTION ( 'NONE',  ( 0.4226182617406977204, 0.9063077870366508249, 0.000000000000000000 ) ) ;
#6481 = AXIS2_PLACEMENT_3D ( 'NONE', #4991, #1890, #3352 ) ;
#6482 = LINE ( 'NONE', #1335, #3892 ) ;
#6483 = VERTEX_POINT ( 'NONE', #1924 ) ;
#6484 = EDGE_CURVE ( 'NONE', #1923, #387, #6658, .T. ) ;
#6485 = ORIENTED_EDGE ( 'NONE', *, *, #2140, .T. ) ;
#6486 = CARTESIAN_POINT ( 'NONE',  ( 45.83502884254438925, 4.064466094067268109, -0.8582230616678296897 ) ) ;
#6487 = EDGE_LOOP ( 'NONE', ( #4712, #4906, #3262, #5736, #1055 ) ) ;
#6488 = ORIENTED_EDGE ( 'NONE', *, *, #1005, .F. ) ;
#6489 = DIRECTION ( 'NONE',  ( 0.7071067811828690708, 8.269447640496519340E-17, 0.7071067811902260747 ) ) ;
#6490 = CARTESIAN_POINT ( 'NONE',  ( 39.99999999999999289, 0.000000000000000000, 6.999999999999998224 ) ) ;
#6491 = ORIENTED_EDGE ( 'NONE', *, *, #3814, .F. ) ;
#6492 = EDGE_CURVE ( 'NONE', #3564, #810, #4529, .T. ) ;
#6493 = CARTESIAN_POINT ( 'NONE',  ( 71.24999999995101518, 0.9999999999999993339, -0.9499999999992966293 ) ) ;
#6494 = EDGE_CURVE ( 'NONE', #5192, #2857, #4636, .T. ) ;
#6495 = LINE ( 'NONE', #1888, #1565 ) ;
#6496 = CARTESIAN_POINT ( 'NONE',  ( -1.017107996861202235, -3.000000000000000444, 3.321521902042479990 ) ) ;
#6497 = CIRCLE ( 'NONE', #2173, 0.5000000000000004441 ) ;
#6498 = CARTESIAN_POINT ( 'NONE',  ( 74.48743686707645395, -3.000000000000000000, 1.487436867076456615 ) ) ;
#6499 = DIRECTION ( 'NONE',  ( -0.9993908270190958731, -0.03489949670249695851, 0.000000000000000000 ) ) ;
#6500 = VERTEX_POINT ( 'NONE', #3481 ) ;
#6501 = CARTESIAN_POINT ( 'NONE',  ( 19.99999999999999645, -3.000000000000000888, -5.099999999999999645 ) ) ;
#6502 = LINE ( 'NONE', #2873, #767 ) ;
#6503 = ORIENTED_EDGE ( 'NONE', *, *, #3745, .T. ) ;
#6504 = ORIENTED_EDGE ( 'NONE', *, *, #6442, .T. ) ;
#6505 = CARTESIAN_POINT ( 'NONE',  ( 0.000000000000000000, -1.399999999999999911, 0.000000000000000000 ) ) ;
#6506 = VECTOR ( 'NONE', #5214, 1000.000000000000000 ) ;
#6507 = CARTESIAN_POINT ( 'NONE',  ( 62.49999999995100097, 0.9999999999999993339, 6.749999999999997335 ) ) ;
#6508 = DIRECTION ( 'NONE',  ( 0.000000000000000000, 0.000000000000000000, 1.000000000000000000 ) ) ;
#6509 = CARTESIAN_POINT ( 'NONE',  ( 19.99999999999999645, -3.000000000000000888, -4.000000000000000000 ) ) ;
#6510 = AXIS2_PLACEMENT_3D ( 'NONE', #3593, #3567, #6673 ) ;
#6511 = DIRECTION ( 'NONE',  ( -1.000000000000000000, 0.000000000000000000, 0.000000000000000000 ) ) ;
#6512 = EDGE_CURVE ( 'NONE', #6690, #3732, #3962, .T. ) ;
#6513 = DIRECTION ( 'NONE',  ( 0.000000000000000000, 0.000000000000000000, 1.000000000000000000 ) ) ;
#6514 = CARTESIAN_POINT ( 'NONE',  ( 65.84529946157176994, -1.999999999999992228, 7.000000000000013323 ) ) ;
#6515 = AXIS2_PLACEMENT_3D ( 'NONE', #5389, #5854, #2856 ) ;
#6516 = ADVANCED_FACE ( 'NONE', ( #4027 ), #2975, .F. ) ;
#6517 = VERTEX_POINT ( 'NONE', #6090 ) ;
#6518 = VECTOR ( 'NONE', #5640, 1000.000000000000000 ) ;
#6519 = EDGE_LOOP ( 'NONE', ( #4478, #5984, #3075, #3294 ) ) ;
#6520 = ORIENTED_EDGE ( 'NONE', *, *, #1013, .F. ) ;
#6521 = ADVANCED_FACE ( 'NONE', ( #3511 ), #5588, .F. ) ;
#6522 = AXIS2_PLACEMENT_3D ( 'NONE', #543, #2579, #1533 ) ;
#6523 = CARTESIAN_POINT ( 'NONE',  ( 16.49999999999999645, 0.9999999999999950040, 0.000000000000000000 ) ) ;
#6524 = CARTESIAN_POINT ( 'NONE',  ( 3.845299461620749426, -3.000000000000000000, -2.000000000000000000 ) ) ;
#6525 = CARTESIAN_POINT ( 'NONE',  ( 68.60039830989900622, -1.399999999999999911, -6.228028814822690329 ) ) ;
#6526 = ORIENTED_EDGE ( 'NONE', *, *, #2967, .T. ) ;
#6527 = DIRECTION ( 'NONE',  ( -0.000000000000000000, 1.000000000000000000, -0.000000000000000000 ) ) ;
#6528 = EDGE_CURVE ( 'NONE', #2522, #1691, #2632, .T. ) ;
#6529 = PLANE ( 'NONE',  #1438 ) ;
#6530 = LINE ( 'NONE', #4503, #6461 ) ;
#6531 = FACE_OUTER_BOUND ( 'NONE', #5836, .T. ) ;
#6532 = DIRECTION ( 'NONE',  ( 1.873501354054951662E-16, -1.000000000000000000, 0.000000000000000000 ) ) ;
#6533 = ORIENTED_EDGE ( 'NONE', *, *, #4017, .F. ) ;
#6534 = CARTESIAN_POINT ( 'NONE',  ( 0.000000000000000000, 1.000000000000000000, 6.999999999999999112 ) ) ;
#6535 = CARTESIAN_POINT ( 'NONE',  ( 73.24999999997550049, -3.000000000000000444, -3.699747468330339739 ) ) ;
#6536 = ORIENTED_EDGE ( 'NONE', *, *, #1045, .T. ) ;
#6537 = VERTEX_POINT ( 'NONE', #1570 ) ;
#6538 = EDGE_LOOP ( 'NONE', ( #15, #2169, #2827, #314 ) ) ;
#6539 = DIRECTION ( 'NONE',  ( 0.000000000000000000, 0.000000000000000000, 1.000000000000000000 ) ) ;
#6540 = DIRECTION ( 'NONE',  ( -0.7071067811865474617, 0.7071067811865474617, 0.000000000000000000 ) ) ;
#6541 = VERTEX_POINT ( 'NONE', #80 ) ;
#6542 = DIRECTION ( 'NONE',  ( 0.7071067811865490160, -0.7071067811865460184, 0.000000000000000000 ) ) ;
#6543 = CARTESIAN_POINT ( 'NONE',  ( 23.50000000000000000, 1.984630693577798113E-15, -1.248999599679684769 ) ) ;
#6544 = DIRECTION ( 'NONE',  ( 0.000000000000000000, -0.7071067811865469066, -0.7071067811865482389 ) ) ;
#6545 = AXIS2_PLACEMENT_3D ( 'NONE', #3205, #1661, #5277 ) ;
#6546 = ORIENTED_EDGE ( 'NONE', *, *, #6599, .F. ) ;
#6547 = CARTESIAN_POINT ( 'NONE',  ( 43.68883242143733980, 5.963113953673358836, 1.509300553191213146 ) ) ;
#6548 = VECTOR ( 'NONE', #2162, 1000.000000000000000 ) ;
#6549 = VERTEX_POINT ( 'NONE', #4194 ) ;
#6550 = ORIENTED_EDGE ( 'NONE', *, *, #4455, .T. ) ;
#6551 = AXIS2_PLACEMENT_3D ( 'NONE', #4853, #1727, #4444 ) ;
#6552 = FACE_OUTER_BOUND ( 'NONE', #4459, .T. ) ;
#6553 = LINE ( 'NONE', #764, #2142 ) ;
#6554 = EDGE_CURVE ( 'NONE', #4579, #6158, #2185, .T. ) ;
#6555 = CARTESIAN_POINT ( 'NONE',  ( 52.99999999999999289, 0.9999999999999974465, -6.750000000000007105 ) ) ;
#6556 = ORIENTED_EDGE ( 'NONE', *, *, #6620, .T. ) ;
#6557 = AXIS2_PLACEMENT_3D ( 'NONE', #3574, #1948, #210 ) ;
#6558 = DIRECTION ( 'NONE',  ( 0.000000000000000000, 0.000000000000000000, 1.000000000000000000 ) ) ;
#6559 = EDGE_CURVE ( 'NONE', #3408, #1442, #2075, .T. ) ;
#6560 = CARTESIAN_POINT ( 'NONE',  ( 64.49999999995100097, -0.5000000000000006661, -7.000000000000010658 ) ) ;
#6561 = CARTESIAN_POINT ( 'NONE',  ( 75.25000000000001421, -2.749999999999992895, 0.2500000000000004996 ) ) ;
#6562 = DIRECTION ( 'NONE',  ( 0.000000000000000000, 1.000000000000000000, 0.000000000000000000 ) ) ;
#6563 = FACE_OUTER_BOUND ( 'NONE', #1218, .T. ) ;
#6564 = AXIS2_PLACEMENT_3D ( 'NONE', #2451, #6587, #1023 ) ;
#6565 = CIRCLE ( 'NONE', #1907, 1.249999999989156896 ) ;
#6566 = CARTESIAN_POINT ( 'NONE',  ( -3.284117964482596630, -3.000000000000000000, 0.9076711206860307302 ) ) ;
#6567 = DIRECTION ( 'NONE',  ( -0.1564344650402256787, -0.9876883405951385475, -0.000000000000000000 ) ) ;
#6568 = EDGE_CURVE ( 'NONE', #2218, #4300, #6221, .T. ) ;
#6569 = VECTOR ( 'NONE', #3168, 1000.000000000000000 ) ;
#6570 = DIRECTION ( 'NONE',  ( 1.000000000000000000, 1.873501354054951662E-16, 0.000000000000000000 ) ) ;
#6571 = ORIENTED_EDGE ( 'NONE', *, *, #2280, .F. ) ;
#6572 = CARTESIAN_POINT ( 'NONE',  ( -0.2548771401100218270, -3.000000000000000444, 2.781889104822120373 ) ) ;
#6573 = ORIENTED_EDGE ( 'NONE', *, *, #3173, .T. ) ;
#6574 = PLANE ( 'NONE',  #6661 ) ;
#6575 = VECTOR ( 'NONE', #4244, 1000.000000000000000 ) ;
#6576 = FACE_OUTER_BOUND ( 'NONE', #595, .T. ) ;
#6577 = EDGE_CURVE ( 'NONE', #571, #2129, #2120, .T. ) ;
#6578 = CARTESIAN_POINT ( 'NONE',  ( 64.49999999995100097, -0.5000000000000006661, -7.000000000000010658 ) ) ;
#6579 = CARTESIAN_POINT ( 'NONE',  ( 19.99999999999999645, 1.000000000000000000, -4.000000000000000000 ) ) ;
#6580 = CYLINDRICAL_SURFACE ( 'NONE', #6248, 1.099999999999999423 ) ;
#6581 = VECTOR ( 'NONE', #1818, 1000.000000000000227 ) ;
#6582 = ORIENTED_EDGE ( 'NONE', *, *, #52, .T. ) ;
#6583 = CARTESIAN_POINT ( 'NONE',  ( 73.68933982819568485, -2.749999999999995115, -2.639087296550524986 ) ) ;
#6584 = CARTESIAN_POINT ( 'NONE',  ( 73.25000000000001421, -3.000000000000000000, -0.2500000000000002220 ) ) ;
#6585 = VECTOR ( 'NONE', #6005, 1000.000000000000000 ) ;
#6586 = DIRECTION ( 'NONE',  ( -0.000000000000000000, 1.000000000000000000, -0.000000000000000000 ) ) ;
#6587 = DIRECTION ( 'NONE',  ( -0.000000000000000000, 1.000000000000000000, -0.000000000000000000 ) ) ;
#6588 = EDGE_CURVE ( 'NONE', #4096, #3491, #11, .T. ) ;
#6589 = LINE ( 'NONE', #1949, #1396 ) ;
#6590 = VERTEX_POINT ( 'NONE', #3746 ) ;
#6591 = VECTOR ( 'NONE', #932, 1000.000000000000114 ) ;
#6592 = ORIENTED_EDGE ( 'NONE', *, *, #2549, .T. ) ;
#6593 = ORIENTED_EDGE ( 'NONE', *, *, #804, .T. ) ;
#6594 = CIRCLE ( 'NONE', #197, 5.999999999999984901 ) ;
#6595 = CARTESIAN_POINT ( 'NONE',  ( -1.641162890095595461, -3.000000000000000000, -3.040195064941334735 ) ) ;
#6596 = EDGE_LOOP ( 'NONE', ( #4401, #4893, #1522, #29 ) ) ;
#6597 = CARTESIAN_POINT ( 'NONE',  ( 42.95832783218488515, 6.344154509256552110, -1.519868415357070290 ) ) ;
#6598 = FACE_OUTER_BOUND ( 'NONE', #4821, .T. ) ;
#6599 = EDGE_CURVE ( 'NONE', #2066, #4809, #5814, .T. ) ;
#6600 = DIRECTION ( 'NONE',  ( 0.000000000000000000, 1.000000000000000000, 0.000000000000000000 ) ) ;
#6601 = EDGE_CURVE ( 'NONE', #5959, #1276, #1777, .T. ) ;
#6602 = CARTESIAN_POINT ( 'NONE',  ( -2.203982581482534009, -3.000000000000000444, 2.638928205625837187 ) ) ;
#6603 = DIRECTION ( 'NONE',  ( -0.000000000000000000, -1.000000000000000000, -0.000000000000000000 ) ) ;
#6604 = ORIENTED_EDGE ( 'NONE', *, *, #3504, .F. ) ;
#6605 = CARTESIAN_POINT ( 'NONE',  ( -2.694730353991009686, -3.000000000000000444, 0.1826858401190000480 ) ) ;
#6606 = EDGE_LOOP ( 'NONE', ( #3981, #398, #1876, #1879 ) ) ;
#6607 = DIRECTION ( 'NONE',  ( -1.000000000000000000, -2.168404344971006896E-16, 0.000000000000000000 ) ) ;
#6608 = ORIENTED_EDGE ( 'NONE', *, *, #6642, .T. ) ;
#6609 = DIRECTION ( 'NONE',  ( 1.000000000000000000, 1.169476500658520487E-16, -2.305280366746587194E-17 ) ) ;
#6610 = DIRECTION ( 'NONE',  ( -1.065700428927731213E-16, -0.000000000000000000, -1.000000000000000000 ) ) ;
#6611 = DIRECTION ( 'NONE',  ( 1.000000000000000000, 0.000000000000000000, 0.000000000000000000 ) ) ;
#6612 = DIRECTION ( 'NONE',  ( 0.000000000000000000, 0.000000000000000000, 1.000000000000000000 ) ) ;
#6613 = CARTESIAN_POINT ( 'NONE',  ( 39.99999999999999289, 0.000000000000000000, -5.999999999999992895 ) ) ;
#6614 = ADVANCED_FACE ( 'NONE', ( #5779 ), #1133, .F. ) ;
#6615 = PLANE ( 'NONE',  #184 ) ;
#6616 = CARTESIAN_POINT ( 'NONE',  ( 35.05025253169414867, 4.949747468305824682, -7.000000000000010658 ) ) ;
#6617 = VECTOR ( 'NONE', #5180, 1000.000000000000000 ) ;
#6618 = CARTESIAN_POINT ( 'NONE',  ( 3.845299461620751202, -1.399999999999999911, -6.000000000000000000 ) ) ;
#6619 = ORIENTED_EDGE ( 'NONE', *, *, #6299, .F. ) ;
#6620 = EDGE_CURVE ( 'NONE', #1208, #3005, #5284, .T. ) ;
#6621 = DIRECTION ( 'NONE',  ( 0.4999999999999990563, 0.000000000000000000, -0.8660254037844391517 ) ) ;
#6622 = ORIENTED_EDGE ( 'NONE', *, *, #2113, .T. ) ;
#6623 = VECTOR ( 'NONE', #2346, 1000.000000000000227 ) ;
#6624 = CARTESIAN_POINT ( 'NONE',  ( 66.99999999995100097, 0.9999999999999995559, 3.899999999999993694 ) ) ;
#6625 = VERTEX_POINT ( 'NONE', #3407 ) ;
#6626 = CIRCLE ( 'NONE', #6197, 0.5000000000000004441 ) ;
#6627 = DIRECTION ( 'NONE',  ( -0.000000000000000000, 1.000000000000000000, -0.000000000000000000 ) ) ;
#6628 = ADVANCED_FACE ( 'NONE', ( #825 ), #5549, .F. ) ;
#6629 = CYLINDRICAL_SURFACE ( 'NONE', #4428, 5.000000000000000888 ) ;
#6630 = VECTOR ( 'NONE', #5835, 1000.000000000000000 ) ;
#6631 = LINE ( 'NONE', #1988, #161 ) ;
#6632 = CARTESIAN_POINT ( 'NONE',  ( 71.99999999995104361, -3.000000000000000444, -3.999999999999287237 ) ) ;
#6633 = VERTEX_POINT ( 'NONE', #6387 ) ;
#6634 = LINE ( 'NONE', #2027, #5491 ) ;
#6635 = ORIENTED_EDGE ( 'NONE', *, *, #2594, .T. ) ;
#6636 = CARTESIAN_POINT ( 'NONE',  ( 29.31787366929611593, 1.000000000000000000, 1.597969758185211919 ) ) ;
#6637 = ORIENTED_EDGE ( 'NONE', *, *, #310, .F. ) ;
#6638 = DIRECTION ( 'NONE',  ( 0.8660254037844384856, -0.000000000000000000, 0.5000000000000004441 ) ) ;
#6639 = DIRECTION ( 'NONE',  ( -0.000000000000000000, -1.000000000000000000, -0.000000000000000000 ) ) ;
#6640 = CARTESIAN_POINT ( 'NONE',  ( 31.10050506338834353, 1.000000000000000000, 5.999999999999993783 ) ) ;
#6641 = ORIENTED_EDGE ( 'NONE', *, *, #3053, .T. ) ;
#6642 = EDGE_CURVE ( 'NONE', #650, #3005, #1849, .T. ) ;
#6643 = DIRECTION ( 'NONE',  ( 0.000000000000000000, -1.000000000000000000, 0.000000000000000000 ) ) ;
#6644 = VERTEX_POINT ( 'NONE', #241 ) ;
#6645 = EDGE_CURVE ( 'NONE', #5671, #3186, #5988, .T. ) ;
#6646 = EDGE_LOOP ( 'NONE', ( #2283, #5550, #6119, #919 ) ) ;
#6647 = CARTESIAN_POINT ( 'NONE',  ( 71.99999999995098676, 1.000000000000000444, 1.525000000000708900 ) ) ;
#6648 = CARTESIAN_POINT ( 'NONE',  ( 73.68933982819568485, 0.7499999999999997780, -2.639087296550524986 ) ) ;
#6649 = CARTESIAN_POINT ( 'NONE',  ( 75.25000000000001421, 0.7499999999999997780, -7.000000000000007994 ) ) ;
#6650 = EDGE_CURVE ( 'NONE', #1864, #810, #5956, .T. ) ;
#6651 = ORIENTED_EDGE ( 'NONE', *, *, #6645, .F. ) ;
#6652 = DIRECTION ( 'NONE',  ( 0.000000000000000000, 0.000000000000000000, 1.000000000000000000 ) ) ;
#6653 = ADVANCED_FACE ( 'NONE', ( #791, #3338 ), #3894, .T. ) ;
#6654 = ORIENTED_EDGE ( 'NONE', *, *, #3726, .F. ) ;
#6655 = VECTOR ( 'NONE', #1726, 1000.000000000000000 ) ;
#6656 = DIRECTION ( 'NONE',  ( -0.000000000000000000, -0.000000000000000000, -1.000000000000000000 ) ) ;
#6657 = ORIENTED_EDGE ( 'NONE', *, *, #728, .T. ) ;
#6658 = LINE ( 'NONE', #3994, #6286 ) ;
#6659 = ORIENTED_EDGE ( 'NONE', *, *, #2495, .T. ) ;
#6660 = CARTESIAN_POINT ( 'NONE',  ( 22.49999999999999645, 0.9999999999999958922, 0.000000000000000000 ) ) ;
#6661 = AXIS2_PLACEMENT_3D ( 'NONE', #3166, #892, #1415 ) ;
#6662 = LINE ( 'NONE', #4671, #2994 ) ;
#6663 = LINE ( 'NONE', #1521, #1161 ) ;
#6664 = VERTEX_POINT ( 'NONE', #760 ) ;
#6665 = DIRECTION ( 'NONE',  ( 0.7071067811828690708, 0.000000000000000000, 0.7071067811902260747 ) ) ;
#6666 = AXIS2_PLACEMENT_3D ( 'NONE', #4597, #920, #2009 ) ;
#6667 = DIRECTION ( 'NONE',  ( 1.169476500658520487E-16, -1.000000000000000000, 0.000000000000000000 ) ) ;
#6668 = VERTEX_POINT ( 'NONE', #6423 ) ;
#6669 = CARTESIAN_POINT ( 'NONE',  ( 72.99999999997548628, 0.9999999999999997780, 4.000000000000000000 ) ) ;
#6670 = ORIENTED_EDGE ( 'NONE', *, *, #522, .F. ) ;
#6671 = VECTOR ( 'NONE', #990, 999.9999999999998863 ) ;
#6672 = VECTOR ( 'NONE', #1930, 1000.000000000000114 ) ;
#6673 = DIRECTION ( 'NONE',  ( 0.5000000000000004441, 0.000000000000000000, -0.8660254037844383745 ) ) ;
#6674 = CARTESIAN_POINT ( 'NONE',  ( 32.56497115745560933, 2.464466094067271573, -1.428852115767907938 ) ) ;
#6675 = CARTESIAN_POINT ( 'NONE',  ( 71.99999999995094413, 1.000000000000000444, 4.000000000000711431 ) ) ;
#6676 = ORIENTED_EDGE ( 'NONE', *, *, #92, .T. ) ;
#6677 = CIRCLE ( 'NONE', #829, 1.100000000000006306 ) ;
#6678 = DIRECTION ( 'NONE',  ( -0.000000000000000000, 1.000000000000000000, -0.000000000000000000 ) ) ;
#6679 = EDGE_LOOP ( 'NONE', ( #1325, #2536, #2393, #5400 ) ) ;
#6680 = ORIENTED_EDGE ( 'NONE', *, *, #4287, .F. ) ;
#6681 = ADVANCED_FACE ( 'NONE', ( #1201 ), #1308, .F. ) ;
#6682 = LINE ( 'NONE', #3138, #4851 ) ;
#6683 = VECTOR ( 'NONE', #5278, 1000.000000000000000 ) ;
#6684 = DIRECTION ( 'NONE',  ( 0.000000000000000000, 0.000000000000000000, -1.000000000000000000 ) ) ;
#6685 = FACE_OUTER_BOUND ( 'NONE', #6355, .T. ) ;
#6686 = AXIS2_PLACEMENT_3D ( 'NONE', #5704, #3102, #70 ) ;
#6687 = ORIENTED_EDGE ( 'NONE', *, *, #4491, .F. ) ;
#6688 = AXIS2_PLACEMENT_3D ( 'NONE', #3091, #1528, #4512 ) ;
#6689 = EDGE_CURVE ( 'NONE', #3829, #1400, #5252, .T. ) ;
#6690 = VERTEX_POINT ( 'NONE', #5849 ) ;
#6691 = AXIS2_PLACEMENT_3D ( 'NONE', #5313, #5412, #4223 ) ;
#6692 = DIRECTION ( 'NONE',  ( 1.000000000000000000, 0.000000000000000000, 1.502314598737162778E-15 ) ) ;
#6693 = ORIENTED_EDGE ( 'NONE', *, *, #1847, .F. ) ;
#6694 = CARTESIAN_POINT ( 'NONE',  ( -4.065758146820641628E-17, -3.000000000000000000, -3.469446951953614189E-15 ) ) ;
#6695 = ORIENTED_EDGE ( 'NONE', *, *, #5055, .T. ) ;
#6696 = AXIS2_PLACEMENT_3D ( 'NONE', #3929, #179, #5890 ) ;
#6697 = EDGE_CURVE ( 'NONE', #638, #789, #3272, .T. ) ;
#6698 = ORIENTED_EDGE ( 'NONE', *, *, #4693, .T. ) ;
#6699 = LINE ( 'NONE', #5654, #6039 ) ;
#6700 = CARTESIAN_POINT ( 'NONE',  ( 46.78524283148994556, 3.114252105121699810, -5.999999999999991118 ) ) ;
#6701 = ORIENTED_EDGE ( 'NONE', *, *, #3299, .F. ) ;
#6702 = EDGE_CURVE ( 'NONE', #5855, #6158, #4837, .T. ) ;
#6703 = CARTESIAN_POINT ( 'NONE',  ( 66.99999999997550049, 0.9999999999999991118, -6.750000000000001776 ) ) ;
#6704 = ORIENTED_EDGE ( 'NONE', *, *, #6167, .F. ) ;
#6705 = CARTESIAN_POINT ( 'NONE',  ( 1.517745912049352386, -3.000000000000000000, 2.431293813345472898 ) ) ;
#6706 = ORIENTED_EDGE ( 'NONE', *, *, #2044, .F. ) ;
#6707 = ADVANCED_FACE ( 'NONE', ( #2253 ), #5882, .F. ) ;
#6708 = FACE_OUTER_BOUND ( 'NONE', #3896, .T. ) ;
#6709 = DIRECTION ( 'NONE',  ( 0.000000000000000000, 0.000000000000000000, 1.000000000000000000 ) ) ;
ENDSEC;
END-ISO-10303-21;
