ISO-10303-21;
HEADER;
FILE_DESCRIPTION (( 'STEP AP214' ),
    '1' );
FILE_NAME ('LineFix.STEP',
    '2026-08-22T08:27:17',
    ( '' ),
    ( '' ),
    'SwSTEP 2.0',
    'SolidWorks 2025',
    '' );
FILE_SCHEMA (( 'AUTOMOTIVE_DESIGN' ));
ENDSEC;

DATA;
#1 = CARTESIAN_POINT ( 'NONE',  ( -6.819251654908799587, 1.884585638204302471, -1.580914038826812140 ) ) ;
#2 = VERTEX_POINT ( 'NONE', #1411 ) ;
#3 = PRODUCT_CONTEXT ( 'NONE', #1562, 'mechanical' ) ;
#4 = CARTESIAN_POINT ( 'NONE',  ( 13.97869893021143994, 0.2949788183486880544, 1.600000000000000311 ) ) ;
#5 = VERTEX_POINT ( 'NONE', #1417 ) ;
#6 = CARTESIAN_POINT ( 'NONE',  ( 20.00000000000000000, 3.799999999999999822, 0.000000000000000000 ) ) ;
#7 = EDGE_CURVE ( 'NONE', #370, #920, #911, .T. ) ;
#8 = ORIENTED_EDGE ( 'NONE', *, *, #1183, .F. ) ;
#9 = CARTESIAN_POINT ( 'NONE',  ( 14.00000000000001421, 0.000000000000000000, 1.600000000000000089 ) ) ;
#10 = CARTESIAN_POINT ( 'NONE',  ( 20.00000000000000000, 4.000000000000000000, -4.000000000000000000 ) ) ;
#11 = CARTESIAN_POINT ( 'NONE',  ( 0.000000000000000000, 4.000000000000000000, 5.200000000000001066 ) ) ;
#12 = ORIENTED_EDGE ( 'NONE', *, *, #700, .T. ) ;
#13 = VERTEX_POINT ( 'NONE', #1299 ) ;
#14 = CARTESIAN_POINT ( 'NONE',  ( 12.00000000000000000, 0.000000000000000000, 0.000000000000000000 ) ) ;
#15 = CIRCLE ( 'NONE', #1455, 1.999999999999999112 ) ;
#16 = FACE_OUTER_BOUND ( 'NONE', #54, .T. ) ;
#17 = CIRCLE ( 'NONE', #1755, 1.600000000000000089 ) ;
#18 = CYLINDRICAL_SURFACE ( 'NONE', #1749, 1.099999999999999423 ) ;
#19 = PRODUCT_DEFINITION_FORMATION_WITH_SPECIFIED_SOURCE ( 'ไป', '', #1570, .NOT_KNOWN. ) ;
#20 = EDGE_CURVE ( 'NONE', #583, #954, #1686, .T. ) ;
#21 = DIRECTION ( 'NONE',  ( 0.000000000000000000, -0.000000000000000000, 1.000000000000000000 ) ) ;
#22 = DIRECTION ( 'NONE',  ( -1.000000000000000000, 0.000000000000000000, 1.548860246407863583E-16 ) ) ;
#23 = EDGE_CURVE ( 'NONE', #1833, #1468, #1234, .T. ) ;
#24 = ORIENTED_EDGE ( 'NONE', *, *, #160, .F. ) ;
#25 = CARTESIAN_POINT ( 'NONE',  ( 18.26794919243112858, 3.858420630868815593, 5.000000000000000000 ) ) ;
#26 = CARTESIAN_POINT ( 'NONE',  ( 12.00000000000000000, 1.000000000000000000, 1.248999599679679662 ) ) ;
#27 = ORIENTED_EDGE ( 'NONE', *, *, #63, .F. ) ;
#28 = CARTESIAN_POINT ( 'NONE',  ( 28.00000000000000000, 0.000000000000000000, 0.000000000000000000 ) ) ;
#29 = AXIS2_PLACEMENT_3D ( 'NONE', #329, #915, #49 ) ;
#30 = CARTESIAN_POINT ( 'NONE',  ( 3.267949192431124583, 3.799999999999999822, 5.000000000000000888 ) ) ;
#31 = EDGE_CURVE ( 'NONE', #1468, #1844, #506, .T. ) ;
#32 = CYLINDRICAL_SURFACE ( 'NONE', #1709, 1.100000000000000311 ) ;
#33 = EDGE_CURVE ( 'NONE', #382, #480, #1145, .T. ) ;
#34 = VERTEX_POINT ( 'NONE', #1127 ) ;
#35 =( NAMED_UNIT ( * ) SI_UNIT ( $, .STERADIAN. ) SOLID_ANGLE_UNIT ( ) );
#36 = CARTESIAN_POINT ( 'NONE',  ( 28.00000000000000000, 0.000000000000000000, -7.000000000000003553 ) ) ;
#37 = DIRECTION ( 'NONE',  ( 0.000000000000000000, 0.000000000000000000, -1.000000000000000000 ) ) ;
#38 = FACE_OUTER_BOUND ( 'NONE', #1707, .T. ) ;
#39 = DIRECTION ( 'NONE',  ( -1.000000000000000000, 0.000000000000000000, -0.000000000000000000 ) ) ;
#40 = VERTEX_POINT ( 'NONE', #1705 ) ;
#41 = EDGE_CURVE ( 'NONE', #282, #412, #414, .T. ) ;
#42 = CARTESIAN_POINT ( 'NONE',  ( 20.00000000000000000, 1.599999999999999867, 2.900000000000000799 ) ) ;
#43 = CARTESIAN_POINT ( 'NONE',  ( 5.000000000000000888, 4.000000000000000000, -5.999999999999983125 ) ) ;
#44 = ORIENTED_EDGE ( 'NONE', *, *, #1370, .F. ) ;
#45 = CIRCLE ( 'NONE', #165, 1.099999999999999423 ) ;
#46 = LINE ( 'NONE', #763, #1109 ) ;
#47 = CIRCLE ( 'NONE', #650, 1.999999999999999556 ) ;
#48 = CARTESIAN_POINT ( 'NONE',  ( 3.267949192431124583, 3.799999999999999822, -5.000000000000000888 ) ) ;
#49 = DIRECTION ( 'NONE',  ( 0.000000000000000000, 0.000000000000000000, 1.000000000000000000 ) ) ;
#50 = ORIENTED_EDGE ( 'NONE', *, *, #1128, .F. ) ;
#51 = B_SPLINE_CURVE_WITH_KNOTS ( 'NONE', 3,
 ( #709, #563, #1285, #1538, #1389, #267 ),
 .UNSPECIFIED., .F., .F.,
 ( 4, 2, 4 ),
 ( 0.0004003685182097310529, 0.0005879233973308614246, 0.0007754782764519917420 ),
 .UNSPECIFIED. ) ;
#52 = CYLINDRICAL_SURFACE ( 'NONE', #293, 6.999999999999999112 ) ;
#53 = CARTESIAN_POINT ( 'NONE',  ( 12.52013512190788802, 2.963533734951072418, -0.8666885121448066887 ) ) ;
#54 = EDGE_LOOP ( 'NONE', ( #1119, #1253, #1289, #254 ) ) ;
#55 = DIRECTION ( 'NONE',  ( 0.000000000000000000, 0.000000000000000000, 1.000000000000000000 ) ) ;
#56 = CARTESIAN_POINT ( 'NONE',  ( 18.18931506941709486, 3.600000000000000977, 4.851199622943977552 ) ) ;
#57 = DIRECTION ( 'NONE',  ( 0.000000000000000000, 0.000000000000000000, 1.000000000000000000 ) ) ;
#58 = VECTOR ( 'NONE', #1534, 1000.000000000000000 ) ;
#59 = ORIENTED_EDGE ( 'NONE', *, *, #1077, .F. ) ;
#60 = FACE_OUTER_BOUND ( 'NONE', #645, .T. ) ;
#61 = ORIENTED_EDGE ( 'NONE', *, *, #1463, .F. ) ;
#62 = LINE ( 'NONE', #1786, #987 ) ;
#63 = EDGE_CURVE ( 'NONE', #956, #1406, #1210, .T. ) ;
#64 = DIRECTION ( 'NONE',  ( 0.000000000000000000, 0.000000000000000000, 1.000000000000000000 ) ) ;
#65 = LINE ( 'NONE', #144, #1297 ) ;
#66 = VERTEX_POINT ( 'NONE', #1693 ) ;
#67 = CARTESIAN_POINT ( 'NONE',  ( 26.00000000000000355, 4.000000000000000000, -5.999999999999986677 ) ) ;
#68 = CARTESIAN_POINT ( 'NONE',  ( 12.91281030089300508, 2.255573111655530649, 1.462860287555853400 ) ) ;
#69 = VERTEX_POINT ( 'NONE', #421 ) ;
#70 = AXIS2_PLACEMENT_3D ( 'NONE', #1242, #1765, #55 ) ;
#71 = FACE_BOUND ( 'NONE', #334, .T. ) ;
#72 = AXIS2_PLACEMENT_3D ( 'NONE', #112, #1682, #549 ) ;
#73 = CARTESIAN_POINT ( 'NONE',  ( 5.000000000000000888, 3.600000000000000089, -4.000000000000000000 ) ) ;
#74 = DIRECTION ( 'NONE',  ( 0.000000000000000000, 0.000000000000000000, 1.000000000000000000 ) ) ;
#75 = VECTOR ( 'NONE', #602, 1000.000000000000000 ) ;
#76 = ADVANCED_FACE ( 'NONE', ( #1584 ), #459, .T. ) ;
#77 = AXIS2_PLACEMENT_3D ( 'NONE', #1294, #246, #1716 ) ;
#78 = VERTEX_POINT ( 'NONE', #1046 ) ;
#79 = AXIS2_PLACEMENT_3D ( 'NONE', #1543, #1715, #558 ) ;
#80 = DIRECTION ( 'NONE',  ( -0.000000000000000000, -1.000000000000000000, -0.000000000000000000 ) ) ;
#81 = DIRECTION ( 'NONE',  ( 0.000000000000000000, 0.000000000000000000, 1.000000000000000000 ) ) ;
#82 = ORIENTED_EDGE ( 'NONE', *, *, #735, .T. ) ;
#83 = DIRECTION ( 'NONE',  ( 0.000000000000000000, 0.000000000000000000, 1.000000000000000000 ) ) ;
#84 = CARTESIAN_POINT ( 'NONE',  ( 20.00000000000000000, -6.056854249492380937, -6.000000000000000000 ) ) ;
#85 = CARTESIAN_POINT ( 'NONE',  ( 6.833030277982338418, 3.600000000000000089, 4.800000000000001599 ) ) ;
#86 = ORIENTED_EDGE ( 'NONE', *, *, #1033, .F. ) ;
#87 = EDGE_LOOP ( 'NONE', ( #1760, #1561, #524, #304 ) ) ;
#88 = VECTOR ( 'NONE', #39, 1000.000000000000000 ) ;
#89 = EDGE_CURVE ( 'NONE', #989, #360, #1038, .T. ) ;
#90 = CYLINDRICAL_SURFACE ( 'NONE', #802, 1.999999999999999556 ) ;
#91 = AXIS2_PLACEMENT_3D ( 'NONE', #247, #1409, #1269 ) ;
#92 = CARTESIAN_POINT ( 'NONE',  ( 26.00000000000000355, 4.000000000000000000, 0.000000000000000000 ) ) ;
#93 = CARTESIAN_POINT ( 'NONE',  ( 18.26794919243112858, 3.800000000003822098, 5.000000000000000888 ) ) ;
#94 = CARTESIAN_POINT ( 'NONE',  ( 0.000000000000000000, 1.599999999999999867, 0.000000000000000000 ) ) ;
#95 = DIRECTION ( 'NONE',  ( 0.000000000000000000, 0.000000000000000000, 1.000000000000000000 ) ) ;
#96 = ORIENTED_EDGE ( 'NONE', *, *, #365, .T. ) ;
#97 = ORIENTED_EDGE ( 'NONE', *, *, #1842, .F. ) ;
#98 = CARTESIAN_POINT ( 'NONE',  ( -6.999999999999999112, 1.599999999999999645, 1.600000000000000089 ) ) ;
#99 = EDGE_LOOP ( 'NONE', ( #870, #696, #210, #411, #280, #1825 ) ) ;
#100 = EDGE_CURVE ( 'NONE', #1717, #380, #321, .T. ) ;
#101 = CARTESIAN_POINT ( 'NONE',  ( 28.00000000000000000, 0.000000000000000000, 7.000000000000000000 ) ) ;
#102 = AXIS2_PLACEMENT_3D ( 'NONE', #682, #114, #1820 ) ;
#103 = CYLINDRICAL_SURFACE ( 'NONE', #102, 1.999999999999999556 ) ;
#104 = AXIS2_PLACEMENT_3D ( 'NONE', #1726, #859, #438 ) ;
#105 = PLANE ( 'NONE',  #771 ) ;
#106 = AXIS2_PLACEMENT_3D ( 'NONE', #620, #356, #83 ) ;
#107 = CARTESIAN_POINT ( 'NONE',  ( 0.000000000000000000, 2.999999999999993339, 0.000000000000000000 ) ) ;
#108 = AXIS2_PLACEMENT_3D ( 'NONE', #1103, #1518, #660 ) ;
#109 = DIRECTION ( 'NONE',  ( -0.000000000000000000, 1.000000000000000000, -0.000000000000000000 ) ) ;
#110 = CIRCLE ( 'NONE', #994, 5.000000000000000888 ) ;
#111 = VERTEX_POINT ( 'NONE', #311 ) ;
#112 = CARTESIAN_POINT ( 'NONE',  ( 0.000000000000000000, 3.799999999999999822, 4.800000000000001599 ) ) ;
#113 = EDGE_CURVE ( 'NONE', #1817, #997, #595, .T. ) ;
#114 = DIRECTION ( 'NONE',  ( -0.000000000000000000, 1.000000000000000000, -0.000000000000000000 ) ) ;
#115 = CARTESIAN_POINT ( 'NONE',  ( 6.732050807568879414, 3.799999999999999822, 5.000000000000000888 ) ) ;
#116 = VERTEX_POINT ( 'NONE', #1438 ) ;
#117 = ORIENTED_EDGE ( 'NONE', *, *, #33, .T. ) ;
#118 = ORIENTED_EDGE ( 'NONE', *, *, #1740, .F. ) ;
#119 = ORIENTED_EDGE ( 'NONE', *, *, #1023, .F. ) ;
#120 = FACE_OUTER_BOUND ( 'NONE', #87, .T. ) ;
#121 = CARTESIAN_POINT ( 'NONE',  ( 5.000000000000000888, 3.600000000000000089, 4.000000000000000000 ) ) ;
#122 = EDGE_CURVE ( 'NONE', #480, #788, #765, .T. ) ;
#123 = DIRECTION ( 'NONE',  ( 1.000000000000000000, -0.000000000000000000, 0.000000000000000000 ) ) ;
#124 = VERTEX_POINT ( 'NONE', #1022 ) ;
#125 = ORIENTED_EDGE ( 'NONE', *, *, #1643, .F. ) ;
#126 = CARTESIAN_POINT ( 'NONE',  ( 18.16696972201766869, 3.600000000000000089, -4.800000000000001599 ) ) ;
#127 = ORIENTED_EDGE ( 'NONE', *, *, #122, .F. ) ;
#128 = DIRECTION ( 'NONE',  ( 0.000000000000000000, 0.000000000000000000, 1.000000000000000000 ) ) ;
#129 = DIRECTION ( 'NONE',  ( -1.000000000000000000, 0.000000000000000000, -0.000000000000000000 ) ) ;
#130 = DIRECTION ( 'NONE',  ( -0.000000000000000000, -1.000000000000000000, -0.000000000000000000 ) ) ;
#131 = EDGE_CURVE ( 'NONE', #1535, #1833, #748, .T. ) ;
#132 = CARTESIAN_POINT ( 'NONE',  ( 20.00000000000000000, 4.000000000000000000, -5.200000000000001066 ) ) ;
#133 = CIRCLE ( 'NONE', #373, 1.600000000000000089 ) ;
#134 = EDGE_LOOP ( 'NONE', ( #294, #490, #350, #1233, #704 ) ) ;
#135 = VECTOR ( 'NONE', #750, 1000.000000000000000 ) ;
#136 = DIRECTION ( 'NONE',  ( 0.000000000000000000, 1.000000000000000000, 0.000000000000000000 ) ) ;
#137 = ORIENTED_EDGE ( 'NONE', *, *, #1664, .F. ) ;
#138 = CIRCLE ( 'NONE', #743, 1.600000000000000089 ) ;
#139 = B_SPLINE_CURVE_WITH_KNOTS ( 'NONE', 3,
 ( #93, #223, #1655, #484, #56, #1646 ),
 .UNSPECIFIED., .F., .F.,
 ( 4, 2, 4 ),
 ( 0.000000000000000000, 0.0001654555133787701665, 0.0003309110267575403330 ),
 .UNSPECIFIED. ) ;
#140 = CARTESIAN_POINT ( 'NONE',  ( 5.000000000000000888, 1.599999999999999867, -4.000000000000000000 ) ) ;
#141 = ORIENTED_EDGE ( 'NONE', *, *, #1115, .F. ) ;
#142 = DIRECTION ( 'NONE',  ( 1.548860246407863583E-16, -0.000000000000000000, 1.000000000000000000 ) ) ;
#143 = VERTEX_POINT ( 'NONE', #180 ) ;
#144 = CARTESIAN_POINT ( 'NONE',  ( 5.000000000000000888, 0.000000000000000000, -5.100000000000000533 ) ) ;
#145 = CARTESIAN_POINT ( 'NONE',  ( 6.833030277982337530, 3.600000000000000089, -4.800000000000001599 ) ) ;
#146 = ORIENTED_EDGE ( 'NONE', *, *, #238, .T. ) ;
#147 = CARTESIAN_POINT ( 'NONE',  ( 6.746510572705934017, 3.690960450511030722, -4.975445185364651302 ) ) ;
#148 = ORIENTED_EDGE ( 'NONE', *, *, #211, .T. ) ;
#149 = EDGE_CURVE ( 'NONE', #1585, #788, #757, .T. ) ;
#150 = DIRECTION ( 'NONE',  ( 0.000000000000000000, 0.000000000000000000, -1.000000000000000000 ) ) ;
#151 = CARTESIAN_POINT ( 'NONE',  ( 13.33725830020306802, 1.600000000000000977, -1.599999999999999201 ) ) ;
#152 = AXIS2_PLACEMENT_3D ( 'NONE', #107, #835, #574 ) ;
#153 = ORIENTED_EDGE ( 'NONE', *, *, #727, .F. ) ;
#154 = DIRECTION ( 'NONE',  ( -1.000000000000000000, 0.000000000000000000, 0.000000000000000000 ) ) ;
#155 = DIRECTION ( 'NONE',  ( 0.000000000000000000, 0.000000000000000000, -1.000000000000000000 ) ) ;
#156 = ORIENTED_EDGE ( 'NONE', *, *, #677, .F. ) ;
#157 = CARTESIAN_POINT ( 'NONE',  ( 5.000000000000000888, 1.599999999999999867, -6.000000000000000000 ) ) ;
#158 = CARTESIAN_POINT ( 'NONE',  ( 13.90435275952914118, 0.5779544082597900534, -1.599999999999999645 ) ) ;
#159 = CARTESIAN_POINT ( 'NONE',  ( 20.50000000000000000, 0.000000000000000000, 0.000000000000000000 ) ) ;
#160 = EDGE_CURVE ( 'NONE', #760, #1117, #1621, .T. ) ;
#161 = CARTESIAN_POINT ( 'NONE',  ( 3.253489427294069092, 3.690960450511031166, 4.975445185364651302 ) ) ;
#162 = CARTESIAN_POINT ( 'NONE',  ( 26.00000000000000355, 4.000000000000000000, 5.999999999999984013 ) ) ;
#163 = VERTEX_POINT ( 'NONE', #162 ) ;
#164 = ORIENTED_EDGE ( 'NONE', *, *, #221, .T. ) ;
#165 = AXIS2_PLACEMENT_3D ( 'NONE', #1147, #279, #855 ) ;
#166 = LINE ( 'NONE', #518, #229 ) ;
#167 = CIRCLE ( 'NONE', #897, 6.999999999999999112 ) ;
#168 = CARTESIAN_POINT ( 'NONE',  ( 13.97906873727212052, 0.2936492676630776955, -1.600000000000000089 ) ) ;
#169 = CIRCLE ( 'NONE', #1286, 2.000000000000000444 ) ;
#170 = ADVANCED_FACE ( 'NONE', ( #1174 ), #32, .F. ) ;
#171 = DIRECTION ( 'NONE',  ( 1.000000000000000000, 0.000000000000000000, 0.000000000000000000 ) ) ;
#172 = ADVANCED_FACE ( 'NONE', ( #1190 ), #885, .F. ) ;
#173 = CARTESIAN_POINT ( 'NONE',  ( 3.267949192431124139, 3.743989715946165919, 5.000000000000000000 ) ) ;
#174 = CARTESIAN_POINT ( 'NONE',  ( 0.000000000000000000, 3.799999999999999822, -5.200000000000001066 ) ) ;
#175 = CARTESIAN_POINT ( 'NONE',  ( 6.667604193050946648, 3.983705330756069696, -5.105088359193280745 ) ) ;
#176 = FACE_OUTER_BOUND ( 'NONE', #1393, .T. ) ;
#177 = DIRECTION ( 'NONE',  ( 0.000000000000000000, 0.000000000000000000, -1.000000000000000000 ) ) ;
#178 = VECTOR ( 'NONE', #895, 1000.000000000000000 ) ;
#179 = CARTESIAN_POINT ( 'NONE',  ( 20.00000000000000000, -6.056854249492380937, 2.000000000000000888 ) ) ;
#180 = CARTESIAN_POINT ( 'NONE',  ( 21.96356818063442518, 3.600000000000000089, 4.380000000000002558 ) ) ;
#181 = ADVANCED_FACE ( 'NONE', ( #1739 ), #1620, .F. ) ;
#182 = EDGE_CURVE ( 'NONE', #331, #1288, #1731, .T. ) ;
#183 = ORIENTED_EDGE ( 'NONE', *, *, #938, .F. ) ;
#184 = LINE ( 'NONE', #762, #1751 ) ;
#185 = CYLINDRICAL_SURFACE ( 'NONE', #1509, 1.099999999999999423 ) ;
#186 = LINE ( 'NONE', #179, #1753 ) ;
#187 = DIRECTION ( 'NONE',  ( -1.000000000000000000, 0.000000000000000000, 0.000000000000000000 ) ) ;
#188 = EDGE_CURVE ( 'NONE', #1733, #370, #359, .T. ) ;
#189 = ORIENTED_EDGE ( 'NONE', *, *, #1660, .F. ) ;
#190 = DIRECTION ( 'NONE',  ( -1.000000000000000000, -0.000000000000000000, -0.000000000000000000 ) ) ;
#191 = CARTESIAN_POINT ( 'NONE',  ( 12.43098786710429060, 3.138278025877656141, -0.4542498591981538048 ) ) ;
#192 = ORIENTED_EDGE ( 'NONE', *, *, #338, .T. ) ;
#193 = VECTOR ( 'NONE', #1042, 1000.000000000000000 ) ;
#194 = LINE ( 'NONE', #775, #1510 ) ;
#195 = AXIS2_PLACEMENT_3D ( 'NONE', #1222, #346, #669 ) ;
#196 = CARTESIAN_POINT ( 'NONE',  ( 5.000000000000000888, 3.600000000000000089, -1.999999999999999556 ) ) ;
#197 = CIRCLE ( 'NONE', #866, 1.100000000000000311 ) ;
#198 = CARTESIAN_POINT ( 'NONE',  ( 0.000000000000000000, 3.600000000000000089, -4.800000000000001599 ) ) ;
#199 = ORIENTED_EDGE ( 'NONE', *, *, #89, .T. ) ;
#200 = CARTESIAN_POINT ( 'NONE',  ( 0.000000000000000000, 3.799999999999999822, 0.000000000000000000 ) ) ;
#201 = DIRECTION ( 'NONE',  ( 0.000000000000000000, 0.000000000000000000, 1.000000000000000000 ) ) ;
#202 = EDGE_LOOP ( 'NONE', ( #208, #918 ) ) ;
#203 = ADVANCED_FACE ( 'NONE', ( #1763 ), #876, .F. ) ;
#204 = CARTESIAN_POINT ( 'NONE',  ( 0.000000000000000000, 3.799999999999999822, -5.200000000000001066 ) ) ;
#205 = CARTESIAN_POINT ( 'NONE',  ( 14.00000000000001243, 0.000000000000000000, -1.600000000000000089 ) ) ;
#206 = CARTESIAN_POINT ( 'NONE',  ( 5.000000000000000888, 4.000000000000000000, -4.000000000000000000 ) ) ;
#207 = VECTOR ( 'NONE', #1104, 1000.000000000000000 ) ;
#208 = ORIENTED_EDGE ( 'NONE', *, *, #1442, .F. ) ;
#209 = CARTESIAN_POINT ( 'NONE',  ( 3.166969722017665578, 3.600000000000000089, -4.800000000000001599 ) ) ;
#210 = ORIENTED_EDGE ( 'NONE', *, *, #406, .F. ) ;
#211 = EDGE_CURVE ( 'NONE', #729, #2, #1030, .T. ) ;
#212 = CARTESIAN_POINT ( 'NONE',  ( 0.000000000000000000, 0.000000000000000000, 7.000000000000000000 ) ) ;
#213 = EDGE_CURVE ( 'NONE', #163, #944, #740, .T. ) ;
#214 = CARTESIAN_POINT ( 'NONE',  ( 20.00000000000000000, 1.599999999999999867, 5.999999999999999112 ) ) ;
#215 = VERTEX_POINT ( 'NONE', #661 ) ;
#216 = EDGE_LOOP ( 'NONE', ( #1802, #1375, #706, #1249, #953, #1603, #1100 ) ) ;
#217 = CARTESIAN_POINT ( 'NONE',  ( -6.906493038426110509, 3.062759460687256574, 0.6611657077474244470 ) ) ;
#218 = FACE_OUTER_BOUND ( 'NONE', #1449, .T. ) ;
#219 = ORIENTED_EDGE ( 'NONE', *, *, #273, .F. ) ;
#220 = CARTESIAN_POINT ( 'NONE',  ( 5.000000000000000888, 0.000000000000000000, 2.899999999999999911 ) ) ;
#221 = EDGE_CURVE ( 'NONE', #69, #1630, #942, .T. ) ;
#222 = AXIS2_PLACEMENT_3D ( 'NONE', #1742, #142, #300 ) ;
#223 = CARTESIAN_POINT ( 'NONE',  ( 18.26794919243174675, 3.743989715949333164, 5.000000000001070255 ) ) ;
#224 = DIRECTION ( 'NONE',  ( 0.000000000000000000, 1.000000000000000000, 0.000000000000000000 ) ) ;
#225 = AXIS2_PLACEMENT_3D ( 'NONE', #1830, #1002, #1403 ) ;
#226 = ADVANCED_FACE ( 'NONE', ( #1777, #1656 ), #1801, .T. ) ;
#227 = B_SPLINE_CURVE_WITH_KNOTS ( 'NONE', 3,
 ( #671, #995, #1012, #1692, #1571, #1837 ),
 .UNSPECIFIED., .F., .F.,
 ( 4, 2, 4 ),
 ( 1.967781690638560085E-07, 0.0001883204365596418024, 0.0003764440949502197544 ),
 .UNSPECIFIED. ) ;
#228 = CARTESIAN_POINT ( 'NONE',  ( -8.392616811075859025E-16, 2.999999999999993339, -6.999999999999999112 ) ) ;
#229 = VECTOR ( 'NONE', #1388, 1000.000000000000000 ) ;
#230 = ORIENTED_EDGE ( 'NONE', *, *, #1609, .F. ) ;
#231 = ORIENTED_EDGE ( 'NONE', *, *, #889, .T. ) ;
#232 = CARTESIAN_POINT ( 'NONE',  ( -6.855926120832732451, 3.125579923985125852, -0.5476244906090418363 ) ) ;
#233 = VERTEX_POINT ( 'NONE', #85 ) ;
#234 = CARTESIAN_POINT ( 'NONE',  ( 5.000000000000000888, 1.599999999999999867, -5.100000000000000533 ) ) ;
#235 = CARTESIAN_POINT ( 'NONE',  ( 5.000000000000000888, 1.599999999999999867, -4.000000000000000000 ) ) ;
#236 = CARTESIAN_POINT ( 'NONE',  ( 20.00000000000000000, 0.000000000000000000, 4.000000000000000000 ) ) ;
#237 = CARTESIAN_POINT ( 'NONE',  ( 0.000000000000000000, 2.999999999999993339, 7.000000000000000000 ) ) ;
#238 = EDGE_CURVE ( 'NONE', #66, #1406, #1499, .T. ) ;
#239 = EDGE_LOOP ( 'NONE', ( #354, #903 ) ) ;
#240 = ORIENTED_EDGE ( 'NONE', *, *, #1474, .T. ) ;
#241 = VECTOR ( 'NONE', #534, 1000.000000000000000 ) ;
#242 = DIRECTION ( 'NONE',  ( 0.000000000000000000, 1.000000000000000000, 0.000000000000000000 ) ) ;
#243 = EDGE_CURVE ( 'NONE', #648, #1117, #1068, .T. ) ;
#244 = ORIENTED_EDGE ( 'NONE', *, *, #1741, .T. ) ;
#245 = LINE ( 'NONE', #698, #289 ) ;
#246 = DIRECTION ( 'NONE',  ( -0.000000000000000000, -1.000000000000000000, -0.000000000000000000 ) ) ;
#247 = CARTESIAN_POINT ( 'NONE',  ( 0.000000000000000000, 0.000000000000000000, 0.000000000000000000 ) ) ;
#248 = CARTESIAN_POINT ( 'NONE',  ( 20.00000000000000000, 0.000000000000000000, -2.900000000000000799 ) ) ;
#249 = CARTESIAN_POINT ( 'NONE',  ( -6.894257212305484828, 2.648896511690228106, -1.216434616516809619 ) ) ;
#250 = VERTEX_POINT ( 'NONE', #214 ) ;
#251 = ADVANCED_FACE ( 'NONE', ( #642 ), #1097, .F. ) ;
#252 = CARTESIAN_POINT ( 'NONE',  ( 20.00000000000000000, -6.056854249492380937, -4.000000000000000000 ) ) ;
#253 = VERTEX_POINT ( 'NONE', #1244 ) ;
#254 = ORIENTED_EDGE ( 'NONE', *, *, #1442, .T. ) ;
#255 = PLANE ( 'NONE',  #1425 ) ;
#256 = AXIS2_PLACEMENT_3D ( 'NONE', #28, #171, #177 ) ;
#257 = DIRECTION ( 'NONE',  ( 0.000000000000000000, 0.000000000000000000, 1.000000000000000000 ) ) ;
#258 = AXIS2_PLACEMENT_3D ( 'NONE', #362, #637, #946 ) ;
#259 = CARTESIAN_POINT ( 'NONE',  ( 20.00000000000000000, 4.000000000000000000, 5.999999999999983125 ) ) ;
#260 = CIRCLE ( 'NONE', #379, 5.000000000000000888 ) ;
#261 = DIRECTION ( 'NONE',  ( 0.000000000000000000, 0.000000000000000000, 1.000000000000000000 ) ) ;
#262 = ORIENTED_EDGE ( 'NONE', *, *, #1161, .T. ) ;
#263 = AXIS2_PLACEMENT_3D ( 'NONE', #789, #80, #1255 ) ;
#264 = CARTESIAN_POINT ( 'NONE',  ( 6.786225687621781688, 3.619617089673845101, -4.900661025638829216 ) ) ;
#265 = ORIENTED_EDGE ( 'NONE', *, *, #355, .T. ) ;
#266 = EDGE_CURVE ( 'NONE', #40, #1817, #1665, .T. ) ;
#267 = CARTESIAN_POINT ( 'NONE',  ( 21.89983551919633697, 3.799999999999999822, 4.625000000000000000 ) ) ;
#268 = CARTESIAN_POINT ( 'NONE',  ( 5.000000000000000888, 1.599999999999999867, 2.899999999999999911 ) ) ;
#269 = EDGE_LOOP ( 'NONE', ( #1050, #1405, #965, #141 ) ) ;
#270 = VERTEX_POINT ( 'NONE', #1358 ) ;
#271 = VECTOR ( 'NONE', #1788, 1000.000000000000000 ) ;
#272 = CARTESIAN_POINT ( 'NONE',  ( 18.26794919243112858, 3.799999999999999822, -5.000000000000000888 ) ) ;
#273 = EDGE_CURVE ( 'NONE', #605, #1504, #695, .T. ) ;
#274 = DIRECTION ( 'NONE',  ( 0.000000000000000000, 1.000000000000000000, 0.000000000000000000 ) ) ;
#275 = EDGE_CURVE ( 'NONE', #250, #1216, #378, .T. ) ;
#276 = PLANE ( 'NONE',  #1638 ) ;
#277 = CARTESIAN_POINT ( 'NONE',  ( -6.836229084378190990, 2.159306665966012950, -1.505806839218708060 ) ) ;
#278 = ORIENTED_EDGE ( 'NONE', *, *, #784, .T. ) ;
#279 = DIRECTION ( 'NONE',  ( 0.000000000000000000, 1.000000000000000000, 0.000000000000000000 ) ) ;
#280 = ORIENTED_EDGE ( 'NONE', *, *, #1281, .F. ) ;
#281 = FACE_OUTER_BOUND ( 'NONE', #826, .T. ) ;
#282 = VERTEX_POINT ( 'NONE', #1252 ) ;
#283 = CYLINDRICAL_SURFACE ( 'NONE', #104, 2.000000000000000000 ) ;
#284 = CARTESIAN_POINT ( 'NONE',  ( 3.365098770988882659, 4.000000000000000000, 5.153465027985174807 ) ) ;
#285 = CARTESIAN_POINT ( 'NONE',  ( 0.000000000000000000, 2.999999999999993339, 0.000000000000000000 ) ) ;
#286 = VERTEX_POINT ( 'NONE', #952 ) ;
#287 = ADVANCED_FACE ( 'NONE', ( #1490 ), #478, .T. ) ;
#288 = ORIENTED_EDGE ( 'NONE', *, *, #31, .F. ) ;
#289 = VECTOR ( 'NONE', #1835, 1000.000000000000000 ) ;
#290 = CARTESIAN_POINT ( 'NONE',  ( -6.814690014960327780, 1.600000000000000977, -1.599999999999999201 ) ) ;
#291 = VECTOR ( 'NONE', #803, 1000.000000000000000 ) ;
#292 = CARTESIAN_POINT ( 'NONE',  ( 0.000000000000000000, 4.000000000000000000, 0.000000000000000000 ) ) ;
#293 = AXIS2_PLACEMENT_3D ( 'NONE', #1218, #1615, #488 ) ;
#294 = ORIENTED_EDGE ( 'NONE', *, *, #1281, .T. ) ;
#295 = LINE ( 'NONE', #875, #863 ) ;
#296 = CARTESIAN_POINT ( 'NONE',  ( 5.000000000000000888, 1.599999999999999867, 4.000000000000000000 ) ) ;
#297 = ORIENTED_EDGE ( 'NONE', *, *, #758, .F. ) ;
#298 = EDGE_LOOP ( 'NONE', ( #244, #1687, #1159, #686 ) ) ;
#299 = CARTESIAN_POINT ( 'NONE',  ( 21.95225030477708472, 3.600000000000000089, 4.438482686594340976 ) ) ;
#300 = DIRECTION ( 'NONE',  ( 1.000000000000000000, 0.000000000000000000, -1.548860246407863583E-16 ) ) ;
#301 = CARTESIAN_POINT ( 'NONE',  ( 5.000000000000000888, 1.599999999999999867, 4.000000000000000000 ) ) ;
#302 = CARTESIAN_POINT ( 'NONE',  ( 3.267949192431109484, 3.858647194959659465, -4.999999999999999112 ) ) ;
#303 = DIRECTION ( 'NONE',  ( -1.000000000000000000, -0.000000000000000000, -0.000000000000000000 ) ) ;
#304 = ORIENTED_EDGE ( 'NONE', *, *, #1370, .T. ) ;
#305 = EDGE_CURVE ( 'NONE', #989, #954, #753, .T. ) ;
#306 = CARTESIAN_POINT ( 'NONE',  ( 14.00000000000001243, 0.1485693947109642810, 1.600000000000000089 ) ) ;
#307 = CARTESIAN_POINT ( 'NONE',  ( 20.00000000000000000, 1.599999999999999867, -4.000000000000000000 ) ) ;
#308 = EDGE_CURVE ( 'NONE', #982, #69, #1241, .T. ) ;
#309 = CARTESIAN_POINT ( 'NONE',  ( 5.000000000000000888, 1.599999999999999867, -2.899999999999999911 ) ) ;
#310 = CARTESIAN_POINT ( 'NONE',  ( 3.400000000000000355, 4.000000000000000000, -5.200000000000001066 ) ) ;
#311 = CARTESIAN_POINT ( 'NONE',  ( 18.39999999999999858, 4.000000000000000000, -5.200000000000001066 ) ) ;
#312 = AXIS2_PLACEMENT_3D ( 'NONE', #746, #457, #319 ) ;
#313 = ORIENTED_EDGE ( 'NONE', *, *, #1040, .T. ) ;
#314 = DIRECTION ( 'NONE',  ( 0.000000000000000000, 0.000000000000000000, 1.000000000000000000 ) ) ;
#315 = AXIS2_PLACEMENT_3D ( 'NONE', #292, #1008, #1113 ) ;
#316 = CARTESIAN_POINT ( 'NONE',  ( 5.000000000000000888, 4.000000000000000000, 5.999999999999983125 ) ) ;
#317 = AXIS2_PLACEMENT_3D ( 'NONE', #1035, #822, #1819 ) ;
#318 = EDGE_CURVE ( 'NONE', #1733, #1205, #923, .T. ) ;
#319 = DIRECTION ( 'NONE',  ( 0.000000000000000000, 0.000000000000000000, 1.000000000000000000 ) ) ;
#320 = CARTESIAN_POINT ( 'NONE',  ( 3.332638249977393663, 3.983951539161194155, -5.105463306682158198 ) ) ;
#321 = LINE ( 'NONE', #11, #88 ) ;
#322 = ORIENTED_EDGE ( 'NONE', *, *, #1708, .T. ) ;
#323 = ORIENTED_EDGE ( 'NONE', *, *, #1385, .F. ) ;
#324 = CARTESIAN_POINT ( 'NONE',  ( 21.89983551919633697, 3.799999999999999822, 4.625000000000000000 ) ) ;
#325 = DIRECTION ( 'NONE',  ( -0.000000000000000000, 1.000000000000000000, -0.000000000000000000 ) ) ;
#326 = DIRECTION ( 'NONE',  ( -0.000000000000000000, 1.000000000000000000, -0.000000000000000000 ) ) ;
#327 = CYLINDRICAL_SURFACE ( 'NONE', #1484, 0.1999999999999996503 ) ;
#328 = AXIS2_PLACEMENT_3D ( 'NONE', #236, #813, #1381 ) ;
#329 = CARTESIAN_POINT ( 'NONE',  ( 20.00000000000000000, -6.056854249492380937, 4.000000000000000000 ) ) ;
#330 = EDGE_CURVE ( 'NONE', #635, #707, #933, .T. ) ;
#331 = VERTEX_POINT ( 'NONE', #786 ) ;
#332 = DIRECTION ( 'NONE',  ( 0.000000000000000000, 0.000000000000000000, 1.000000000000000000 ) ) ;
#333 = ORIENTED_EDGE ( 'NONE', *, *, #999, .F. ) ;
#334 = EDGE_LOOP ( 'NONE', ( #386, #917 ) ) ;
#335 = DIRECTION ( 'NONE',  ( 0.000000000000000000, 0.000000000000000000, 1.000000000000000000 ) ) ;
#336 = DIRECTION ( 'NONE',  ( 0.000000000000000000, 0.000000000000000000, 1.000000000000000000 ) ) ;
#337 = DIRECTION ( 'NONE',  ( 0.000000000000000000, 0.000000000000000000, 1.000000000000000000 ) ) ;
#338 = EDGE_CURVE ( 'NONE', #1717, #846, #1006, .T. ) ;
#339 = AXIS2_PLACEMENT_3D ( 'NONE', #1324, #1296, #883 ) ;
#340 = CARTESIAN_POINT ( 'NONE',  ( 0.000000000000000000, 3.799999999999999822, -4.800000000000001599 ) ) ;
#341 = ORIENTED_EDGE ( 'NONE', *, *, #988, .T. ) ;
#342 = VECTOR ( 'NONE', #1075, 1000.000000000000000 ) ;
#343 = AXIS2_PLACEMENT_3D ( 'NONE', #285, #973, #542 ) ;
#344 = DIRECTION ( 'NONE',  ( -0.000000000000000000, 1.000000000000000000, -0.000000000000000000 ) ) ;
#345 = AXIS2_PLACEMENT_3D ( 'NONE', #884, #621, #739 ) ;
#346 = DIRECTION ( 'NONE',  ( 0.000000000000000000, 1.000000000000000000, 0.000000000000000000 ) ) ;
#347 = VECTOR ( 'NONE', #1420, 1000.000000000000000 ) ;
#348 = CARTESIAN_POINT ( 'NONE',  ( 20.00000000000000000, -6.056854249492380937, 5.999999999999999112 ) ) ;
#349 = ORIENTED_EDGE ( 'NONE', *, *, #1740, .T. ) ;
#350 = ORIENTED_EDGE ( 'NONE', *, *, #1629, .T. ) ;
#351 = EDGE_CURVE ( 'NONE', #1798, #1714, #892, .T. ) ;
#352 = DIRECTION ( 'NONE',  ( -0.000000000000000000, -1.000000000000000000, -0.000000000000000000 ) ) ;
#353 = CARTESIAN_POINT ( 'NONE',  ( 20.00000000000000000, 0.000000000000000000, 4.000000000000000000 ) ) ;
#354 = ORIENTED_EDGE ( 'NONE', *, *, #63, .T. ) ;
#355 = EDGE_CURVE ( 'NONE', #816, #820, #65, .T. ) ;
#356 = DIRECTION ( 'NONE',  ( 0.000000000000000000, 1.000000000000000000, 0.000000000000000000 ) ) ;
#357 = CARTESIAN_POINT ( 'NONE',  ( 20.00000000000000000, 4.000000000000000000, 4.000000000000000000 ) ) ;
#358 = CARTESIAN_POINT ( 'NONE',  ( 24.00000000000000000, 6.000000000000007105, -3.999999999999957367 ) ) ;
#359 = CIRCLE ( 'NONE', #814, 1.999999999999999556 ) ;
#360 = VERTEX_POINT ( 'NONE', #699 ) ;
#361 = CARTESIAN_POINT ( 'NONE',  ( 0.000000000000000000, 3.799999999999999822, 5.000000000000000888 ) ) ;
#362 = CARTESIAN_POINT ( 'NONE',  ( 5.000000000000000888, -6.056854249492380937, 4.000000000000000000 ) ) ;
#363 = ADVANCED_FACE ( 'NONE', ( #1810 ), #533, .T. ) ;
#364 = EDGE_LOOP ( 'NONE', ( #853, #265, #230, #1092 ) ) ;
#365 = EDGE_CURVE ( 'NONE', #878, #1717, #1232, .T. ) ;
#366 = DIRECTION ( 'NONE',  ( 0.000000000000000000, 1.000000000000000000, 0.000000000000000000 ) ) ;
#367 = CARTESIAN_POINT ( 'NONE',  ( 19.50000000000000000, 1.000000000000000000, 2.000000000000001776 ) ) ;
#368 = DIRECTION ( 'NONE',  ( -0.000000000000000000, -1.000000000000000000, -0.000000000000000000 ) ) ;
#369 = ORIENTED_EDGE ( 'NONE', *, *, #1741, .F. ) ;
#370 = VERTEX_POINT ( 'NONE', #551 ) ;
#371 = CARTESIAN_POINT ( 'NONE',  ( 28.00000000000000000, 1.999999999999994893, 7.000000000000000000 ) ) ;
#372 = ORIENTED_EDGE ( 'NONE', *, *, #1546, .T. ) ;
#373 = AXIS2_PLACEMENT_3D ( 'NONE', #159, #593, #494 ) ;
#374 = CARTESIAN_POINT ( 'NONE',  ( 5.000000000000000888, -6.056854249492380937, -4.000000000000000000 ) ) ;
#375 = CIRCLE ( 'NONE', #829, 0.1999999999999996503 ) ;
#376 = EDGE_CURVE ( 'NONE', #816, #998, #1380, .T. ) ;
#377 = DIRECTION ( 'NONE',  ( 0.000000000000000000, 1.000000000000000000, 0.000000000000000000 ) ) ;
#378 = LINE ( 'NONE', #348, #1408 ) ;
#379 = AXIS2_PLACEMENT_3D ( 'NONE', #943, #815, #95 ) ;
#380 = VERTEX_POINT ( 'NONE', #1123 ) ;
#381 = DIRECTION ( 'NONE',  ( 0.000000000000000000, 1.000000000000000000, 0.000000000000000000 ) ) ;
#382 = VERTEX_POINT ( 'NONE', #390 ) ;
#383 = CARTESIAN_POINT ( 'NONE',  ( 0.000000000000000000, 0.000000000000000000, 0.000000000000000000 ) ) ;
#384 = DIRECTION ( 'NONE',  ( 0.000000000000000000, 1.000000000000000000, 0.000000000000000000 ) ) ;
#385 = B_SPLINE_CURVE_WITH_KNOTS ( 'NONE', 3,
 ( #1141, #1702, #407, #1000, #1555, #272 ),
 .UNSPECIFIED., .F., .F.,
 ( 4, 2, 4 ),
 ( 1.734723475976807094E-18, 0.0001721848838019302984, 0.0003443697676038588620 ),
 .UNSPECIFIED. ) ;
#386 = ORIENTED_EDGE ( 'NONE', *, *, #160, .T. ) ;
#387 = ORIENTED_EDGE ( 'NONE', *, *, #1474, .F. ) ;
#388 = CARTESIAN_POINT ( 'NONE',  ( -6.957010852370432374, 3.000000000000083489, 0.7745966692415569010 ) ) ;
#389 = ORIENTED_EDGE ( 'NONE', *, *, #1250, .F. ) ;
#390 = CARTESIAN_POINT ( 'NONE',  ( -6.814690014960326891, -2.921670507898201712E-16, 1.600000000000000089 ) ) ;
#391 = CARTESIAN_POINT ( 'NONE',  ( 20.00000000000000000, 3.600000000000000089, 4.000000000000000000 ) ) ;
#392 = DIRECTION ( 'NONE',  ( 0.000000000000000000, 1.000000000000000000, 0.000000000000000000 ) ) ;
#393 = VERTEX_POINT ( 'NONE', #1143 ) ;
#394 = EDGE_CURVE ( 'NONE', #1300, #1785, #417, .T. ) ;
#395 = CARTESIAN_POINT ( 'NONE',  ( 0.000000000000000000, 4.000000000000000000, 5.999999999999982236 ) ) ;
#396 = ORIENTED_EDGE ( 'NONE', *, *, #408, .F. ) ;
#397 = ORIENTED_EDGE ( 'NONE', *, *, #1360, .F. ) ;
#398 = CYLINDRICAL_SURFACE ( 'NONE', #72, 0.1999999999999996503 ) ;
#399 = DIRECTION ( 'NONE',  ( -0.000000000000000000, 1.000000000000000000, -0.000000000000000000 ) ) ;
#400 = AXIS2_PLACEMENT_3D ( 'NONE', #787, #522, #1245 ) ;
#401 = CARTESIAN_POINT ( 'NONE',  ( 6.634962615844271383, 4.000000000000000000, 5.153383178874308079 ) ) ;
#402 = AXIS2_PLACEMENT_3D ( 'NONE', #1564, #1683, #1809 ) ;
#403 = ORIENTED_EDGE ( 'NONE', *, *, #1183, .T. ) ;
#404 = ORIENTED_EDGE ( 'NONE', *, *, #569, .F. ) ;
#405 = ORIENTED_EDGE ( 'NONE', *, *, #1431, .T. ) ;
#406 = EDGE_CURVE ( 'NONE', #163, #1817, #1846, .T. ) ;
#407 = CARTESIAN_POINT ( 'NONE',  ( 18.33263824997739633, 3.983951539161194155, -5.105463306682156421 ) ) ;
#408 = EDGE_CURVE ( 'NONE', #360, #1792, #1531, .T. ) ;
#409 = CARTESIAN_POINT ( 'NONE',  ( 3.332395806949056905, 3.983705330756069696, 5.105088359193280745 ) ) ;
#410 = DIRECTION ( 'NONE',  ( 0.000000000000000000, 1.000000000000000000, 0.000000000000000000 ) ) ;
#411 = ORIENTED_EDGE ( 'NONE', *, *, #213, .T. ) ;
#412 = VERTEX_POINT ( 'NONE', #832 ) ;
#413 = ORIENTED_EDGE ( 'NONE', *, *, #1250, .T. ) ;
#414 = CIRCLE ( 'NONE', #972, 2.000000000000000000 ) ;
#415 = CARTESIAN_POINT ( 'NONE',  ( 13.50701514676269355, 1.359927565289695606, 1.600000000000000533 ) ) ;
#416 = CARTESIAN_POINT ( 'NONE',  ( 19.50000000000000000, 1.000000000000000000, 2.000000000000001776 ) ) ;
#417 = CIRCLE ( 'NONE', #1826, 0.1999999999999996503 ) ;
#418 = ADVANCED_FACE ( 'NONE', ( #1558 ), #1828, .F. ) ;
#419 = DIRECTION ( 'NONE',  ( 0.000000000000000000, 0.000000000000000000, 1.000000000000000000 ) ) ;
#420 = DIRECTION ( 'NONE',  ( 0.000000000000000000, -0.000000000000000000, 1.000000000000000000 ) ) ;
#421 = CARTESIAN_POINT ( 'NONE',  ( 20.00000000000000000, 0.000000000000000000, 2.900000000000000799 ) ) ;
#422 = ORIENTED_EDGE ( 'NONE', *, *, #792, .F. ) ;
#423 = APPLICATION_PROTOCOL_DEFINITION ( 'draft international standard', 'automotive_design', 1998, #1562 ) ;
#424 = FACE_BOUND ( 'NONE', #1246, .T. ) ;
#425 = ORIENTED_EDGE ( 'NONE', *, *, #238, .F. ) ;
#426 = CARTESIAN_POINT ( 'NONE',  ( 12.75877333184411810, 2.520391895485213141, -1.325753270080100465 ) ) ;
#427 = DIRECTION ( 'NONE',  ( 0.000000000000000000, 0.000000000000000000, 1.000000000000000000 ) ) ;
#428 = EDGE_CURVE ( 'NONE', #233, #282, #976, .T. ) ;
#429 = DIRECTION ( 'NONE',  ( 0.000000000000000000, 0.000000000000000000, -1.000000000000000000 ) ) ;
#430 = ORIENTED_EDGE ( 'NONE', *, *, #20, .T. ) ;
#431 = ORIENTED_EDGE ( 'NONE', *, *, #1115, .T. ) ;
#432 = ADVANCED_FACE ( 'NONE', ( #980 ), #1532, .T. ) ;
#433 = CIRCLE ( 'NONE', #1812, 1.100000000000000311 ) ;
#434 = ORIENTED_EDGE ( 'NONE', *, *, #23, .F. ) ;
#435 = AXIS2_PLACEMENT_3D ( 'NONE', #1037, #1020, #1591 ) ;
#436 = CARTESIAN_POINT ( 'NONE',  ( 13.33725830020306979, 1.599999999999999645, 1.600000000000000089 ) ) ;
#437 = STYLED_ITEM ( 'NONE', ( #455 ), #1649 ) ;
#438 = DIRECTION ( 'NONE',  ( 0.000000000000000000, 0.000000000000000000, 1.000000000000000000 ) ) ;
#439 = DIRECTION ( 'NONE',  ( -0.000000000000000000, 1.000000000000000000, -0.000000000000000000 ) ) ;
#440 = DIRECTION ( 'NONE',  ( 0.000000000000000000, 0.000000000000000000, 1.000000000000000000 ) ) ;
#441 = EDGE_CURVE ( 'NONE', #13, #1535, #665, .T. ) ;
#442 = CARTESIAN_POINT ( 'NONE',  ( 0.000000000000000000, 4.000000000000000000, 7.000000000000000000 ) ) ;
#443 = ORIENTED_EDGE ( 'NONE', *, *, #1399, .F. ) ;
#444 = EDGE_CURVE ( 'NONE', #545, #1694, #51, .T. ) ;
#445 = ORIENTED_EDGE ( 'NONE', *, *, #1606, .F. ) ;
#446 = CYLINDRICAL_SURFACE ( 'NONE', #317, 1.100000000000000311 ) ;
#447 = AXIS2_PLACEMENT_3D ( 'NONE', #174, #451, #1612 ) ;
#448 = DIRECTION ( 'NONE',  ( 0.000000000000000000, 0.000000000000000000, 1.000000000000000000 ) ) ;
#449 = FACE_OUTER_BOUND ( 'NONE', #493, .T. ) ;
#450 = CYLINDRICAL_SURFACE ( 'NONE', #435, 0.1999999999999996503 ) ;
#451 = DIRECTION ( 'NONE',  ( 1.000000000000000000, -0.000000000000000000, 0.000000000000000000 ) ) ;
#452 = B_SPLINE_CURVE_WITH_KNOTS ( 'NONE', 3,
 ( #843, #401, #1704, #1551, #1390, #115 ),
 .UNSPECIFIED., .F., .F.,
 ( 4, 2, 4 ),
 ( 0.000000000000000000, 0.0001721848838019289973, 0.0003443697676038579947 ),
 .UNSPECIFIED. ) ;
#453 = ORIENTED_EDGE ( 'NONE', *, *, #864, .F. ) ;
#454 = EDGE_CURVE ( 'NONE', #998, #816, #571, .T. ) ;
#455 = PRESENTATION_STYLE_ASSIGNMENT (( #614 ) ) ;
#456 = CARTESIAN_POINT ( 'NONE',  ( 13.20529675190499752, 1.786621811314893282, -1.599999999999999423 ) ) ;
#457 = DIRECTION ( 'NONE',  ( -0.000000000000000000, -1.000000000000000000, -0.000000000000000000 ) ) ;
#458 = LINE ( 'NONE', #1313, #1427 ) ;
#459 = CYLINDRICAL_SURFACE ( 'NONE', #447, 0.1999999999999996503 ) ;
#460 = EDGE_LOOP ( 'NONE', ( #50, #886, #137, #148 ) ) ;
#461 = ORIENTED_EDGE ( 'NONE', *, *, #1053, .T. ) ;
#462 = AXIS2_PLACEMENT_3D ( 'NONE', #1355, #366, #1102 ) ;
#463 = LINE ( 'NONE', #472, #619 ) ;
#464 = VECTOR ( 'NONE', #123, 1000.000000000000000 ) ;
#465 = FACE_OUTER_BOUND ( 'NONE', #1419, .T. ) ;
#466 = ADVANCED_FACE ( 'NONE', ( #1568 ), #103, .F. ) ;
#467 = LINE ( 'NONE', #1054, #1839 ) ;
#468 = EDGE_CURVE ( 'NONE', #233, #1064, #692, .T. ) ;
#469 = DIRECTION ( 'NONE',  ( 0.000000000000000000, 1.000000000000000000, 0.000000000000000000 ) ) ;
#470 = CARTESIAN_POINT ( 'NONE',  ( 5.000000000000000888, 0.000000000000000000, -4.000000000000000000 ) ) ;
#471 = ORIENTED_EDGE ( 'NONE', *, *, #89, .F. ) ;
#472 = CARTESIAN_POINT ( 'NONE',  ( 28.00000000000000000, 4.000000000000000000, -7.000000000000003553 ) ) ;
#473 = LINE ( 'NONE', #1062, #957 ) ;
#474 = ORIENTED_EDGE ( 'NONE', *, *, #1546, .F. ) ;
#475 = AXIS2_PLACEMENT_3D ( 'NONE', #823, #399, #1415 ) ;
#476 = ADVANCED_FACE ( 'NONE', ( #873 ), #737, .T. ) ;
#477 = CARTESIAN_POINT ( 'NONE',  ( 21.89983551919633697, 3.799999999999999822, -4.625000000000000888 ) ) ;
#478 = PLANE ( 'NONE',  #844 ) ;
#479 = ORIENTED_EDGE ( 'NONE', *, *, #1356, .T. ) ;
#480 = VERTEX_POINT ( 'NONE', #9 ) ;
#481 =( NAMED_UNIT ( * ) PLANE_ANGLE_UNIT ( ) SI_UNIT ( $, .RADIAN. ) );
#482 = CARTESIAN_POINT ( 'NONE',  ( 12.40021960040784244, 3.199560799954897838, -0.1194895430938254371 ) ) ;
#483 = CARTESIAN_POINT ( 'NONE',  ( 20.00000000000000000, 0.000000000000000000, 4.000000000000000000 ) ) ;
#484 = CARTESIAN_POINT ( 'NONE',  ( 18.21377431237876010, 3.619617089674250554, 4.900661025639907464 ) ) ;
#485 = CARTESIAN_POINT ( 'NONE',  ( -6.892293530111888167, 2.659478828874371814, 1.232088905125306777 ) ) ;
#486 = ORIENTED_EDGE ( 'NONE', *, *, #596, .T. ) ;
#487 = B_SPLINE_CURVE_WITH_KNOTS ( 'NONE', 3,
 ( #1193, #25, #1041, #607, #636, #598 ),
 .UNSPECIFIED., .F., .F.,
 ( 4, 2, 4 ),
 ( 3.764480344651131711E-15, 0.0001726273325502452206, 0.0003452546650967259286 ),
 .UNSPECIFIED. ) ;
#488 = DIRECTION ( 'NONE',  ( 0.000000000000000000, 0.000000000000000000, -1.000000000000000000 ) ) ;
#489 = CARTESIAN_POINT ( 'NONE',  ( 20.00000000000000000, 0.000000000000000000, 5.099999999999999645 ) ) ;
#490 = ORIENTED_EDGE ( 'NONE', *, *, #1606, .T. ) ;
#491 = AXIS2_PLACEMENT_3D ( 'NONE', #1206, #1626, #335 ) ;
#492 = VECTOR ( 'NONE', #1627, 1000.000000000000000 ) ;
#493 = EDGE_LOOP ( 'NONE', ( #964, #413, #1625, #807 ) ) ;
#494 = DIRECTION ( 'NONE',  ( 0.000000000000000000, 0.000000000000000000, 1.000000000000000000 ) ) ;
#495 = CARTESIAN_POINT ( 'NONE',  ( 26.00000000000000355, 4.000000000000000000, 5.999999999999983125 ) ) ;
#496 = DIRECTION ( 'NONE',  ( -0.5773502691896222894, 0.5773502691896245098, 0.5773502691896305050 ) ) ;
#497 = EDGE_CURVE ( 'NONE', #40, #1116, #1044, .T. ) ;
#498 = ORIENTED_EDGE ( 'NONE', *, *, #266, .F. ) ;
#499 = ADVANCED_FACE ( 'NONE', ( #1600 ), #185, .F. ) ;
#500 = CARTESIAN_POINT ( 'NONE',  ( -6.800092118625051363, 3.199879537202331647, 0.1394542701485748937 ) ) ;
#501 = CARTESIAN_POINT ( 'NONE',  ( 12.75899482885510849, 2.521505849593958182, 1.311961071507752319 ) ) ;
#502 = ORIENTED_EDGE ( 'NONE', *, *, #408, .T. ) ;
#503 = CARTESIAN_POINT ( 'NONE',  ( 5.000000000000000888, 1.599999999999999867, 6.000000000000000000 ) ) ;
#504 = CARTESIAN_POINT ( 'NONE',  ( 6.732050807568266571, 3.743830492422791423, 5.000000000001077360 ) ) ;
#505 = DIRECTION ( 'NONE',  ( -0.000000000000000000, 1.000000000000000000, -0.000000000000000000 ) ) ;
#506 = CIRCLE ( 'NONE', #152, 6.999999999999999112 ) ;
#507 = EDGE_LOOP ( 'NONE', ( #663, #146, #27, #1058 ) ) ;
#508 = CARTESIAN_POINT ( 'NONE',  ( 18.16696972201766869, 3.600000000000000089, -4.800000000000001599 ) ) ;
#509 = EDGE_CURVE ( 'NONE', #286, #250, #1225, .T. ) ;
#510 = VERTEX_POINT ( 'NONE', #1454 ) ;
#511 = CYLINDRICAL_SURFACE ( 'NONE', #649, 2.000000000000000444 ) ;
#512 = CARTESIAN_POINT ( 'NONE',  ( 20.00000000000000000, -6.056854249492380937, 4.000000000000000000 ) ) ;
#513 = ORIENTED_EDGE ( 'NONE', *, *, #1851, .T. ) ;
#514 = ORIENTED_EDGE ( 'NONE', *, *, #444, .F. ) ;
#515 = CARTESIAN_POINT ( 'NONE',  ( 3.189354006630876093, 3.600000000000000533, -4.851288839308740108 ) ) ;
#516 = ORIENTED_EDGE ( 'NONE', *, *, #428, .T. ) ;
#517 = EDGE_CURVE ( 'NONE', #1504, #605, #1811, .T. ) ;
#518 = CARTESIAN_POINT ( 'NONE',  ( 0.000000000000000000, 2.999999999999993339, 7.000000000000000000 ) ) ;
#519 = VERTEX_POINT ( 'NONE', #309 ) ;
#520 = CARTESIAN_POINT ( 'NONE',  ( 3.267949192431124583, 3.858420630869452417, 5.000000000000000888 ) ) ;
#521 = AXIS2_PLACEMENT_3D ( 'NONE', #641, #1379, #1357 ) ;
#522 = DIRECTION ( 'NONE',  ( 0.000000000000000000, 1.000000000000000000, 0.000000000000000000 ) ) ;
#523 = AXIS2_PLACEMENT_3D ( 'NONE', #910, #1604, #314 ) ;
#524 = ORIENTED_EDGE ( 'NONE', *, *, #211, .F. ) ;
#525 = ORIENTED_EDGE ( 'NONE', *, *, #1023, .T. ) ;
#526 = DIRECTION ( 'NONE',  ( 0.000000000000000000, -0.000000000000000000, 1.000000000000000000 ) ) ;
#527 = EDGE_LOOP ( 'NONE', ( #624, #1413, #431, #430, #1746, #199, #502, #1734 ) ) ;
#528 = DIRECTION ( 'NONE',  ( -0.000000000000000000, 1.000000000000000000, -0.000000000000000000 ) ) ;
#529 = DIRECTION ( 'NONE',  ( 0.000000000000000000, 1.000000000000000000, 0.000000000000000000 ) ) ;
#530 = CARTESIAN_POINT ( 'NONE',  ( 26.00000000000000355, 4.000000000000000000, -7.000000000000003553 ) ) ;
#531 = ADVANCED_FACE ( 'NONE', ( #449 ), #913, .F. ) ;
#532 = DIRECTION ( 'NONE',  ( 1.000000000000000000, 0.000000000000000000, -0.000000000000000000 ) ) ;
#533 = TOROIDAL_SURFACE ( 'NONE', #783, 5.200000000000001066, 0.2000000000000000111 ) ;
#534 = DIRECTION ( 'NONE',  ( 1.000000000000000000, -0.000000000000000000, -0.000000000000000000 ) ) ;
#535 = ORIENTED_EDGE ( 'NONE', *, *, #1322, .F. ) ;
#536 = VECTOR ( 'NONE', #505, 1000.000000000000000 ) ;
#537 = DIRECTION ( 'NONE',  ( -0.000000000000000000, -0.000000000000000000, 1.000000000000000000 ) ) ;
#538 = ORIENTED_EDGE ( 'NONE', *, *, #700, .F. ) ;
#539 = ORIENTED_EDGE ( 'NONE', *, *, #988, .F. ) ;
#540 = CARTESIAN_POINT ( 'NONE',  ( 0.000000000000000000, 0.000000000000000000, 0.000000000000000000 ) ) ;
#541 = CARTESIAN_POINT ( 'NONE',  ( 0.000000000000000000, 3.600000000000000089, 4.800000000000001599 ) ) ;
#542 = DIRECTION ( 'NONE',  ( 0.000000000000000000, 0.000000000000000000, 1.000000000000000000 ) ) ;
#543 = ADVANCED_FACE ( 'NONE', ( #1162 ), #1179, .F. ) ;
#544 = CARTESIAN_POINT ( 'NONE',  ( 5.000000000000000888, 3.600000000000000089, 4.000000000000000000 ) ) ;
#545 = VERTEX_POINT ( 'NONE', #1462 ) ;
#546 = PRODUCT_DEFINITION ( 'ๆ', '', #19, #874 ) ;
#547 = ORIENTED_EDGE ( 'NONE', *, *, #703, .T. ) ;
#548 = ORIENTED_EDGE ( 'NONE', *, *, #902, .T. ) ;
#549 = DIRECTION ( 'NONE',  ( 0.000000000000000000, 0.000000000000000000, -1.000000000000000000 ) ) ;
#550 = CIRCLE ( 'NONE', #70, 1.100000000000000311 ) ;
#551 = CARTESIAN_POINT ( 'NONE',  ( 20.00000000000000000, 3.600000000000000089, -2.000000000000000444 ) ) ;
#552 = CIRCLE ( 'NONE', #1607, 2.000000000000000444 ) ;
#553 = DIRECTION ( 'NONE',  ( 0.000000000000000000, 1.000000000000000000, 0.000000000000000000 ) ) ;
#554 = CIRCLE ( 'NONE', #343, 6.999999999999999112 ) ;
#555 = ORIENTED_EDGE ( 'NONE', *, *, #1525, .T. ) ;
#556 = AXIS2_PLACEMENT_3D ( 'NONE', #14, #1443, #150 ) ;
#557 = EDGE_CURVE ( 'NONE', #1722, #788, #1422, .T. ) ;
#558 = DIRECTION ( 'NONE',  ( 1.000000000000000000, 0.000000000000000000, 0.000000000000000000 ) ) ;
#559 = CARTESIAN_POINT ( 'NONE',  ( 5.000000000000000888, 1.599999999999999867, 1.999999999999999556 ) ) ;
#560 = ORIENTED_EDGE ( 'NONE', *, *, #604, .F. ) ;
#561 = EDGE_CURVE ( 'NONE', #1844, #40, #1471, .T. ) ;
#562 = EDGE_LOOP ( 'NONE', ( #8, #1516, #240, #12, #1676, #1247, #516 ) ) ;
#563 = CARTESIAN_POINT ( 'NONE',  ( 21.82361916300316196, 4.000000000000000888, 4.823622848047302902 ) ) ;
#564 = PLANE ( 'NONE',  #1284 ) ;
#565 = CARTESIAN_POINT ( 'NONE',  ( -6.957010852370451026, 3.000000000000112355, -0.7745966692415879873 ) ) ;
#566 = ORIENTED_EDGE ( 'NONE', *, *, #497, .T. ) ;
#567 = CARTESIAN_POINT ( 'NONE',  ( 21.93820143112427345, 3.617060867603073326, 4.495732138386408394 ) ) ;
#568 = EDGE_LOOP ( 'NONE', ( #1139, #1758 ) ) ;
#569 = EDGE_CURVE ( 'NONE', #982, #1769, #467, .T. ) ;
#570 = DIRECTION ( 'NONE',  ( 0.000000000000000000, 0.000000000000000000, 1.000000000000000000 ) ) ;
#571 = CIRCLE ( 'NONE', #1212, 1.100000000000000311 ) ;
#572 = ADVANCED_FACE ( 'NONE', ( #1856 ), #18, .F. ) ;
#573 = CARTESIAN_POINT ( 'NONE',  ( 0.000000000000000000, 3.799999999999999822, -5.000000000000000888 ) ) ;
#574 = DIRECTION ( 'NONE',  ( 8.881784197001252323E-16, 0.000000000000000000, 1.000000000000000000 ) ) ;
#575 = CARTESIAN_POINT ( 'NONE',  ( 14.00000000000001421, 0.000000000000000000, 1.600000000000000089 ) ) ;
#576 = CARTESIAN_POINT ( 'NONE',  ( 5.000000000000000888, 1.599999999999999867, -4.000000000000000000 ) ) ;
#577 = EDGE_CURVE ( 'NONE', #675, #1024, #1359, .T. ) ;
#578 = EDGE_LOOP ( 'NONE', ( #1706, #486 ) ) ;
#579 = AXIS2_PLACEMENT_3D ( 'NONE', #301, #1581, #1446 ) ;
#580 = PLANE ( 'NONE',  #712 ) ;
#581 = DIRECTION ( 'NONE',  ( 0.000000000000000000, 0.000000000000000000, 1.000000000000000000 ) ) ;
#582 = VECTOR ( 'NONE', #1789, 999.9999999999998863 ) ;
#583 = VERTEX_POINT ( 'NONE', #1435 ) ;
#584 = AXIS2_PLACEMENT_3D ( 'NONE', #73, #377, #1787 ) ;
#585 = CARTESIAN_POINT ( 'NONE',  ( 18.26794919243112858, 3.799999999999999822, -5.000000000000000888 ) ) ;
#586 = B_SPLINE_CURVE_WITH_KNOTS ( 'NONE', 3,
 ( #310, #1456, #320, #764, #302, #48 ),
 .UNSPECIFIED., .F., .F.,
 ( 4, 2, 4 ),
 ( 9.697399036122160616E-19, 0.0001721848838019297021, 0.0003443697676038584283 ),
 .UNSPECIFIED. ) ;
#587 = ORIENTED_EDGE ( 'NONE', *, *, #1453, .T. ) ;
#588 = VECTOR ( 'NONE', #1168, 1000.000000000000000 ) ;
#589 = CARTESIAN_POINT ( 'NONE',  ( -6.814690014960326891, 4.000000000000000000, 1.600000000000000089 ) ) ;
#590 = AXIS2_PLACEMENT_3D ( 'NONE', #1156, #136, #1440 ) ;
#591 = LINE ( 'NONE', #26, #193 ) ;
#592 = ORIENTED_EDGE ( 'NONE', *, *, #577, .T. ) ;
#593 = DIRECTION ( 'NONE',  ( 1.000000000000000000, 0.000000000000000000, 0.000000000000000000 ) ) ;
#594 = FACE_OUTER_BOUND ( 'NONE', #726, .T. ) ;
#595 = LINE ( 'NONE', #1458, #178 ) ;
#596 = EDGE_CURVE ( 'NONE', #331, #1524, #133, .T. ) ;
#597 = ORIENTED_EDGE ( 'NONE', *, *, #1258, .T. ) ;
#598 = CARTESIAN_POINT ( 'NONE',  ( 18.40000000000000213, 4.000000000000000000, 5.200000000000001066 ) ) ;
#599 = VECTOR ( 'NONE', #907, 1000.000000000000000 ) ;
#600 = PLANE ( 'NONE',  #222 ) ;
#601 = ORIENTED_EDGE ( 'NONE', *, *, #1761, .F. ) ;
#602 = DIRECTION ( 'NONE',  ( -1.000000000000000000, 0.000000000000000000, -0.000000000000000000 ) ) ;
#603 = DIRECTION ( 'NONE',  ( -0.000000000000000000, 1.000000000000000000, -0.000000000000000000 ) ) ;
#604 = EDGE_CURVE ( 'NONE', #215, #707, #1773, .T. ) ;
#605 = VERTEX_POINT ( 'NONE', #628 ) ;
#606 = EDGE_CURVE ( 'NONE', #1117, #760, #550, .T. ) ;
#607 = CARTESIAN_POINT ( 'NONE',  ( 18.33239580694980120, 3.983705330756473817, 5.105088359194401626 ) ) ;
#608 = DIRECTION ( 'NONE',  ( 0.000000000000000000, -1.000000000000000000, 0.000000000000000000 ) ) ;
#609 = DIRECTION ( 'NONE',  ( 1.000000000000000000, 0.000000000000000000, -1.548860246407863583E-16 ) ) ;
#610 = FACE_BOUND ( 'NONE', #872, .T. ) ;
#611 = CARTESIAN_POINT ( 'NONE',  ( -6.814690014960327780, 4.000000000000000888, -1.599999999999997868 ) ) ;
#612 = ORIENTED_EDGE ( 'NONE', *, *, #1829, .F. ) ;
#613 = TOROIDAL_SURFACE ( 'NONE', #1076, 4.800000000000001599, 0.2000000000000000111 ) ;
#614 = SURFACE_STYLE_USAGE ( .BOTH. , #761 ) ;
#615 = AXIS2_PLACEMENT_3D ( 'NONE', #824, #834, #1685 ) ;
#616 = CARTESIAN_POINT ( 'NONE',  ( 20.00000000000000000, 4.000000000000000000, -5.999999999999984901 ) ) ;
#617 = ORIENTED_EDGE ( 'NONE', *, *, #1338, .F. ) ;
#618 = EDGE_CURVE ( 'NONE', #1722, #1441, #62, .T. ) ;
#619 = VECTOR ( 'NONE', #1476, 1000.000000000000000 ) ;
#620 = CARTESIAN_POINT ( 'NONE',  ( 20.00000000000000000, 4.000000000000000000, -4.000000000000000000 ) ) ;
#621 = DIRECTION ( 'NONE',  ( -1.000000000000000000, 0.000000000000000000, 0.000000000000000000 ) ) ;
#622 = CARTESIAN_POINT ( 'NONE',  ( 20.00000000000000000, 3.600000000000000089, -4.000000000000000000 ) ) ;
#623 = ORIENTED_EDGE ( 'NONE', *, *, #1101, .F. ) ;
#624 = ORIENTED_EDGE ( 'NONE', *, *, #338, .F. ) ;
#625 = DIRECTION ( 'NONE',  ( -0.000000000000000000, -1.000000000000000000, -0.000000000000000000 ) ) ;
#626 = CARTESIAN_POINT ( 'NONE',  ( 12.49329819499371297, 3.015956198741244876, 0.7532838705737575635 ) ) ;
#627 = ORIENTED_EDGE ( 'NONE', *, *, #1213, .T. ) ;
#628 = CARTESIAN_POINT ( 'NONE',  ( 20.00000000000000000, 1.599999999999999867, -2.000000000000000444 ) ) ;
#629 = VECTOR ( 'NONE', #1182, 1000.000000000000000 ) ;
#630 = B_SPLINE_CURVE_WITH_KNOTS ( 'NONE', 3,
 ( #900, #1644, #1460, #175, #752, #1386 ),
 .UNSPECIFIED., .F., .F.,
 ( 4, 2, 4 ),
 ( 0.000000000000000000, 0.0001726273325483639401, 0.0003452546650967278801 ),
 .UNSPECIFIED. ) ;
#631 = CARTESIAN_POINT ( 'NONE',  ( 5.000000000000000888, -6.056854249492380937, 6.000000000000000000 ) ) ;
#632 = CARTESIAN_POINT ( 'NONE',  ( 20.00000000000000000, 0.000000000000000000, -5.099999999999999645 ) ) ;
#633 = EDGE_LOOP ( 'NONE', ( #219, #1266 ) ) ;
#634 = B_SPLINE_CURVE_WITH_KNOTS ( 'NONE', 3,
 ( #1178, #1748, #168, #158, #1605, #1599, #1028, #151 ),
 .UNSPECIFIED., .F., .F.,
 ( 4, 2, 2, 4 ),
 ( 6.674061915792841653E-19, 0.0004393474655689097387, 0.0008786949311378188269, 0.001757389862275637437 ),
 .UNSPECIFIED. ) ;
#635 = VERTEX_POINT ( 'NONE', #940 ) ;
#636 = CARTESIAN_POINT ( 'NONE',  ( 18.36509877098925969, 4.000000000000000000, 5.153465027985685509 ) ) ;
#637 = DIRECTION ( 'NONE',  ( -0.000000000000000000, 1.000000000000000000, -0.000000000000000000 ) ) ;
#638 = EDGE_LOOP ( 'NONE', ( #125, #1475, #1354, #1238, #1573, #341 ) ) ;
#639 = FACE_OUTER_BOUND ( 'NONE', #672, .T. ) ;
#640 = ADVANCED_FACE ( 'NONE', ( #639 ), #659, .F. ) ;
#641 = CARTESIAN_POINT ( 'NONE',  ( 5.000000000000000888, 1.599999999999999867, 4.000000000000000000 ) ) ;
#642 = FACE_OUTER_BOUND ( 'NONE', #1698, .T. ) ;
#643 = ADVANCED_FACE ( 'NONE', ( #1085, #71 ), #1094, .T. ) ;
#644 = CARTESIAN_POINT ( 'NONE',  ( 5.000000000000000888, 0.000000000000000000, 4.000000000000000000 ) ) ;
#645 = EDGE_LOOP ( 'NONE', ( #1659, #513, #759, #1146 ) ) ;
#646 = LINE ( 'NONE', #1230, #930 ) ;
#647 = CYLINDRICAL_SURFACE ( 'NONE', #258, 2.000000000000000000 ) ;
#648 = VERTEX_POINT ( 'NONE', #220 ) ;
#649 = AXIS2_PLACEMENT_3D ( 'NONE', #374, #1065, #959 ) ;
#650 = AXIS2_PLACEMENT_3D ( 'NONE', #10, #1730, #440 ) ;
#651 = CARTESIAN_POINT ( 'NONE',  ( 0.000000000000000000, 1.599999999999999867, 0.000000000000000000 ) ) ;
#652 = DIRECTION ( 'NONE',  ( 0.000000000000000000, 0.000000000000000000, 1.000000000000000000 ) ) ;
#653 = DIRECTION ( 'NONE',  ( 0.000000000000000000, -0.000000000000000000, 1.000000000000000000 ) ) ;
#654 = EDGE_CURVE ( 'NONE', #1563, #1485, #46, .T. ) ;
#655 = ORIENTED_EDGE ( 'NONE', *, *, #1549, .T. ) ;
#656 = DIRECTION ( 'NONE',  ( 0.000000000000000000, -0.000000000000000000, 1.000000000000000000 ) ) ;
#657 = FACE_OUTER_BOUND ( 'NONE', #364, .T. ) ;
#658 = ORIENTED_EDGE ( 'NONE', *, *, #596, .F. ) ;
#659 = CYLINDRICAL_SURFACE ( 'NONE', #768, 1.099999999999999423 ) ;
#660 = DIRECTION ( 'NONE',  ( 0.000000000000000000, 0.000000000000000000, 1.000000000000000000 ) ) ;
#661 = CARTESIAN_POINT ( 'NONE',  ( 0.000000000000000000, 3.799999999999999822, -5.000000000000000888 ) ) ;
#662 = VECTOR ( 'NONE', #1465, 1000.000000000000000 ) ;
#663 = ORIENTED_EDGE ( 'NONE', *, *, #1043, .F. ) ;
#664 = ORIENTED_EDGE ( 'NONE', *, *, #1708, .F. ) ;
#665 = CIRCLE ( 'NONE', #91, 6.999999999999999112 ) ;
#666 = DIRECTION ( 'NONE',  ( 0.000000000000000000, 0.000000000000000000, 1.000000000000000000 ) ) ;
#667 = ORIENTED_EDGE ( 'NONE', *, *, #113, .T. ) ;
#668 = CARTESIAN_POINT ( 'NONE',  ( 5.000000000000000888, 0.000000000000000000, -5.100000000000000533 ) ) ;
#669 = DIRECTION ( 'NONE',  ( 0.000000000000000000, 0.000000000000000000, 1.000000000000000000 ) ) ;
#670 = DIRECTION ( 'NONE',  ( -0.000000000000000000, 1.000000000000000000, -0.000000000000000000 ) ) ;
#671 = CARTESIAN_POINT ( 'NONE',  ( 21.89983551919633697, 3.799999999999999822, -4.625000000000000888 ) ) ;
#672 = EDGE_LOOP ( 'NONE', ( #1307, #164, #673, #404 ) ) ;
#673 = ORIENTED_EDGE ( 'NONE', *, *, #1356, .F. ) ;
#674 = DIRECTION ( 'NONE',  ( 1.000000000000000000, -0.000000000000000000, -0.000000000000000000 ) ) ;
#675 = VERTEX_POINT ( 'NONE', #503 ) ;
#676 = VECTOR ( 'NONE', #842, 1000.000000000000000 ) ;
#677 = EDGE_CURVE ( 'NONE', #846, #1216, #931, .T. ) ;
#678 = FACE_BOUND ( 'NONE', #568, .T. ) ;
#679 = VECTOR ( 'NONE', #1566, 1000.000000000000000 ) ;
#680 = CARTESIAN_POINT ( 'NONE',  ( 5.000000000000000888, 1.599999999999999867, -4.000000000000000000 ) ) ;
#681 = B_SPLINE_CURVE_WITH_KNOTS ( 'NONE', 3,
 ( #30, #173, #161, #1744, #906, #1325 ),
 .UNSPECIFIED., .F., .F.,
 ( 4, 2, 4 ),
 ( 0.000000000000000000, 0.0001654555133768231020, 0.0003309110267536462041 ),
 .UNSPECIFIED. ) ;
#682 = CARTESIAN_POINT ( 'NONE',  ( 20.00000000000000000, -6.056854249492380937, -4.000000000000000000 ) ) ;
#683 = VECTOR ( 'NONE', #1088, 999.9999999999998863 ) ;
#684 = CARTESIAN_POINT ( 'NONE',  ( 0.000000000000000000, 4.000000000000000000, 0.000000000000000000 ) ) ;
#685 = AXIS2_PLACEMENT_3D ( 'NONE', #955, #381, #666 ) ;
#686 = ORIENTED_EDGE ( 'NONE', *, *, #1583, .F. ) ;
#687 = LINE ( 'NONE', #371, #1314 ) ;
#688 = CARTESIAN_POINT ( 'NONE',  ( 19.50000000000000000, 1.000000000000000000, 1.248999599679679662 ) ) ;
#689 = ORIENTED_EDGE ( 'NONE', *, *, #441, .F. ) ;
#690 = CARTESIAN_POINT ( 'NONE',  ( 21.89983551919632632, 3.739837242876354217, -4.625000000000000888 ) ) ;
#691 = EDGE_CURVE ( 'NONE', #510, #997, #1452, .T. ) ;
#692 = LINE ( 'NONE', #541, #676 ) ;
#693 = EDGE_CURVE ( 'NONE', #583, #215, #375, .T. ) ;
#694 = FACE_OUTER_BOUND ( 'NONE', #817, .T. ) ;
#695 = CIRCLE ( 'NONE', #1737, 1.999999999999999556 ) ;
#696 = ORIENTED_EDGE ( 'NONE', *, *, #266, .T. ) ;
#697 = ORIENTED_EDGE ( 'NONE', *, *, #131, .F. ) ;
#698 = CARTESIAN_POINT ( 'NONE',  ( 20.00000000000000000, 0.000000000000000000, -2.900000000000000799 ) ) ;
#699 = CARTESIAN_POINT ( 'NONE',  ( -6.843756564667968078E-16, 4.000000000000000000, -5.999999999999982236 ) ) ;
#700 = EDGE_CURVE ( 'NONE', #846, #253, #1171, .T. ) ;
#701 = FACE_OUTER_BOUND ( 'NONE', #1594, .T. ) ;
#702 = CARTESIAN_POINT ( 'NONE',  ( -6.814690014960327780, 1.600000000000000977, -1.599999999999999201 ) ) ;
#703 = EDGE_CURVE ( 'NONE', #1833, #1488, #949, .T. ) ;
#704 = ORIENTED_EDGE ( 'NONE', *, *, #1034, .F. ) ;
#705 = CARTESIAN_POINT ( 'NONE',  ( 6.732050807568877637, 3.743989715946167252, -5.000000000000000000 ) ) ;
#706 = ORIENTED_EDGE ( 'NONE', *, *, #275, .T. ) ;
#707 = VERTEX_POINT ( 'NONE', #1662 ) ;
#708 = FACE_OUTER_BOUND ( 'NONE', #202, .T. ) ;
#709 = CARTESIAN_POINT ( 'NONE',  ( 21.79599554565148978, 4.000000000000000000, 4.880000000000000782 ) ) ;
#710 = AXIS2_PLACEMENT_3D ( 'NONE', #353, #936, #81 ) ;
#711 = LINE ( 'NONE', #573, #1048 ) ;
#712 = AXIS2_PLACEMENT_3D ( 'NONE', #731, #469, #21 ) ;
#713 = CARTESIAN_POINT ( 'NONE',  ( -6.877519013940181836, 2.535343483798216280, -1.305796884352947052 ) ) ;
#714 = ORIENTED_EDGE ( 'NONE', *, *, #1224, .F. ) ;
#715 = CIRCLE ( 'NONE', #77, 1.999999999999999112 ) ;
#716 = ADVANCED_FACE ( 'NONE', ( #1367 ), #511, .F. ) ;
#717 = CARTESIAN_POINT ( 'NONE',  ( -8.392616811075859025E-16, 2.999999999999993339, -6.999999999999999112 ) ) ;
#718 = EDGE_LOOP ( 'NONE', ( #461, #967 ) ) ;
#719 = DIRECTION ( 'NONE',  ( 0.000000000000000000, 0.000000000000000000, 1.000000000000000000 ) ) ;
#720 = ORIENTED_EDGE ( 'NONE', *, *, #100, .F. ) ;
#721 = CARTESIAN_POINT ( 'NONE',  ( 13.08369808541793233, 1.974673753630817652, -1.568149248153877684 ) ) ;
#722 = DIRECTION ( 'NONE',  ( 0.000000000000000000, 0.000000000000000000, -1.000000000000000000 ) ) ;
#723 = CARTESIAN_POINT ( 'NONE',  ( 20.00000000000000000, 3.600000000000000089, -4.000000000000000000 ) ) ;
#724 = EDGE_LOOP ( 'NONE', ( #425, #86, #1031, #795 ) ) ;
#725 = CARTESIAN_POINT ( 'NONE',  ( 18.18935400663088231, 3.600000000000000089, -4.851288839308740108 ) ) ;
#726 = EDGE_LOOP ( 'NONE', ( #1849, #1772, #623, #806 ) ) ;
#727 = EDGE_CURVE ( 'NONE', #510, #545, #1483, .T. ) ;
#728 = CARTESIAN_POINT ( 'NONE',  ( 20.50000000000000355, 1.000000000000000000, 1.248999599679679662 ) ) ;
#729 = VERTEX_POINT ( 'NONE', #1479 ) ;
#730 = ORIENTED_EDGE ( 'NONE', *, *, #149, .F. ) ;
#731 = CARTESIAN_POINT ( 'NONE',  ( 0.000000000000000000, 1.599999999999999867, 0.000000000000000000 ) ) ;
#732 = DIRECTION ( 'NONE',  ( 0.000000000000000000, 0.000000000000000000, 1.000000000000000000 ) ) ;
#733 = ORIENTED_EDGE ( 'NONE', *, *, #1466, .T. ) ;
#734 = LINE ( 'NONE', #589, #1701 ) ;
#735 = EDGE_CURVE ( 'NONE', #998, #519, #194, .T. ) ;
#736 = ORIENTED_EDGE ( 'NONE', *, *, #889, .F. ) ;
#737 = PLANE ( 'NONE',  #339 ) ;
#738 = AXIS2_PLACEMENT_3D ( 'NONE', #1170, #1608, #890 ) ;
#739 = DIRECTION ( 'NONE',  ( 0.000000000000000000, 0.000000000000000000, 1.000000000000000000 ) ) ;
#740 = LINE ( 'NONE', #1315, #629 ) ;
#741 = CIRCLE ( 'NONE', #1725, 1.999999999999999112 ) ;
#742 = EDGE_LOOP ( 'NONE', ( #1264, #979, #1227, #1424 ) ) ;
#743 = AXIS2_PLACEMENT_3D ( 'NONE', #894, #1320, #747 ) ;
#744 = LINE ( 'NONE', #779, #1639 ) ;
#745 = CARTESIAN_POINT ( 'NONE',  ( 3.267949192431124583, 3.799999999999999822, 5.000000000000000888 ) ) ;
#746 = CARTESIAN_POINT ( 'NONE',  ( 20.00000000000000000, 1.599999999999999867, 4.000000000000000000 ) ) ;
#747 = DIRECTION ( 'NONE',  ( 0.000000000000000000, 0.000000000000000000, 1.000000000000000000 ) ) ;
#748 = LINE ( 'NONE', #611, #662 ) ;
#749 = ADVANCED_FACE ( 'NONE', ( #678, #1808, #1827 ), #839, .F. ) ;
#750 = DIRECTION ( 'NONE',  ( -1.000000000000000000, 0.000000000000000000, 1.548860246407863583E-16 ) ) ;
#751 = ORIENTED_EDGE ( 'NONE', *, *, #308, .T. ) ;
#752 = CARTESIAN_POINT ( 'NONE',  ( 6.634901229011122226, 4.000000000000000000, -5.153465027985174807 ) ) ;
#753 = CIRCLE ( 'NONE', #1003, 2.000000000000000444 ) ;
#754 = DIRECTION ( 'NONE',  ( -0.000000000000000000, -1.000000000000000000, -0.000000000000000000 ) ) ;
#755 = CARTESIAN_POINT ( 'NONE',  ( 26.00000000000000355, 2.999999999999993339, -7.000000000000003553 ) ) ;
#756 = FACE_OUTER_BOUND ( 'NONE', #638, .T. ) ;
#757 = LINE ( 'NONE', #1326, #1437 ) ;
#758 = EDGE_CURVE ( 'NONE', #1485, #1205, #552, .T. ) ;
#759 = ORIENTED_EDGE ( 'NONE', *, *, #1549, .F. ) ;
#760 = VERTEX_POINT ( 'NONE', #1548 ) ;
#761 = SURFACE_SIDE_STYLE ('',( #1051 ) ) ;
#762 = CARTESIAN_POINT ( 'NONE',  ( 28.00000000000000000, 0.000000000000000000, 7.000000000000000000 ) ) ;
#763 = CARTESIAN_POINT ( 'NONE',  ( 5.000000000000000888, -6.056854249492380937, -1.999999999999999556 ) ) ;
#764 = CARTESIAN_POINT ( 'NONE',  ( 3.283261839580658759, 3.913509087185956137, -5.027109739229026708 ) ) ;
#765 = LINE ( 'NONE', #1332, #599 ) ;
#766 = ADVANCED_BREP_SHAPE_REPRESENTATION ( 'LineFix', ( #1649, #79 ), #1457 ) ;
#767 = VECTOR ( 'NONE', #1019, 1000.000000000000000 ) ;
#768 = AXIS2_PLACEMENT_3D ( 'NONE', #483, #1799, #1497 ) ;
#769 = EDGE_CURVE ( 'NONE', #1157, #956, #245, .T. ) ;
#770 = FACE_OUTER_BOUND ( 'NONE', #778, .T. ) ;
#771 = AXIS2_PLACEMENT_3D ( 'NONE', #684, #410, #1712 ) ;
#772 = CARTESIAN_POINT ( 'NONE',  ( 12.85882796506744263, 2.347353894164047272, 1.418406514672534424 ) ) ;
#773 = ORIENTED_EDGE ( 'NONE', *, *, #1525, .F. ) ;
#774 = ADVANCED_FACE ( 'NONE', ( #830 ), #255, .T. ) ;
#775 = CARTESIAN_POINT ( 'NONE',  ( 5.000000000000000888, 0.000000000000000000, -2.899999999999999911 ) ) ;
#776 = CARTESIAN_POINT ( 'NONE',  ( 6.833030277982338418, 3.600000000000000089, 4.800000000000001599 ) ) ;
#777 = DIRECTION ( 'NONE',  ( -1.000000000000000000, 0.000000000000000000, 0.000000000000000000 ) ) ;
#778 = EDGE_LOOP ( 'NONE', ( #1327, #1495, #790, #1292, #555 ) ) ;
#779 = CARTESIAN_POINT ( 'NONE',  ( 0.000000000000000000, 4.000000000000000000, 7.000000000000000000 ) ) ;
#780 = FACE_OUTER_BOUND ( 'NONE', #1572, .T. ) ;
#781 = ADVANCED_FACE ( 'NONE', ( #120 ), #398, .F. ) ;
#782 = ORIENTED_EDGE ( 'NONE', *, *, #1747, .T. ) ;
#783 = AXIS2_PLACEMENT_3D ( 'NONE', #1691, #993, #1703 ) ;
#784 = EDGE_CURVE ( 'NONE', #1387, #920, #841, .T. ) ;
#785 = FACE_OUTER_BOUND ( 'NONE', #1078, .T. ) ;
#786 = CARTESIAN_POINT ( 'NONE',  ( 20.50000000000000000, 1.000000000000000000, -1.248999599679679884 ) ) ;
#787 = CARTESIAN_POINT ( 'NONE',  ( 20.00000000000000000, 0.000000000000000000, -4.000000000000000000 ) ) ;
#788 = VERTEX_POINT ( 'NONE', #1275 ) ;
#789 = CARTESIAN_POINT ( 'NONE',  ( 20.00000000000000000, 1.599999999999999867, 4.000000000000000000 ) ) ;
#790 = ORIENTED_EDGE ( 'NONE', *, *, #351, .T. ) ;
#791 = DIRECTION ( 'NONE',  ( 1.000000000000000000, 0.000000000000000000, 0.000000000000000000 ) ) ;
#792 = EDGE_CURVE ( 'NONE', #111, #1690, #385, .T. ) ;
#793 = CARTESIAN_POINT ( 'NONE',  ( 20.00000000000000000, 1.599999999999999867, -6.000000000000000000 ) ) ;
#794 = DIRECTION ( 'NONE',  ( -0.000000000000000000, 1.000000000000000000, -0.000000000000000000 ) ) ;
#795 = ORIENTED_EDGE ( 'NONE', *, *, #840, .F. ) ;
#796 = CARTESIAN_POINT ( 'NONE',  ( -6.813779751124638295, 3.181863805345087837, 0.2760684020909964231 ) ) ;
#797 = CARTESIAN_POINT ( 'NONE',  ( 5.000000000000000888, 0.000000000000000000, -4.000000000000000000 ) ) ;
#798 = EDGE_LOOP ( 'NONE', ( #1512, #397, #156, #333, #898, #445 ) ) ;
#799 = CIRCLE ( 'NONE', #1841, 1.099999999999999423 ) ;
#800 = CIRCLE ( 'NONE', #225, 5.200000000000001066 ) ;
#801 = DIRECTION ( 'NONE',  ( 1.000000000000000000, -0.000000000000000000, -0.000000000000000000 ) ) ;
#802 = AXIS2_PLACEMENT_3D ( 'NONE', #252, #819, #1658 ) ;
#803 = DIRECTION ( 'NONE',  ( -0.000000000000000000, -1.000000000000000000, -0.000000000000000000 ) ) ;
#804 = CARTESIAN_POINT ( 'NONE',  ( -9.293161478447154380E-16, 4.000000000000000000, -5.999999999999982236 ) ) ;
#805 = EDGE_CURVE ( 'NONE', #143, #116, #1333, .T. ) ;
#806 = ORIENTED_EDGE ( 'NONE', *, *, #604, .T. ) ;
#807 = ORIENTED_EDGE ( 'NONE', *, *, #394, .F. ) ;
#808 = PLANE ( 'NONE',  #1201 ) ;
#809 = EDGE_LOOP ( 'NONE', ( #773, #117, #1541, #730, #986 ) ) ;
#810 = CARTESIAN_POINT ( 'NONE',  ( 21.95230310138820684, 3.599999999999994316, -4.438209871474200874 ) ) ;
#811 = VECTOR ( 'NONE', #1011, 1000.000000000000000 ) ;
#812 = LINE ( 'NONE', #631, #831 ) ;
#813 = DIRECTION ( 'NONE',  ( 0.000000000000000000, 1.000000000000000000, 0.000000000000000000 ) ) ;
#814 = AXIS2_PLACEMENT_3D ( 'NONE', #622, #1208, #581 ) ;
#815 = DIRECTION ( 'NONE',  ( -0.000000000000000000, -1.000000000000000000, -0.000000000000000000 ) ) ;
#816 = VERTEX_POINT ( 'NONE', #668 ) ;
#817 = EDGE_LOOP ( 'NONE', ( #627, #1576, #1797, #697 ) ) ;
#818 = ADVANCED_FACE ( 'NONE', ( #708 ), #1283, .F. ) ;
#819 = DIRECTION ( 'NONE',  ( -0.000000000000000000, 1.000000000000000000, -0.000000000000000000 ) ) ;
#820 = VERTEX_POINT ( 'NONE', #234 ) ;
#821 = DIRECTION ( 'NONE',  ( 0.000000000000000000, -0.000000000000000000, 1.000000000000000000 ) ) ;
#822 = DIRECTION ( 'NONE',  ( -0.000000000000000000, 1.000000000000000000, -0.000000000000000000 ) ) ;
#823 = CARTESIAN_POINT ( 'NONE',  ( 5.000000000000000888, 0.000000000000000000, 4.000000000000000000 ) ) ;
#824 = CARTESIAN_POINT ( 'NONE',  ( 0.000000000000000000, 3.600000000000000089, 0.000000000000000000 ) ) ;
#825 = EDGE_LOOP ( 'NONE', ( #970, #396, #1017, #288, #908, #1501 ) ) ;
#826 = EDGE_LOOP ( 'NONE', ( #1552, #525, #601, #1084 ) ) ;
#827 = CARTESIAN_POINT ( 'NONE',  ( -6.867540693887944414, 3.112548144347977441, 0.5391706337732103949 ) ) ;
#828 = ORIENTED_EDGE ( 'NONE', *, *, #557, .T. ) ;
#829 = AXIS2_PLACEMENT_3D ( 'NONE', #204, #791, #1330 ) ;
#830 = FACE_OUTER_BOUND ( 'NONE', #99, .T. ) ;
#831 = VECTOR ( 'NONE', #922, 1000.000000000000000 ) ;
#832 = CARTESIAN_POINT ( 'NONE',  ( 3.166969722017664690, 3.600000000000000089, 4.800000000000001599 ) ) ;
#833 = MECHANICAL_DESIGN_GEOMETRIC_PRESENTATION_REPRESENTATION (  '', ( #437 ), #1111 ) ;
#834 = DIRECTION ( 'NONE',  ( 0.000000000000000000, 1.000000000000000000, 0.000000000000000000 ) ) ;
#835 = DIRECTION ( 'NONE',  ( 0.000000000000000000, -1.000000000000000000, 0.000000000000000000 ) ) ;
#836 = ORIENTED_EDGE ( 'NONE', *, *, #188, .F. ) ;
#837 = ORIENTED_EDGE ( 'NONE', *, *, #1374, .T. ) ;
#838 = EDGE_CURVE ( 'NONE', #1007, #1524, #591, .T. ) ;
#839 = PLANE ( 'NONE',  #990 ) ;
#840 = EDGE_CURVE ( 'NONE', #1406, #956, #799, .T. ) ;
#841 = B_SPLINE_CURVE_WITH_KNOTS ( 'NONE', 3,
 ( #1400, #690, #1267, #1378, #810, #1132 ),
 .UNSPECIFIED., .F., .F.,
 ( 4, 2, 4 ),
 ( 1.967046464226314299E-07, 0.0001777325041880057428, 0.0003552683037295888439 ),
 .UNSPECIFIED. ) ;
#842 = DIRECTION ( 'NONE',  ( 1.000000000000000000, -0.000000000000000000, 0.000000000000000000 ) ) ;
#843 = CARTESIAN_POINT ( 'NONE',  ( 6.600000000000000533, 4.000000000000000000, 5.200000000000001066 ) ) ;
#844 = AXIS2_PLACEMENT_3D ( 'NONE', #804, #1519, #1508 ) ;
#845 = ORIENTED_EDGE ( 'NONE', *, *, #468, .T. ) ;
#846 = VERTEX_POINT ( 'NONE', #316 ) ;
#847 = CARTESIAN_POINT ( 'NONE',  ( 6.810684930583175145, 3.600000000000000533, -4.851199622943374479 ) ) ;
#848 = ORIENTED_EDGE ( 'NONE', *, *, #1520, .F. ) ;
#849 = CARTESIAN_POINT ( 'NONE',  ( 20.00000000000000000, 3.600000000000000089, 4.000000000000000000 ) ) ;
#850 = CARTESIAN_POINT ( 'NONE',  ( 3.400000000000001243, 4.000000000000000000, 5.200000000000001066 ) ) ;
#851 = ADVANCED_FACE ( 'NONE', ( #1194 ), #1854, .T. ) ;
#852 = CYLINDRICAL_SURFACE ( 'NONE', #1843, 6.999999999999999112 ) ;
#853 = ORIENTED_EDGE ( 'NONE', *, *, #376, .F. ) ;
#854 = ORIENTED_EDGE ( 'NONE', *, *, #441, .T. ) ;
#855 = DIRECTION ( 'NONE',  ( 0.000000000000000000, 0.000000000000000000, 1.000000000000000000 ) ) ;
#856 = ORIENTED_EDGE ( 'NONE', *, *, #517, .T. ) ;
#857 = FACE_OUTER_BOUND ( 'NONE', #825, .T. ) ;
#858 = B_SPLINE_CURVE_WITH_KNOTS ( 'NONE', 3,
 ( #1816, #217, #827, #796, #500, #1804, #232, #1090 ),
 .UNSPECIFIED., .F., .F.,
 ( 4, 2, 2, 4 ),
 ( 2.339164616739827501E-17, 0.0004121234297669190173, 0.0008242468595338147243, 0.001648493719067605596 ),
 .UNSPECIFIED. ) ;
#859 = DIRECTION ( 'NONE',  ( -0.000000000000000000, 1.000000000000000000, -0.000000000000000000 ) ) ;
#860 = CARTESIAN_POINT ( 'NONE',  ( 5.000000000000000888, 0.000000000000000000, -4.000000000000000000 ) ) ;
#861 = APPLICATION_CONTEXT ( 'automotive_design' ) ;
#862 = CARTESIAN_POINT ( 'NONE',  ( -6.999999999999999112, -2.921670507898201712E-16, 1.600000000000000089 ) ) ;
#863 = VECTOR ( 'NONE', #1436, 1000.000000000000000 ) ;
#864 = EDGE_CURVE ( 'NONE', #1441, #1488, #634, .T. ) ;
#865 = ORIENTED_EDGE ( 'NONE', *, *, #1643, .T. ) ;
#866 = AXIS2_PLACEMENT_3D ( 'NONE', #680, #1260, #1122 ) ;
#867 = CARTESIAN_POINT ( 'NONE',  ( 18.26794919243111792, 3.743830492418971811, -5.000000000000002665 ) ) ;
#868 = EDGE_LOOP ( 'NONE', ( #751, #1282 ) ) ;
#869 = CARTESIAN_POINT ( 'NONE',  ( 0.000000000000000000, 4.000000000000000000, 0.000000000000000000 ) ) ;
#870 = ORIENTED_EDGE ( 'NONE', *, *, #497, .F. ) ;
#871 = DIRECTION ( 'NONE',  ( 0.000000000000000000, 1.000000000000000000, 0.000000000000000000 ) ) ;
#872 = EDGE_LOOP ( 'NONE', ( #1063, #231 ) ) ;
#873 = FACE_OUTER_BOUND ( 'NONE', #798, .T. ) ;
#874 = PRODUCT_DEFINITION_CONTEXT ( 'detailed design', #861, 'design' ) ;
#875 = CARTESIAN_POINT ( 'NONE',  ( 20.00000000000000000, 4.000000000000000000, -5.200000000000001066 ) ) ;
#876 = PLANE ( 'NONE',  #1061 ) ;
#877 = VERTEX_POINT ( 'NONE', #1444 ) ;
#878 = VERTEX_POINT ( 'NONE', #745 ) ;
#879 = VECTOR ( 'NONE', #22, 1000.000000000000000 ) ;
#880 = ADVANCED_FACE ( 'NONE', ( #1303 ), #1394, .F. ) ;
#881 = FACE_OUTER_BOUND ( 'NONE', #939, .T. ) ;
#882 = CARTESIAN_POINT ( 'NONE',  ( 0.000000000000000000, 4.000000000000000000, 0.000000000000000000 ) ) ;
#883 = DIRECTION ( 'NONE',  ( -1.000000000000000000, 0.000000000000000000, 0.000000000000000000 ) ) ;
#884 = CARTESIAN_POINT ( 'NONE',  ( 28.00000000000000000, 4.000000000000000000, 7.000000000000000000 ) ) ;
#885 = CYLINDRICAL_SURFACE ( 'NONE', #1680, 1.599999999999999645 ) ;
#886 = ORIENTED_EDGE ( 'NONE', *, *, #1270, .F. ) ;
#887 = PLANE ( 'NONE',  #402 ) ;
#888 = PLANE ( 'NONE',  #1047 ) ;
#889 = EDGE_CURVE ( 'NONE', #820, #519, #433, .T. ) ;
#890 = DIRECTION ( 'NONE',  ( 0.000000000000000000, 0.000000000000000000, 1.000000000000000000 ) ) ;
#891 = EDGE_CURVE ( 'NONE', #124, #13, #1036, .T. ) ;
#892 = B_SPLINE_CURVE_WITH_KNOTS ( 'NONE', 3,
 ( #1215, #1767, #485, #1637, #1223, #1350 ),
 .UNSPECIFIED., .F., .F.,
 ( 4, 2, 4 ),
 ( 0.003315224525411212663, 0.004166353013849292616, 0.005017481502287373003 ),
 .UNSPECIFIED. ) ;
#893 = AXIS2_PLACEMENT_3D ( 'NONE', #1752, #439, #1728 ) ;
#894 = CARTESIAN_POINT ( 'NONE',  ( 14.00000000000001421, 0.000000000000000000, 0.000000000000000000 ) ) ;
#895 = DIRECTION ( 'NONE',  ( -1.000000000000000000, 0.000000000000000000, 1.548860246407863583E-16 ) ) ;
#896 = CIRCLE ( 'NONE', #1667, 1.099999999999999423 ) ;
#897 = AXIS2_PLACEMENT_3D ( 'NONE', #383, #529, #1177 ) ;
#898 = ORIENTED_EDGE ( 'NONE', *, *, #1066, .F. ) ;
#899 = VECTOR ( 'NONE', #537, 1000.000000000000000 ) ;
#900 = CARTESIAN_POINT ( 'NONE',  ( 6.732050807568879414, 3.799999999999999822, -5.000000000000000888 ) ) ;
#901 = CARTESIAN_POINT ( 'NONE',  ( 20.00000000000000000, 4.000000000000000000, 4.000000000000000000 ) ) ;
#902 = EDGE_CURVE ( 'NONE', #1337, #1216, #741, .T. ) ;
#903 = ORIENTED_EDGE ( 'NONE', *, *, #840, .T. ) ;
#904 = CARTESIAN_POINT ( 'NONE',  ( 0.000000000000000000, 3.799999999999999822, 4.800000000000001599 ) ) ;
#905 = ADVANCED_FACE ( 'NONE', ( #16 ), #888, .T. ) ;
#906 = CARTESIAN_POINT ( 'NONE',  ( 3.189315069416827075, 3.600000000000000089, 4.851199622943374479 ) ) ;
#907 = DIRECTION ( 'NONE',  ( 1.000000000000000000, -0.000000000000000000, -0.000000000000000000 ) ) ;
#908 = ORIENTED_EDGE ( 'NONE', *, *, #1781, .F. ) ;
#909 = VERTEX_POINT ( 'NONE', #1451 ) ;
#910 = CARTESIAN_POINT ( 'NONE',  ( 0.000000000000000000, 3.799999999999999822, 5.200000000000001066 ) ) ;
#911 = CIRCLE ( 'NONE', #1793, 1.999999999999999556 ) ;
#912 = DIRECTION ( 'NONE',  ( 0.000000000000000000, 0.000000000000000000, 1.000000000000000000 ) ) ;
#913 = CYLINDRICAL_SURFACE ( 'NONE', #1195, 0.1999999999999996503 ) ;
#914 = CARTESIAN_POINT ( 'NONE',  ( 19.50000000000000000, 1.000000000000000000, -1.248999599679679884 ) ) ;
#915 = DIRECTION ( 'NONE',  ( -0.000000000000000000, 1.000000000000000000, -0.000000000000000000 ) ) ;
#916 = ADVANCED_FACE ( 'NONE', ( #465 ), #283, .F. ) ;
#917 = ORIENTED_EDGE ( 'NONE', *, *, #606, .T. ) ;
#918 = ORIENTED_EDGE ( 'NONE', *, *, #1660, .T. ) ;
#919 = DIRECTION ( 'NONE',  ( -1.000000000000000000, -0.000000000000000000, -0.000000000000000000 ) ) ;
#920 = VERTEX_POINT ( 'NONE', #1426 ) ;
#921 = DIRECTION ( 'NONE',  ( 0.000000000000000000, -0.000000000000000000, 1.000000000000000000 ) ) ;
#922 = DIRECTION ( 'NONE',  ( -0.000000000000000000, 1.000000000000000000, -0.000000000000000000 ) ) ;
#923 = LINE ( 'NONE', #1482, #1595 ) ;
#924 = ADVANCED_FACE ( 'NONE', ( #176 ), #600, .F. ) ;
#925 = ORIENTED_EDGE ( 'NONE', *, *, #243, .F. ) ;
#926 = FACE_OUTER_BOUND ( 'NONE', #1477, .T. ) ;
#927 = TOROIDAL_SURFACE ( 'NONE', #108, 5.200000000000001066, 0.2000000000000000111 ) ;
#928 = CARTESIAN_POINT ( 'NONE',  ( 12.58913092934204414, 2.832567507854697908, 1.025931742972171934 ) ) ;
#929 = ORIENTED_EDGE ( 'NONE', *, *, #1569, .T. ) ;
#930 = VECTOR ( 'NONE', #1650, 1000.000000000000000 ) ;
#931 = LINE ( 'NONE', #1221, #1696 ) ;
#932 = DIRECTION ( 'NONE',  ( -0.000000000000000000, 1.000000000000000000, -0.000000000000000000 ) ) ;
#933 = LINE ( 'NONE', #198, #1095 ) ;
#934 = DIRECTION ( 'NONE',  ( 0.000000000000000000, 0.000000000000000000, 1.000000000000000000 ) ) ;
#935 = EDGE_LOOP ( 'NONE', ( #925, #1013, #1039, #1668 ) ) ;
#936 = DIRECTION ( 'NONE',  ( -0.000000000000000000, 1.000000000000000000, -0.000000000000000000 ) ) ;
#937 = ORIENTED_EDGE ( 'NONE', *, *, #577, .F. ) ;
#938 = EDGE_CURVE ( 'NONE', #1488, #270, #1343, .T. ) ;
#939 = EDGE_LOOP ( 'NONE', ( #127, #1511, #1129, #828 ) ) ;
#940 = CARTESIAN_POINT ( 'NONE',  ( 3.166969722017665578, 3.600000000000000089, -4.800000000000001599 ) ) ;
#941 = LINE ( 'NONE', #212, #992 ) ;
#942 = LINE ( 'NONE', #1369, #536 ) ;
#943 = CARTESIAN_POINT ( 'NONE',  ( 20.00000000000000000, 3.799999999999999822, 0.000000000000000000 ) ) ;
#944 = VERTEX_POINT ( 'NONE', #1071 ) ;
#945 = FACE_BOUND ( 'NONE', #868, .T. ) ;
#946 = DIRECTION ( 'NONE',  ( 0.000000000000000000, 0.000000000000000000, 1.000000000000000000 ) ) ;
#947 = ORIENTED_EDGE ( 'NONE', *, *, #727, .T. ) ;
#948 = ADVANCED_FACE ( 'NONE', ( #218 ), #613, .F. ) ;
#949 = LINE ( 'NONE', #1505, #1361 ) ;
#950 = FACE_OUTER_BOUND ( 'NONE', #578, .T. ) ;
#951 = ADVANCED_FACE ( 'NONE', ( #780 ), #1796, .F. ) ;
#952 = CARTESIAN_POINT ( 'NONE',  ( 20.00000000000000000, 1.599999999999999867, 2.000000000000000888 ) ) ;
#953 = ORIENTED_EDGE ( 'NONE', *, *, #444, .T. ) ;
#954 = VERTEX_POINT ( 'NONE', #1203 ) ;
#955 = CARTESIAN_POINT ( 'NONE',  ( 5.000000000000000888, 4.000000000000000000, -4.000000000000000000 ) ) ;
#956 = VERTEX_POINT ( 'NONE', #1771 ) ;
#957 = VECTOR ( 'NONE', #1624, 1000.000000000000000 ) ;
#958 = AXIS2_PLACEMENT_3D ( 'NONE', #1601, #154, #1619 ) ;
#959 = DIRECTION ( 'NONE',  ( 0.000000000000000000, 0.000000000000000000, 1.000000000000000000 ) ) ;
#960 = AXIS2_PLACEMENT_3D ( 'NONE', #340, #1185, #1060 ) ;
#961 = DIRECTION ( 'NONE',  ( -0.000000000000000000, -1.000000000000000000, -0.000000000000000000 ) ) ;
#962 = CARTESIAN_POINT ( 'NONE',  ( 20.00000000000000000, 1.599999999999999867, -4.000000000000000000 ) ) ;
#963 = EDGE_CURVE ( 'NONE', #69, #982, #896, .T. ) ;
#964 = ORIENTED_EDGE ( 'NONE', *, *, #1832, .F. ) ;
#965 = ORIENTED_EDGE ( 'NONE', *, *, #693, .F. ) ;
#966 = CARTESIAN_POINT ( 'NONE',  ( 3.253631440854897416, 3.691200633673804354, -4.975714314598374877 ) ) ;
#967 = ORIENTED_EDGE ( 'NONE', *, *, #1842, .T. ) ;
#968 = CARTESIAN_POINT ( 'NONE',  ( 5.000000000000000888, 3.600000000000000089, -4.000000000000000000 ) ) ;
#969 = DIRECTION ( 'NONE',  ( -0.000000000000000000, -1.000000000000000000, -0.000000000000000000 ) ) ;
#970 = ORIENTED_EDGE ( 'NONE', *, *, #1066, .T. ) ;
#971 = DIRECTION ( 'NONE',  ( 0.000000000000000000, 0.000000000000000000, 1.000000000000000000 ) ) ;
#972 = AXIS2_PLACEMENT_3D ( 'NONE', #544, #392, #1540 ) ;
#973 = DIRECTION ( 'NONE',  ( 0.000000000000000000, -1.000000000000000000, 0.000000000000000000 ) ) ;
#974 = ORIENTED_EDGE ( 'NONE', *, *, #677, .T. ) ;
#975 = ORIENTED_EDGE ( 'NONE', *, *, #1093, .F. ) ;
#976 = CIRCLE ( 'NONE', #1529, 2.000000000000000000 ) ;
#977 = FACE_OUTER_BOUND ( 'NONE', #1254, .T. ) ;
#978 = ADVANCED_FACE ( 'NONE', ( #1346 ), #647, .F. ) ;
#979 = ORIENTED_EDGE ( 'NONE', *, *, #20, .F. ) ;
#980 = FACE_OUTER_BOUND ( 'NONE', #460, .T. ) ;
#981 = DIRECTION ( 'NONE',  ( 0.000000000000000000, 1.000000000000000000, 0.000000000000000000 ) ) ;
#982 = VERTEX_POINT ( 'NONE', #489 ) ;
#983 = ORIENTED_EDGE ( 'NONE', *, *, #1664, .T. ) ;
#984 = ADVANCED_FACE ( 'NONE', ( #657 ), #1503, .F. ) ;
#985 = DIRECTION ( 'NONE',  ( 0.000000000000000000, 1.000000000000000000, 0.000000000000000000 ) ) ;
#986 = ORIENTED_EDGE ( 'NONE', *, *, #1496, .F. ) ;
#987 = VECTOR ( 'NONE', #1211, 1000.000000000000000 ) ;
#988 = EDGE_CURVE ( 'NONE', #1722, #124, #184, .T. ) ;
#989 = VERTEX_POINT ( 'NONE', #43 ) ;
#990 = AXIS2_PLACEMENT_3D ( 'NONE', #540, #1407, #1150 ) ;
#991 = DIRECTION ( 'NONE',  ( 0.000000000000000000, 0.000000000000000000, 1.000000000000000000 ) ) ;
#992 = VECTOR ( 'NONE', #1096, 1000.000000000000000 ) ;
#993 = DIRECTION ( 'NONE',  ( 0.000000000000000000, 1.000000000000000000, 0.000000000000000000 ) ) ;
#994 = AXIS2_PLACEMENT_3D ( 'NONE', #200, #352, #332 ) ;
#995 = CARTESIAN_POINT ( 'NONE',  ( 21.89983551919633342, 3.863727005727772390, -4.625000000000001776 ) ) ;
#996 = ORIENTED_EDGE ( 'NONE', *, *, #376, .T. ) ;
#997 = VERTEX_POINT ( 'NONE', #616 ) ;
#998 = VERTEX_POINT ( 'NONE', #1759 ) ;
#999 = EDGE_CURVE ( 'NONE', #1792, #846, #473, .T. ) ;
#1000 = CARTESIAN_POINT ( 'NONE',  ( 18.28326183958066053, 3.913509087185955249, -5.027109739229025820 ) ) ;
#1001 = CARTESIAN_POINT ( 'NONE',  ( 0.000000000000000000, 4.000000000000000000, 0.000000000000000000 ) ) ;
#1002 = DIRECTION ( 'NONE',  ( -0.000000000000000000, -1.000000000000000000, -0.000000000000000000 ) ) ;
#1003 = AXIS2_PLACEMENT_3D ( 'NONE', #206, #224, #337 ) ;
#1004 = CARTESIAN_POINT ( 'NONE',  ( -6.848665678146490521, 2.291969086445903692, -1.449535001051326821 ) ) ;
#1005 = ORIENTED_EDGE ( 'NONE', *, *, #891, .F. ) ;
#1006 = CIRCLE ( 'NONE', #1186, 2.000000000000000000 ) ;
#1007 = VERTEX_POINT ( 'NONE', #688 ) ;
#1008 = DIRECTION ( 'NONE',  ( 0.000000000000000000, 1.000000000000000000, 0.000000000000000000 ) ) ;
#1009 = ORIENTED_EDGE ( 'NONE', *, *, #131, .T. ) ;
#1010 = DIRECTION ( 'NONE',  ( 0.000000000000000000, 0.000000000000000000, -1.000000000000000000 ) ) ;
#1011 = DIRECTION ( 'NONE',  ( 0.000000000000000000, 0.000000000000000000, -1.000000000000000000 ) ) ;
#1012 = CARTESIAN_POINT ( 'NONE',  ( 21.88696934200453370, 3.920285891999542027, -4.665014389997524269 ) ) ;
#1013 = ORIENTED_EDGE ( 'NONE', *, *, #1053, .F. ) ;
#1014 = ORIENTED_EDGE ( 'NONE', *, *, #355, .F. ) ;
#1015 = CARTESIAN_POINT ( 'NONE',  ( -6.843756564667969064E-16, 4.000000000000000000, -5.999999999999982236 ) ) ;
#1016 = CARTESIAN_POINT ( 'NONE',  ( 13.90485826475169695, 0.5761083639017015035, 1.599999999999999645 ) ) ;
#1017 = ORIENTED_EDGE ( 'NONE', *, *, #1040, .F. ) ;
#1018 = DIRECTION ( 'NONE',  ( 0.000000000000000000, 1.000000000000000000, 0.000000000000000000 ) ) ;
#1019 = DIRECTION ( 'NONE',  ( 0.7071067811865463515, -0.7071067811865487940, -1.095209583345265498E-16 ) ) ;
#1020 = DIRECTION ( 'NONE',  ( -1.000000000000000000, 0.000000000000000000, 0.000000000000000000 ) ) ;
#1021 = AXIS2_PLACEMENT_3D ( 'NONE', #1489, #961, #652 ) ;
#1022 = CARTESIAN_POINT ( 'NONE',  ( 28.00000000000000000, 0.000000000000000000, -7.000000000000003553 ) ) ;
#1023 = EDGE_CURVE ( 'NONE', #997, #989, #1459, .T. ) ;
#1024 = VERTEX_POINT ( 'NONE', #559 ) ;
#1025 = VECTOR ( 'NONE', #109, 1000.000000000000000 ) ;
#1026 = ORIENTED_EDGE ( 'NONE', *, *, #1761, .T. ) ;
#1027 = CARTESIAN_POINT ( 'NONE',  ( 13.66537764133783384, 1.112866088177709711, 1.600000000000000089 ) ) ;
#1028 = CARTESIAN_POINT ( 'NONE',  ( 13.50681196946626628, 1.360214901377859498, -1.599999999999999423 ) ) ;
#1029 = DIRECTION ( 'NONE',  ( 0.000000000000000000, 0.000000000000000000, 1.000000000000000000 ) ) ;
#1030 = LINE ( 'NONE', #1593, #1345 ) ;
#1031 = ORIENTED_EDGE ( 'NONE', *, *, #769, .T. ) ;
#1032 = AXIS2_PLACEMENT_3D ( 'NONE', #1402, #129, #971 ) ;
#1033 = EDGE_CURVE ( 'NONE', #1157, #66, #45, .T. ) ;
#1034 = EDGE_CURVE ( 'NONE', #5, #1585, #1167, .T. ) ;
#1035 = CARTESIAN_POINT ( 'NONE',  ( 5.000000000000000888, 0.000000000000000000, 4.000000000000000000 ) ) ;
#1036 = LINE ( 'NONE', #36, #679 ) ;
#1037 = CARTESIAN_POINT ( 'NONE',  ( 0.000000000000000000, 3.799999999999999822, -4.800000000000001599 ) ) ;
#1038 = LINE ( 'NONE', #1602, #879 ) ;
#1039 = ORIENTED_EDGE ( 'NONE', *, *, #1829, .T. ) ;
#1040 = EDGE_CURVE ( 'NONE', #1844, #360, #1500, .T. ) ;
#1041 = CARTESIAN_POINT ( 'NONE',  ( 18.28326253074038021, 3.913409910963966176, 5.027101011559058641 ) ) ;
#1042 = DIRECTION ( 'NONE',  ( 1.000000000000000000, -0.000000000000000000, -0.000000000000000000 ) ) ;
#1043 = EDGE_CURVE ( 'NONE', #66, #1157, #1635, .T. ) ;
#1044 = LINE ( 'NONE', #1743, #767 ) ;
#1045 = DIRECTION ( 'NONE',  ( 0.000000000000000000, 1.000000000000000000, 0.000000000000000000 ) ) ;
#1046 = CARTESIAN_POINT ( 'NONE',  ( 6.732050807568879414, 3.799999999999999822, -5.000000000000000888 ) ) ;
#1047 = AXIS2_PLACEMENT_3D ( 'NONE', #1461, #608, #1187 ) ;
#1048 = VECTOR ( 'NONE', #1134, 1000.000000000000000 ) ;
#1049 = EDGE_LOOP ( 'NONE', ( #479, #782 ) ) ;
#1050 = ORIENTED_EDGE ( 'NONE', *, *, #1322, .T. ) ;
#1051 = SURFACE_STYLE_FILL_AREA ( #1335 ) ;
#1052 = CARTESIAN_POINT ( 'NONE',  ( 12.42382573053874850, 3.151855597799352537, 0.4485737277860193939 ) ) ;
#1053 = EDGE_CURVE ( 'NONE', #34, #648, #1140, .T. ) ;
#1054 = CARTESIAN_POINT ( 'NONE',  ( 20.00000000000000000, 0.000000000000000000, 5.099999999999999645 ) ) ;
#1055 = CARTESIAN_POINT ( 'NONE',  ( 0.000000000000000000, 1.599999999999999867, 0.000000000000000000 ) ) ;
#1056 = PRODUCT_RELATED_PRODUCT_CATEGORY ( 'part', '', ( #1570 ) ) ;
#1057 = CARTESIAN_POINT ( 'NONE',  ( -6.999999999999999112, 1.600000000000000089, 4.898587196589412829E-16 ) ) ;
#1058 = ORIENTED_EDGE ( 'NONE', *, *, #769, .F. ) ;
#1059 = AXIS2_PLACEMENT_3D ( 'NONE', #1001, #384, #1684 ) ;
#1060 = DIRECTION ( 'NONE',  ( 0.000000000000000000, 0.000000000000000000, 1.000000000000000000 ) ) ;
#1061 = AXIS2_PLACEMENT_3D ( 'NONE', #442, #155, #1306 ) ;
#1062 = CARTESIAN_POINT ( 'NONE',  ( 26.00000000000000355, 4.000000000000000000, 5.999999999999983125 ) ) ;
#1063 = ORIENTED_EDGE ( 'NONE', *, *, #1609, .T. ) ;
#1064 = VERTEX_POINT ( 'NONE', #1522 ) ;
#1065 = DIRECTION ( 'NONE',  ( -0.000000000000000000, 1.000000000000000000, -0.000000000000000000 ) ) ;
#1066 = EDGE_CURVE ( 'NONE', #909, #1792, #1779, .T. ) ;
#1067 = LINE ( 'NONE', #1243, #492 ) ;
#1068 = LINE ( 'NONE', #1647, #271 ) ;
#1069 = ORIENTED_EDGE ( 'NONE', *, *, #1112, .T. ) ;
#1070 = CYLINDRICAL_SURFACE ( 'NONE', #960, 0.1999999999999996503 ) ;
#1071 = CARTESIAN_POINT ( 'NONE',  ( 27.00000000000000711, 2.999999999999992895, 7.000000000000000000 ) ) ;
#1072 = EDGE_LOOP ( 'NONE', ( #59, #278, #1108, #929 ) ) ;
#1073 = CARTESIAN_POINT ( 'NONE',  ( 6.732050807568879414, 3.799999999999999822, 5.000000000000000888 ) ) ;
#1074 = DIRECTION ( 'NONE',  ( 0.000000000000000000, 1.000000000000000000, 0.000000000000000000 ) ) ;
#1075 = DIRECTION ( 'NONE',  ( -0.000000000000000000, -1.000000000000000000, -0.000000000000000000 ) ) ;
#1076 = AXIS2_PLACEMENT_3D ( 'NONE', #1632, #1645, #1616 ) ;
#1077 = EDGE_CURVE ( 'NONE', #1387, #1694, #260, .T. ) ;
#1078 = EDGE_LOOP ( 'NONE', ( #975, #1713, #514, #153 ) ) ;
#1079 = VECTOR ( 'NONE', #1126, 1000.000000000000000 ) ;
#1080 =( LENGTH_UNIT ( ) NAMED_UNIT ( * ) SI_UNIT ( .MILLI., .METRE. ) );
#1081 = CIRCLE ( 'NONE', #263, 1.099999999999999423 ) ;
#1082 = CARTESIAN_POINT ( 'NONE',  ( 12.44883042507979987, 3.102907737824188494, -0.5602335561589721902 ) ) ;
#1083 = EDGE_LOOP ( 'NONE', ( #453, #1098, #848, #183 ) ) ;
#1084 = ORIENTED_EDGE ( 'NONE', *, *, #1338, .T. ) ;
#1085 = FACE_OUTER_BOUND ( 'NONE', #1191, .T. ) ;
#1086 = CARTESIAN_POINT ( 'NONE',  ( 13.33725830020306802, 1.600000000000000977, -1.599999999999999201 ) ) ;
#1087 = DIRECTION ( 'NONE',  ( -1.000000000000000000, 0.000000000000000000, 0.000000000000000000 ) ) ;
#1088 = DIRECTION ( 'NONE',  ( 0.000000000000000000, 0.7071067811865439090, -0.7071067811865512365 ) ) ;
#1089 = ORIENTED_EDGE ( 'NONE', *, *, #1213, .F. ) ;
#1090 = CARTESIAN_POINT ( 'NONE',  ( -6.957010852370451026, 3.000000000000112355, -0.7745966692415879873 ) ) ;
#1091 = CARTESIAN_POINT ( 'NONE',  ( 12.39957786205437529, 3.200844274380588939, 0.2208792064169822766 ) ) ;
#1092 = ORIENTED_EDGE ( 'NONE', *, *, #735, .F. ) ;
#1093 = EDGE_CURVE ( 'NONE', #1387, #510, #227, .T. ) ;
#1094 = PLANE ( 'NONE',  #1775 ) ;
#1095 = VECTOR ( 'NONE', #777, 1000.000000000000000 ) ;
#1096 = DIRECTION ( 'NONE',  ( 1.000000000000000000, 0.000000000000000000, 0.000000000000000000 ) ) ;
#1097 = CYLINDRICAL_SURFACE ( 'NONE', #1492, 1.999999999999999112 ) ;
#1098 = ORIENTED_EDGE ( 'NONE', *, *, #1239, .F. ) ;
#1099 = CARTESIAN_POINT ( 'NONE',  ( 0.000000000000000000, 0.000000000000000000, 0.000000000000000000 ) ) ;
#1100 = ORIENTED_EDGE ( 'NONE', *, *, #805, .T. ) ;
#1101 = EDGE_CURVE ( 'NONE', #215, #877, #711, .T. ) ;
#1102 = DIRECTION ( 'NONE',  ( 0.000000000000000000, 0.000000000000000000, 1.000000000000000000 ) ) ;
#1103 = CARTESIAN_POINT ( 'NONE',  ( 20.00000000000000000, 3.799999999999999822, 0.000000000000000000 ) ) ;
#1104 = DIRECTION ( 'NONE',  ( -0.000000000000000000, 1.000000000000000000, -0.000000000000000000 ) ) ;
#1105 = ORIENTED_EDGE ( 'NONE', *, *, #7, .T. ) ;
#1106 = ORIENTED_EDGE ( 'NONE', *, *, #1431, .F. ) ;
#1107 = CARTESIAN_POINT ( 'NONE',  ( 20.00000000000000000, -6.056854249492380937, -2.000000000000000444 ) ) ;
#1108 = ORIENTED_EDGE ( 'NONE', *, *, #1418, .F. ) ;
#1109 = VECTOR ( 'NONE', #344, 1000.000000000000000 ) ;
#1110 = VECTOR ( 'NONE', #1349, 1000.000000000000000 ) ;
#1111 =( GEOMETRIC_REPRESENTATION_CONTEXT ( 3 ) GLOBAL_UNCERTAINTY_ASSIGNED_CONTEXT ( ( #1480 ) ) GLOBAL_UNIT_ASSIGNED_CONTEXT ( ( #1080, #481, #35 ) ) REPRESENTATION_CONTEXT ( 'NONE', 'WORKASPACE' ) );
#1112 = EDGE_CURVE ( 'NONE', #707, #1785, #1363, .T. ) ;
#1113 = DIRECTION ( 'NONE',  ( 0.000000000000000000, -0.000000000000000000, 1.000000000000000000 ) ) ;
#1114 = CARTESIAN_POINT ( 'NONE',  ( 0.000000000000000000, 3.799999999999999822, 4.800000000000001599 ) ) ;
#1115 = EDGE_CURVE ( 'NONE', #380, #583, #800, .T. ) ;
#1116 = VERTEX_POINT ( 'NONE', #1163 ) ;
#1117 = VERTEX_POINT ( 'NONE', #268 ) ;
#1118 = CARTESIAN_POINT ( 'NONE',  ( 3.213596913581252323, 3.619313354450182096, -4.900325263955361166 ) ) ;
#1119 = ORIENTED_EDGE ( 'NONE', *, *, #182, .F. ) ;
#1120 = ORIENTED_EDGE ( 'NONE', *, *, #1781, .T. ) ;
#1121 = DIRECTION ( 'NONE',  ( 0.000000000000000000, 1.000000000000000000, 0.000000000000000000 ) ) ;
#1122 = DIRECTION ( 'NONE',  ( 0.000000000000000000, 0.000000000000000000, 1.000000000000000000 ) ) ;
#1123 = CARTESIAN_POINT ( 'NONE',  ( 0.000000000000000000, 4.000000000000000000, 5.200000000000001066 ) ) ;
#1124 = VECTOR ( 'NONE', #187, 1000.000000000000000 ) ;
#1125 = ADVANCED_FACE ( 'NONE', ( #1533 ), #1144, .T. ) ;
#1126 = DIRECTION ( 'NONE',  ( 1.000000000000000000, -0.000000000000000000, -0.000000000000000000 ) ) ;
#1127 = CARTESIAN_POINT ( 'NONE',  ( 5.000000000000000888, 0.000000000000000000, 5.100000000000000533 ) ) ;
#1128 = EDGE_CURVE ( 'NONE', #253, #2, #452, .T. ) ;
#1129 = ORIENTED_EDGE ( 'NONE', *, *, #618, .F. ) ;
#1130 = CARTESIAN_POINT ( 'NONE',  ( 0.000000000000000000, 3.600000000000000089, 0.000000000000000000 ) ) ;
#1131 = EDGE_LOOP ( 'NONE', ( #1014, #1274, #82, #736 ) ) ;
#1132 = CARTESIAN_POINT ( 'NONE',  ( 21.96356818063442518, 3.600000000000000089, -4.380000000000002558 ) ) ;
#1133 = DIRECTION ( 'NONE',  ( -0.000000000000000000, 1.000000000000000000, -0.000000000000000000 ) ) ;
#1134 = DIRECTION ( 'NONE',  ( 1.000000000000000000, -0.000000000000000000, -0.000000000000000000 ) ) ;
#1135 = CARTESIAN_POINT ( 'NONE',  ( 20.00000000000000000, 1.599999999999999867, -4.000000000000000000 ) ) ;
#1136 = ORIENTED_EDGE ( 'NONE', *, *, #330, .T. ) ;
#1137 = EDGE_CURVE ( 'NONE', #909, #1798, #554, .T. ) ;
#1138 = B_SPLINE_CURVE_WITH_KNOTS ( 'NONE', 3,
 ( #209, #515, #1118, #966, #1527, #1678 ),
 .UNSPECIFIED., .F., .F.,
 ( 4, 2, 4 ),
 ( 0.000000000000000000, 0.0001654872759056855830, 0.0003309745518113711661 ),
 .UNSPECIFIED. ) ;
#1139 = ORIENTED_EDGE ( 'NONE', *, *, #1033, .T. ) ;
#1140 = CIRCLE ( 'NONE', #1173, 1.100000000000000311 ) ;
#1141 = CARTESIAN_POINT ( 'NONE',  ( 18.39999999999999858, 4.000000000000000000, -5.200000000000001066 ) ) ;
#1142 = B_SPLINE_CURVE_WITH_KNOTS ( 'NONE', 3,
 ( #436, #415, #1027, #1301, #1016, #4, #306, #575 ),
 .UNSPECIFIED., .F., .F.,
 ( 4, 2, 2, 4 ),
 ( -0.0008673302788450732576, 4.578586003982517381E-06, 0.0004405330184285112180, 0.0008764874508530402439 ),
 .UNSPECIFIED. ) ;
#1143 = CARTESIAN_POINT ( 'NONE',  ( 0.000000000000000000, 0.000000000000000000, 7.000000000000000000 ) ) ;
#1144 = PLANE ( 'NONE',  #1229 ) ;
#1145 = LINE ( 'NONE', #1822, #241 ) ;
#1146 = ORIENTED_EDGE ( 'NONE', *, *, #1855, .T. ) ;
#1147 = CARTESIAN_POINT ( 'NONE',  ( 20.00000000000000000, 0.000000000000000000, -4.000000000000000000 ) ) ;
#1148 = ADVANCED_FACE ( 'NONE', ( #694 ), #276, .F. ) ;
#1149 = ORIENTED_EDGE ( 'NONE', *, *, #691, .T. ) ;
#1150 = DIRECTION ( 'NONE',  ( 0.000000000000000000, -0.000000000000000000, 1.000000000000000000 ) ) ;
#1151 = ORIENTED_EDGE ( 'NONE', *, *, #7, .F. ) ;
#1152 = DIRECTION ( 'NONE',  ( 0.000000000000000000, 1.000000000000000000, 0.000000000000000000 ) ) ;
#1153 = CARTESIAN_POINT ( 'NONE',  ( 0.000000000000000000, 4.000000000000000000, 0.000000000000000000 ) ) ;
#1154 = DIRECTION ( 'NONE',  ( 0.000000000000000000, 0.000000000000000000, 1.000000000000000000 ) ) ;
#1155 = ORIENTED_EDGE ( 'NONE', *, *, #1093, .T. ) ;
#1156 = CARTESIAN_POINT ( 'NONE',  ( 5.000000000000000888, 0.000000000000000000, 4.000000000000000000 ) ) ;
#1157 = VERTEX_POINT ( 'NONE', #248 ) ;
#1158 = CARTESIAN_POINT ( 'NONE',  ( -6.814690014960326891, 6.875503885280622960E-16, -1.600000000000000089 ) ) ;
#1159 = ORIENTED_EDGE ( 'NONE', *, *, #33, .F. ) ;
#1160 = CARTESIAN_POINT ( 'NONE',  ( 13.33725830020306802, 1.600000000000000977, -1.599999999999999201 ) ) ;
#1161 = EDGE_CURVE ( 'NONE', #1785, #412, #1271, .T. ) ;
#1162 = FACE_OUTER_BOUND ( 'NONE', #1439, .T. ) ;
#1163 = CARTESIAN_POINT ( 'NONE',  ( 28.00000000000000000, 1.999999999999994893, -7.000000000000003553 ) ) ;
#1164 = ORIENTED_EDGE ( 'NONE', *, *, #41, .T. ) ;
#1165 = ORIENTED_EDGE ( 'NONE', *, *, #792, .T. ) ;
#1166 = SHAPE_DEFINITION_REPRESENTATION ( #1521, #766 ) ;
#1167 = LINE ( 'NONE', #1768, #342 ) ;
#1168 = DIRECTION ( 'NONE',  ( 1.000000000000000000, -0.000000000000000000, -0.000000000000000000 ) ) ;
#1169 = AXIS2_PLACEMENT_3D ( 'NONE', #882, #871, #1310 ) ;
#1170 = CARTESIAN_POINT ( 'NONE',  ( 20.00000000000000000, 1.599999999999999867, -4.000000000000000000 ) ) ;
#1171 = CIRCLE ( 'NONE', #462, 2.000000000000000000 ) ;
#1172 = DIRECTION ( 'NONE',  ( 1.000000000000000000, -0.000000000000000000, 0.000000000000000000 ) ) ;
#1173 = AXIS2_PLACEMENT_3D ( 'NONE', #644, #1382, #934 ) ;
#1174 = FACE_OUTER_BOUND ( 'NONE', #1131, .T. ) ;
#1175 = ORIENTED_EDGE ( 'NONE', *, *, #454, .T. ) ;
#1176 =( NAMED_UNIT ( * ) PLANE_ANGLE_UNIT ( ) SI_UNIT ( $, .RADIAN. ) );
#1177 = DIRECTION ( 'NONE',  ( 0.000000000000000000, 0.000000000000000000, 1.000000000000000000 ) ) ;
#1178 = CARTESIAN_POINT ( 'NONE',  ( 14.00000000000001243, 0.000000000000000000, -1.600000000000000089 ) ) ;
#1179 = CYLINDRICAL_SURFACE ( 'NONE', #893, 2.000000000000000444 ) ;
#1180 = CARTESIAN_POINT ( 'NONE',  ( 0.000000000000000000, 4.000000000000000000, 5.200000000000001066 ) ) ;
#1181 = ADVANCED_FACE ( 'NONE', ( #701 ), #105, .T. ) ;
#1182 = DIRECTION ( 'NONE',  ( 0.5773502691896224004, -0.5773502691896243988, 0.5773502691896305050 ) ) ;
#1183 = EDGE_CURVE ( 'NONE', #1024, #282, #1277, .T. ) ;
#1184 = EDGE_LOOP ( 'NONE', ( #498, #1273, #313, #471, #119, #1263 ) ) ;
#1185 = DIRECTION ( 'NONE',  ( -1.000000000000000000, 0.000000000000000000, 0.000000000000000000 ) ) ;
#1186 = AXIS2_PLACEMENT_3D ( 'NONE', #1341, #1074, #57 ) ;
#1187 = DIRECTION ( 'NONE',  ( 0.000000000000000000, -0.000000000000000000, -1.000000000000000000 ) ) ;
#1188 = DIRECTION ( 'NONE',  ( -0.000000000000000000, 1.000000000000000000, -0.000000000000000000 ) ) ;
#1189 = DIRECTION ( 'NONE',  ( 0.000000000000000000, -0.000000000000000000, 1.000000000000000000 ) ) ;
#1190 = FACE_OUTER_BOUND ( 'NONE', #1669, .T. ) ;
#1191 = EDGE_LOOP ( 'NONE', ( #937, #443 ) ) ;
#1192 = ADVANCED_FACE ( 'NONE', ( #1847 ), #852, .T. ) ;
#1193 = CARTESIAN_POINT ( 'NONE',  ( 18.26794919243112858, 3.800000000003822098, 5.000000000000000888 ) ) ;
#1194 = FACE_OUTER_BOUND ( 'NONE', #1641, .T. ) ;
#1195 = AXIS2_PLACEMENT_3D ( 'NONE', #904, #1736, #37 ) ;
#1196 = DIRECTION ( 'NONE',  ( -0.000000000000000000, 1.000000000000000000, -0.000000000000000000 ) ) ;
#1197 = DIRECTION ( 'NONE',  ( 0.000000000000000000, 0.000000000000000000, -1.000000000000000000 ) ) ;
#1198 = AXIS2_PLACEMENT_3D ( 'NONE', #797, #325, #912 ) ;
#1199 = VECTOR ( 'NONE', #1821, 1000.000000000000000 ) ;
#1200 = ORIENTED_EDGE ( 'NONE', *, *, #1270, .T. ) ;
#1201 = AXIS2_PLACEMENT_3D ( 'NONE', #1099, #242, #656 ) ;
#1202 = CARTESIAN_POINT ( 'NONE',  ( 12.00000000000000000, 0.000000000000000000, 0.000000000000000000 ) ) ;
#1203 = CARTESIAN_POINT ( 'NONE',  ( 3.400000000000000355, 4.000000000000000000, -5.200000000000001066 ) ) ;
#1204 = ADVANCED_FACE ( 'NONE', ( #1262 ), #564, .F. ) ;
#1205 = VERTEX_POINT ( 'NONE', #145 ) ;
#1206 = CARTESIAN_POINT ( 'NONE',  ( 20.00000000000000000, 4.000000000000000000, 0.000000000000000000 ) ) ;
#1207 = CARTESIAN_POINT ( 'NONE',  ( 0.000000000000000000, 3.799999999999999822, -5.200000000000001066 ) ) ;
#1208 = DIRECTION ( 'NONE',  ( 0.000000000000000000, 1.000000000000000000, 0.000000000000000000 ) ) ;
#1209 = ORIENTED_EDGE ( 'NONE', *, *, #1360, .T. ) ;
#1210 = CIRCLE ( 'NONE', #1556, 1.099999999999999423 ) ;
#1211 = DIRECTION ( 'NONE',  ( -1.000000000000000000, 0.000000000000000000, 0.000000000000000000 ) ) ;
#1212 = AXIS2_PLACEMENT_3D ( 'NONE', #860, #1152, #419 ) ;
#1213 = EDGE_CURVE ( 'NONE', #1535, #1441, #1298, .T. ) ;
#1214 = CARTESIAN_POINT ( 'NONE',  ( 6.786403086418747677, 3.619313354450182985, 4.900325263955365607 ) ) ;
#1215 = CARTESIAN_POINT ( 'NONE',  ( -6.957010852370432374, 3.000000000000083489, 0.7745966692415569010 ) ) ;
#1216 = VERTEX_POINT ( 'NONE', #259 ) ;
#1217 = ORIENTED_EDGE ( 'NONE', *, *, #394, .T. ) ;
#1218 = CARTESIAN_POINT ( 'NONE',  ( 0.000000000000000000, 4.000000000000000000, 0.000000000000000000 ) ) ;
#1219 = CARTESIAN_POINT ( 'NONE',  ( 12.52230172884237192, 2.959721910242813614, 0.8502440411215439475 ) ) ;
#1220 = ORIENTED_EDGE ( 'NONE', *, *, #406, .T. ) ;
#1221 = CARTESIAN_POINT ( 'NONE',  ( 26.00000000000000355, 4.000000000000000000, 5.999999999999983125 ) ) ;
#1222 = CARTESIAN_POINT ( 'NONE',  ( 20.00000000000000000, 3.600000000000000089, 0.000000000000000000 ) ) ;
#1223 = CARTESIAN_POINT ( 'NONE',  ( -6.814690014960328668, 1.887876164297833670, 1.600000000000000089 ) ) ;
#1224 = EDGE_CURVE ( 'NONE', #116, #1064, #15, .T. ) ;
#1225 = CIRCLE ( 'NONE', #312, 1.999999999999999112 ) ;
#1226 = AXIS2_PLACEMENT_3D ( 'NONE', #416, #1845, #1010 ) ;
#1227 = ORIENTED_EDGE ( 'NONE', *, *, #693, .T. ) ;
#1228 = ADVANCED_FACE ( 'NONE', ( #1611, #610 ), #1447, .T. ) ;
#1229 = AXIS2_PLACEMENT_3D ( 'NONE', #1153, #553, #420 ) ;
#1230 = CARTESIAN_POINT ( 'NONE',  ( 5.000000000000000888, 0.000000000000000000, 5.100000000000000533 ) ) ;
#1231 = CARTESIAN_POINT ( 'NONE',  ( 13.08130568718767073, 1.978500923323943672, 1.567061694247470882 ) ) ;
#1232 = B_SPLINE_CURVE_WITH_KNOTS ( 'NONE', 3,
 ( #1276, #520, #1836, #409, #284, #850 ),
 .UNSPECIFIED., .F., .F.,
 ( 4, 2, 4 ),
 ( 0.000000000000000000, 0.0001726273325483634522, 0.0003452546650967269043 ),
 .UNSPECIFIED. ) ;
#1233 = ORIENTED_EDGE ( 'NONE', *, *, #1496, .T. ) ;
#1234 = B_SPLINE_CURVE_WITH_KNOTS ( 'NONE', 3,
 ( #702, #1831, #1, #277, #1004, #713, #249, #1848, #1838, #565 ),
 .UNSPECIFIED., .F., .F.,
 ( 4, 2, 2, 2, 4 ),
 ( 0.000000000000000000, 0.0004256935599970419477, 0.0008513871199940832449, 0.001277080679991124488, 0.001702774239988165839 ),
 .UNSPECIFIED. ) ;
#1235 = CARTESIAN_POINT ( 'NONE',  ( -8.392616811075859025E-16, 4.000000000000000000, -6.999999999999999112 ) ) ;
#1236 = DIRECTION ( 'NONE',  ( 0.000000000000000000, 0.000000000000000000, 1.000000000000000000 ) ) ;
#1237 = EDGE_CURVE ( 'NONE', #954, #877, #586, .T. ) ;
#1238 = ORIENTED_EDGE ( 'NONE', *, *, #149, .T. ) ;
#1239 = EDGE_CURVE ( 'NONE', #480, #1441, #138, .T. ) ;
#1240 = LINE ( 'NONE', #98, #1780 ) ;
#1241 = CIRCLE ( 'NONE', #328, 1.099999999999999423 ) ;
#1242 = CARTESIAN_POINT ( 'NONE',  ( 5.000000000000000888, 1.599999999999999867, 4.000000000000000000 ) ) ;
#1243 = CARTESIAN_POINT ( 'NONE',  ( 5.000000000000000888, -6.056854249492380937, -6.000000000000000000 ) ) ;
#1244 = CARTESIAN_POINT ( 'NONE',  ( 6.600000000000000533, 4.000000000000000000, 5.200000000000001066 ) ) ;
#1245 = DIRECTION ( 'NONE',  ( 0.000000000000000000, 0.000000000000000000, 1.000000000000000000 ) ) ;
#1246 = EDGE_LOOP ( 'NONE', ( #658, #1689, #189, #1469 ) ) ;
#1247 = ORIENTED_EDGE ( 'NONE', *, *, #1494, .F. ) ;
#1248 = LINE ( 'NONE', #1514, #899 ) ;
#1249 = ORIENTED_EDGE ( 'NONE', *, *, #1385, .T. ) ;
#1250 = EDGE_CURVE ( 'NONE', #878, #412, #681, .T. ) ;
#1251 = LINE ( 'NONE', #1309, #588 ) ;
#1252 = CARTESIAN_POINT ( 'NONE',  ( 5.000000000000000888, 3.600000000000000089, 1.999999999999999556 ) ) ;
#1253 = ORIENTED_EDGE ( 'NONE', *, *, #1732, .T. ) ;
#1254 = EDGE_LOOP ( 'NONE', ( #1544, #845, #714, #1640, #1677, #1151, #836, #1528, #297, #1256, #1136, #1069, #262, #1383 ) ) ;
#1255 = DIRECTION ( 'NONE',  ( 0.000000000000000000, 0.000000000000000000, 1.000000000000000000 ) ) ;
#1256 = ORIENTED_EDGE ( 'NONE', *, *, #1466, .F. ) ;
#1257 = VECTOR ( 'NONE', #1481, 1000.000000000000000 ) ;
#1258 = EDGE_CURVE ( 'NONE', #286, #116, #186, .T. ) ;
#1259 = CONICAL_SURFACE ( 'NONE', #1642, 5.999999999999982236, 0.7853981633974533860 ) ;
#1260 = DIRECTION ( 'NONE',  ( -0.000000000000000000, -1.000000000000000000, -0.000000000000000000 ) ) ;
#1261 = DIRECTION ( 'NONE',  ( 0.000000000000000000, 0.000000000000000000, -1.000000000000000000 ) ) ;
#1262 = FACE_OUTER_BOUND ( 'NONE', #298, .T. ) ;
#1263 = ORIENTED_EDGE ( 'NONE', *, *, #113, .F. ) ;
#1264 = ORIENTED_EDGE ( 'NONE', *, *, #1237, .F. ) ;
#1265 = PLANE ( 'NONE',  #1729 ) ;
#1266 = ORIENTED_EDGE ( 'NONE', *, *, #517, .F. ) ;
#1267 = CARTESIAN_POINT ( 'NONE',  ( 21.91168013314795715, 3.685671677556956016, -4.589792089227157312 ) ) ;
#1268 = VECTOR ( 'NONE', #496, 1000.000000000000114 ) ;
#1269 = DIRECTION ( 'NONE',  ( 0.000000000000000000, 0.000000000000000000, 1.000000000000000000 ) ) ;
#1270 = EDGE_CURVE ( 'NONE', #1337, #253, #1464, .T. ) ;
#1271 = LINE ( 'NONE', #1539, #464 ) ;
#1272 = DIRECTION ( 'NONE',  ( 0.000000000000000000, 1.000000000000000000, 0.000000000000000000 ) ) ;
#1273 = ORIENTED_EDGE ( 'NONE', *, *, #561, .F. ) ;
#1274 = ORIENTED_EDGE ( 'NONE', *, *, #454, .F. ) ;
#1275 = CARTESIAN_POINT ( 'NONE',  ( 28.00000000000000000, 0.000000000000000000, 1.600000000000000089 ) ) ;
#1276 = CARTESIAN_POINT ( 'NONE',  ( 3.267949192431124583, 3.799999999999999822, 5.000000000000000888 ) ) ;
#1277 = LINE ( 'NONE', #1559, #1199 ) ;
#1278 = ADVANCED_FACE ( 'NONE', ( #756 ), #1331, .F. ) ;
#1279 = EDGE_LOOP ( 'NONE', ( #1803, #1622, #1806, #1371, #1560, #322, #1026 ) ) ;
#1280 = APPLICATION_PROTOCOL_DEFINITION ( 'draft international standard', 'automotive_design', 1998, #861 ) ;
#1281 = EDGE_CURVE ( 'NONE', #5, #944, #458, .T. ) ;
#1282 = ORIENTED_EDGE ( 'NONE', *, *, #963, .T. ) ;
#1283 = PLANE ( 'NONE',  #1226 ) ;
#1284 = AXIS2_PLACEMENT_3D ( 'NONE', #862, #1429, #532 ) ;
#1285 = CARTESIAN_POINT ( 'NONE',  ( 21.84867574973911530, 3.986239751483224403, 4.765008495197516680 ) ) ;
#1286 = AXIS2_PLACEMENT_3D ( 'NONE', #140, #969, #719 ) ;
#1287 = DIRECTION ( 'NONE',  ( 0.000000000000000000, 5.421010862427522170E-16, -1.000000000000000000 ) ) ;
#1288 = VERTEX_POINT ( 'NONE', #914 ) ;
#1289 = ORIENTED_EDGE ( 'NONE', *, *, #838, .F. ) ;
#1290 = CARTESIAN_POINT ( 'NONE',  ( 18.25363144085489964, 3.691200633673804798, -4.975714314598374877 ) ) ;
#1291 = B_SPLINE_CURVE_WITH_KNOTS ( 'NONE', 3,
 ( #1530, #299, #567, #1673, #1852, #1577 ),
 .UNSPECIFIED., .F., .F.,
 ( 4, 2, 4 ),
 ( 0.0003431095735621142234, 0.0005205195513995309557, 0.0006979295292369477963 ),
 .UNSPECIFIED. ) ;
#1292 = ORIENTED_EDGE ( 'NONE', *, *, #1583, .T. ) ;
#1293 = ADVANCED_FACE ( 'NONE', ( #38 ), #327, .T. ) ;
#1294 = CARTESIAN_POINT ( 'NONE',  ( 20.00000000000000000, 1.599999999999999867, 4.000000000000000000 ) ) ;
#1295 = DIRECTION ( 'NONE',  ( 0.000000000000000000, 0.000000000000000000, 1.000000000000000000 ) ) ;
#1296 = DIRECTION ( 'NONE',  ( 0.000000000000000000, 0.7071067811865512365, 0.7071067811865437980 ) ) ;
#1297 = VECTOR ( 'NONE', #1133, 1000.000000000000000 ) ;
#1298 = LINE ( 'NONE', #1857, #1079 ) ;
#1299 = CARTESIAN_POINT ( 'NONE',  ( -8.392616811075859025E-16, 0.000000000000000000, -6.999999999999999112 ) ) ;
#1300 = VERTEX_POINT ( 'NONE', #1754 ) ;
#1301 = CARTESIAN_POINT ( 'NONE',  ( 13.85254916908979261, 0.7123982182346485503, 1.599999999999999645 ) ) ;
#1302 = EDGE_LOOP ( 'NONE', ( #97, #1613, #24, #612 ) ) ;
#1303 = FACE_OUTER_BOUND ( 'NONE', #1072, .T. ) ;
#1304 = ADVANCED_FACE ( 'NONE', ( #1472, #1738 ), #580, .T. ) ;
#1305 = DIRECTION ( 'NONE',  ( -0.7071067811865463515, 0.7071067811865487940, 0.000000000000000000 ) ) ;
#1306 = DIRECTION ( 'NONE',  ( -1.000000000000000000, 0.000000000000000000, -0.000000000000000000 ) ) ;
#1307 = ORIENTED_EDGE ( 'NONE', *, *, #963, .F. ) ;
#1308 = ORIENTED_EDGE ( 'NONE', *, *, #654, .F. ) ;
#1309 = CARTESIAN_POINT ( 'NONE',  ( 0.000000000000000000, 3.799999999999999822, -5.000000000000000888 ) ) ;
#1310 = DIRECTION ( 'NONE',  ( 0.000000000000000000, -0.000000000000000000, 1.000000000000000000 ) ) ;
#1311 = CIRCLE ( 'NONE', #1334, 1.999999999999999112 ) ;
#1312 = ADVANCED_FACE ( 'NONE', ( #594 ), #450, .F. ) ;
#1313 = CARTESIAN_POINT ( 'NONE',  ( 26.00000000000000355, 4.000000000000000000, 7.000000000000000000 ) ) ;
#1314 = VECTOR ( 'NONE', #526, 1000.000000000000000 ) ;
#1315 = CARTESIAN_POINT ( 'NONE',  ( 24.00000000000000355, 6.000000000000005329, 3.999999999999956035 ) ) ;
#1316 = FACE_OUTER_BOUND ( 'NONE', #1083, .T. ) ;
#1317 = DIRECTION ( 'NONE',  ( 0.000000000000000000, 0.000000000000000000, 1.000000000000000000 ) ) ;
#1318 = CARTESIAN_POINT ( 'NONE',  ( 20.00000000000000000, 0.000000000000000000, -4.000000000000000000 ) ) ;
#1319 = UNCERTAINTY_MEASURE_WITH_UNIT (LENGTH_MEASURE( 1.000000000000000082E-05 ), #1586, 'distance_accuracy_value', 'NONE');
#1320 = DIRECTION ( 'NONE',  ( -1.000000000000000000, -0.000000000000000000, -0.000000000000000000 ) ) ;
#1321 = DIRECTION ( 'NONE',  ( -0.000000000000000000, -1.000000000000000000, -0.000000000000000000 ) ) ;
#1322 = EDGE_CURVE ( 'NONE', #380, #1300, #1778, .T. ) ;
#1323 = DIRECTION ( 'NONE',  ( 0.000000000000000000, 1.000000000000000000, 0.000000000000000000 ) ) ;
#1324 = CARTESIAN_POINT ( 'NONE',  ( 0.000000000000000000, 4.000000000000000000, 5.999999999999983125 ) ) ;
#1325 = CARTESIAN_POINT ( 'NONE',  ( 3.166969722017664690, 3.600000000000000089, 4.800000000000001599 ) ) ;
#1326 = CARTESIAN_POINT ( 'NONE',  ( 28.00000000000000000, 0.000000000000000000, 7.000000000000000000 ) ) ;
#1327 = ORIENTED_EDGE ( 'NONE', *, *, #1629, .F. ) ;
#1328 = FILL_AREA_STYLE_COLOUR ( '', #1671 ) ;
#1329 = DIRECTION ( 'NONE',  ( 0.000000000000000000, 0.000000000000000000, -1.000000000000000000 ) ) ;
#1330 = DIRECTION ( 'NONE',  ( 0.000000000000000000, 0.000000000000000000, -1.000000000000000000 ) ) ;
#1331 = PLANE ( 'NONE',  #345 ) ;
#1332 = CARTESIAN_POINT ( 'NONE',  ( 12.00000000000000000, 0.000000000000000000, 1.600000000000000089 ) ) ;
#1333 = CIRCLE ( 'NONE', #1542, 1.999999999999999112 ) ;
#1334 = AXIS2_PLACEMENT_3D ( 'NONE', #357, #1507, #64 ) ;
#1335 = FILL_AREA_STYLE ('',( #1328 ) ) ;
#1336 = CARTESIAN_POINT ( 'NONE',  ( 12.62741673775498619, 2.760759480465712290, 1.106300032227594210 ) ) ;
#1337 = VERTEX_POINT ( 'NONE', #1582 ) ;
#1338 = EDGE_CURVE ( 'NONE', #1652, #111, #295, .T. ) ;
#1339 = CARTESIAN_POINT ( 'NONE',  ( 0.000000000000000000, 3.799999999999999822, -4.800000000000001599 ) ) ;
#1340 = CARTESIAN_POINT ( 'NONE',  ( 6.810645993369125684, 3.599999999999999645, 4.851288839308741885 ) ) ;
#1341 = CARTESIAN_POINT ( 'NONE',  ( 5.000000000000000888, 4.000000000000000000, 4.000000000000000000 ) ) ;
#1342 = ORIENTED_EDGE ( 'NONE', *, *, #1554, .T. ) ;
#1343 = B_SPLINE_CURVE_WITH_KNOTS ( 'NONE', 3,
 ( #1160, #456, #721, #1718, #426, #1580, #53, #1082, #191, #1366, #482, #1091, #1052, #626, #1219, #928, #1336, #1353, #501, #772, #68, #1231, #1764, #1651 ),
 .UNSPECIFIED., .F., .F.,
 ( 4, 2, 2, 2, 2, 2, 2, 2, 2, 2, 2, 4 ),
 ( 0.000000000000000000, 0.0006776965553170224933, 0.001355393110634044987, 0.002033089665951067805, 0.002371937943609579540, 0.002710786221268091274, 0.003388482776585115177, 0.003727331054243626478, 0.004066179331902139080, 0.004405027609560650814, 0.004743875887219162549, 0.005421572442536185150 ),
 .UNSPECIFIED. ) ;
#1344 = CARTESIAN_POINT ( 'NONE',  ( 19.50000000000000000, 0.000000000000000000, 0.000000000000000000 ) ) ;
#1345 = VECTOR ( 'NONE', #303, 1000.000000000000000 ) ;
#1346 = FACE_OUTER_BOUND ( 'NONE', #562, .T. ) ;
#1347 = ORIENTED_EDGE ( 'NONE', *, *, #569, .T. ) ;
#1348 = EDGE_CURVE ( 'NONE', #997, #111, #47, .T. ) ;
#1349 = DIRECTION ( 'NONE',  ( 1.000000000000000000, 0.000000000000000000, 0.000000000000000000 ) ) ;
#1350 = CARTESIAN_POINT ( 'NONE',  ( -6.814690014960326891, 1.599999999999999645, 1.600000000000000089 ) ) ;
#1351 = ORIENTED_EDGE ( 'NONE', *, *, #1554, .F. ) ;
#1352 = DIRECTION ( 'NONE',  ( 0.000000000000000000, -0.000000000000000000, 1.000000000000000000 ) ) ;
#1353 = CARTESIAN_POINT ( 'NONE',  ( 12.71276106361065317, 2.604477425723046746, 1.249914970712249884 ) ) ;
#1354 = ORIENTED_EDGE ( 'NONE', *, *, #1034, .T. ) ;
#1355 = CARTESIAN_POINT ( 'NONE',  ( 5.000000000000000888, 4.000000000000000000, 4.000000000000000000 ) ) ;
#1356 = EDGE_CURVE ( 'NONE', #1769, #1630, #1727, .T. ) ;
#1357 = DIRECTION ( 'NONE',  ( 0.000000000000000000, 0.000000000000000000, 1.000000000000000000 ) ) ;
#1358 = CARTESIAN_POINT ( 'NONE',  ( 13.33725830020306979, 1.599999999999999645, 1.600000000000000089 ) ) ;
#1359 = CIRCLE ( 'NONE', #579, 2.000000000000000000 ) ;
#1360 = EDGE_CURVE ( 'NONE', #1216, #163, #1800, .T. ) ;
#1361 = VECTOR ( 'NONE', #801, 1000.000000000000000 ) ;
#1362 = ORIENTED_EDGE ( 'NONE', *, *, #1851, .F. ) ;
#1363 = CIRCLE ( 'NONE', #615, 4.800000000000001599 ) ;
#1364 = LINE ( 'NONE', #361, #347 ) ;
#1365 = PRESENTATION_LAYER_ASSIGNMENT (  '', '', ( #437 ) ) ;
#1366 = CARTESIAN_POINT ( 'NONE',  ( 12.40663909860079706, 3.186689259672943031, -0.2346474221425206841 ) ) ;
#1367 = FACE_OUTER_BOUND ( 'NONE', #1279, .T. ) ;
#1368 = LINE ( 'NONE', #367, #1257 ) ;
#1369 = CARTESIAN_POINT ( 'NONE',  ( 20.00000000000000000, 0.000000000000000000, 2.900000000000000799 ) ) ;
#1370 = EDGE_CURVE ( 'NONE', #729, #1064, #139, .T. ) ;
#1371 = ORIENTED_EDGE ( 'NONE', *, *, #758, .T. ) ;
#1372 = ORIENTED_EDGE ( 'NONE', *, *, #365, .F. ) ;
#1373 = CARTESIAN_POINT ( 'NONE',  ( 0.000000000000000000, 3.600000000000000089, 4.800000000000001599 ) ) ;
#1374 = EDGE_CURVE ( 'NONE', #1844, #13, #1762, .T. ) ;
#1375 = ORIENTED_EDGE ( 'NONE', *, *, #509, .T. ) ;
#1376 = AXIS2_PLACEMENT_3D ( 'NONE', #1428, #274, #1710 ) ;
#1377 = CLOSED_SHELL ( 'NONE', ( #543, #466, #251, #916, #418, #640, #572, #984, #1181, #851, #1536, #1700, #1293, #170, #499, #951, #1597, #531, #1675, #1695, #1711, #1192, #203, #1278, #924, #1125, #749, #1574, #172, #1204, #1148, #1653, #1506, #818, #905, #1807, #774, #476, #1557, #287, #781, #880, #948, #432, #1445, #1312, #363, #76, #643, #978, #226, #181, #1304, #1719, #1228, #716 ) ) ;
#1378 = CARTESIAN_POINT ( 'NONE',  ( 21.93814046959792918, 3.617145577581316829, -4.495970926662293365 ) ) ;
#1379 = DIRECTION ( 'NONE',  ( -0.000000000000000000, -1.000000000000000000, -0.000000000000000000 ) ) ;
#1380 = CIRCLE ( 'NONE', #1376, 1.100000000000000311 ) ;
#1381 = DIRECTION ( 'NONE',  ( 0.000000000000000000, 0.000000000000000000, 1.000000000000000000 ) ) ;
#1382 = DIRECTION ( 'NONE',  ( 0.000000000000000000, 1.000000000000000000, 0.000000000000000000 ) ) ;
#1383 = ORIENTED_EDGE ( 'NONE', *, *, #41, .F. ) ;
#1384 = EDGE_LOOP ( 'NONE', ( #1106, #856, #349, #1105, #1805, #1155, #1149 ) ) ;
#1385 = EDGE_CURVE ( 'NONE', #1216, #545, #1311, .T. ) ;
#1386 = CARTESIAN_POINT ( 'NONE',  ( 6.600000000000000533, 4.000000000000000000, -5.200000000000001066 ) ) ;
#1387 = VERTEX_POINT ( 'NONE', #477 ) ;
#1388 = DIRECTION ( 'NONE',  ( -1.000000000000000000, 0.000000000000000000, 0.000000000000000000 ) ) ;
#1389 = CARTESIAN_POINT ( 'NONE',  ( 21.89983551920431637, 3.863635264476626308, 4.624999999975754505 ) ) ;
#1390 = CARTESIAN_POINT ( 'NONE',  ( 6.732050807568891848, 3.858647194959659465, 4.999999999999999112 ) ) ;
#1391 = ORIENTED_EDGE ( 'NONE', *, *, #1794, .F. ) ;
#1392 = VECTOR ( 'NONE', #609, 1000.000000000000000 ) ;
#1393 = EDGE_LOOP ( 'NONE', ( #1813, #1853, #566, #865, #1672 ) ) ;
#1394 = TOROIDAL_SURFACE ( 'NONE', #1579, 4.800000000000001599, 0.2000000000000000111 ) ;
#1395 = CARTESIAN_POINT ( 'NONE',  ( 28.00000000000000000, 0.000000000000000000, -1.600000000000000089 ) ) ;
#1396 = ORIENTED_EDGE ( 'NONE', *, *, #273, .T. ) ;
#1397 = CIRCLE ( 'NONE', #584, 2.000000000000000444 ) ;
#1398 = CIRCLE ( 'NONE', #1699, 2.000000000000000444 ) ;
#1399 = EDGE_CURVE ( 'NONE', #1024, #675, #1545, .T. ) ;
#1400 = CARTESIAN_POINT ( 'NONE',  ( 21.89983551919633697, 3.799999999999999822, -4.625000000000000888 ) ) ;
#1401 = CIRCLE ( 'NONE', #590, 1.100000000000000311 ) ;
#1402 = CARTESIAN_POINT ( 'NONE',  ( 0.000000000000000000, 3.799999999999999822, 5.200000000000001066 ) ) ;
#1403 = DIRECTION ( 'NONE',  ( 0.000000000000000000, 0.000000000000000000, 1.000000000000000000 ) ) ;
#1404 = DIRECTION ( 'NONE',  ( -0.000000000000000000, -1.000000000000000000, -0.000000000000000000 ) ) ;
#1405 = ORIENTED_EDGE ( 'NONE', *, *, #1618, .T. ) ;
#1406 = VERTEX_POINT ( 'NONE', #1663 ) ;
#1407 = DIRECTION ( 'NONE',  ( 0.000000000000000000, 1.000000000000000000, 0.000000000000000000 ) ) ;
#1408 = VECTOR ( 'NONE', #670, 1000.000000000000000 ) ;
#1409 = DIRECTION ( 'NONE',  ( 0.000000000000000000, 1.000000000000000000, 0.000000000000000000 ) ) ;
#1410 = DIRECTION ( 'NONE',  ( 0.000000000000000000, 1.000000000000000000, 5.421010862427522170E-16 ) ) ;
#1411 = CARTESIAN_POINT ( 'NONE',  ( 6.732050807568879414, 3.799999999999999822, 5.000000000000000888 ) ) ;
#1412 = ORIENTED_EDGE ( 'NONE', *, *, #1618, .F. ) ;
#1413 = ORIENTED_EDGE ( 'NONE', *, *, #100, .T. ) ;
#1414 = DIRECTION ( 'NONE',  ( 0.000000000000000000, 1.000000000000000000, 0.000000000000000000 ) ) ;
#1415 = DIRECTION ( 'NONE',  ( 0.000000000000000000, 0.000000000000000000, 1.000000000000000000 ) ) ;
#1416 = CARTESIAN_POINT ( 'NONE',  ( 0.000000000000000000, 4.000000000000000000, 0.000000000000000000 ) ) ;
#1417 = CARTESIAN_POINT ( 'NONE',  ( 28.00000000000000000, 1.999999999999994893, 7.000000000000000000 ) ) ;
#1418 = EDGE_CURVE ( 'NONE', #143, #920, #1815, .T. ) ;
#1419 = EDGE_LOOP ( 'NONE', ( #592, #403, #1164, #389, #96, #192, #387 ) ) ;
#1420 = DIRECTION ( 'NONE',  ( -1.000000000000000000, -0.000000000000000000, -0.000000000000000000 ) ) ;
#1421 = EDGE_LOOP ( 'NONE', ( #1823, #1089, #689, #1005, #539 ) ) ;
#1422 = CIRCLE ( 'NONE', #256, 1.600000000000000089 ) ;
#1423 = PLANE ( 'NONE',  #315 ) ;
#1424 = ORIENTED_EDGE ( 'NONE', *, *, #1101, .T. ) ;
#1425 = AXIS2_PLACEMENT_3D ( 'NONE', #92, #1818, #821 ) ;
#1426 = CARTESIAN_POINT ( 'NONE',  ( 21.96356818063442518, 3.600000000000000089, -4.380000000000002558 ) ) ;
#1427 = VECTOR ( 'NONE', #1305, 1000.000000000000000 ) ;
#1428 = CARTESIAN_POINT ( 'NONE',  ( 5.000000000000000888, 0.000000000000000000, -4.000000000000000000 ) ) ;
#1429 = DIRECTION ( 'NONE',  ( 0.000000000000000000, -0.000000000000000000, 1.000000000000000000 ) ) ;
#1430 = EDGE_LOOP ( 'NONE', ( #1396, #405, #1757, #1165, #1362, #1633, #118 ) ) ;
#1431 = EDGE_CURVE ( 'NONE', #1504, #997, #1636, .T. ) ;
#1432 = CARTESIAN_POINT ( 'NONE',  ( 6.732050807568879414, 3.799999999999999822, -5.000000000000000888 ) ) ;
#1433 = ORIENTED_EDGE ( 'NONE', *, *, #1832, .T. ) ;
#1434 = CYLINDRICAL_SURFACE ( 'NONE', #556, 1.600000000000000089 ) ;
#1435 = CARTESIAN_POINT ( 'NONE',  ( 0.000000000000000000, 4.000000000000000000, -5.200000000000001066 ) ) ;
#1436 = DIRECTION ( 'NONE',  ( 1.000000000000000000, -0.000000000000000000, 0.000000000000000000 ) ) ;
#1437 = VECTOR ( 'NONE', #1197, 1000.000000000000000 ) ;
#1438 = CARTESIAN_POINT ( 'NONE',  ( 20.00000000000000000, 3.600000000000000089, 2.000000000000000888 ) ) ;
#1439 = EDGE_LOOP ( 'NONE', ( #1342, #587, #1614, #1648, #1391, #733, #1308 ) ) ;
#1440 = DIRECTION ( 'NONE',  ( 0.000000000000000000, 0.000000000000000000, 1.000000000000000000 ) ) ;
#1441 = VERTEX_POINT ( 'NONE', #205 ) ;
#1442 = EDGE_CURVE ( 'NONE', #1007, #1288, #1368, .T. ) ;
#1443 = DIRECTION ( 'NONE',  ( 1.000000000000000000, -0.000000000000000000, -0.000000000000000000 ) ) ;
#1444 = CARTESIAN_POINT ( 'NONE',  ( 3.267949192431124583, 3.799999999999999822, -5.000000000000000888 ) ) ;
#1445 = ADVANCED_FACE ( 'NONE', ( #785 ), #927, .T. ) ;
#1446 = DIRECTION ( 'NONE',  ( 0.000000000000000000, 0.000000000000000000, 1.000000000000000000 ) ) ;
#1447 = PLANE ( 'NONE',  #1513 ) ;
#1448 = DIRECTION ( 'NONE',  ( 1.000000000000000000, -0.000000000000000000, -0.000000000000000000 ) ) ;
#1449 = EDGE_LOOP ( 'NONE', ( #1217, #1567, #560, #1412 ) ) ;
#1450 = DIRECTION ( 'NONE',  ( 0.000000000000000000, -1.000000000000000000, 0.000000000000000000 ) ) ;
#1451 = CARTESIAN_POINT ( 'NONE',  ( 0.000000000000000000, 2.999999999999993339, 7.000000000000000000 ) ) ;
#1452 = CIRCLE ( 'NONE', #106, 1.999999999999999556 ) ;
#1453 = EDGE_CURVE ( 'NONE', #1578, #989, #1067, .T. ) ;
#1454 = CARTESIAN_POINT ( 'NONE',  ( 21.79599554565148978, 4.000000000000000000, -4.880000000000000782 ) ) ;
#1455 = AXIS2_PLACEMENT_3D ( 'NONE', #391, #981, #1029 ) ;
#1456 = CARTESIAN_POINT ( 'NONE',  ( 3.365037384155732614, 4.000000000000000000, -5.153383178874308079 ) ) ;
#1457 =( GEOMETRIC_REPRESENTATION_CONTEXT ( 3 ) GLOBAL_UNCERTAINTY_ASSIGNED_CONTEXT ( ( #1319 ) ) GLOBAL_UNIT_ASSIGNED_CONTEXT ( ( #1586, #1176, #1850 ) ) REPRESENTATION_CONTEXT ( 'NONE', 'WORKASPACE' ) );
#1458 = CARTESIAN_POINT ( 'NONE',  ( -6.843756564667969064E-16, 4.000000000000000000, -5.999999999999982236 ) ) ;
#1459 = LINE ( 'NONE', #1015, #135 ) ;
#1460 = CARTESIAN_POINT ( 'NONE',  ( 6.716737469260486648, 3.913409910962070359, -5.027101011557626009 ) ) ;
#1461 = CARTESIAN_POINT ( 'NONE',  ( 0.000000000000000000, 1.000000000000000000, 0.000000000000000000 ) ) ;
#1462 = CARTESIAN_POINT ( 'NONE',  ( 21.79599554565148978, 4.000000000000000000, 4.880000000000000782 ) ) ;
#1463 = EDGE_CURVE ( 'NONE', #1578, #1563, #1398, .T. ) ;
#1464 = LINE ( 'NONE', #1180, #75 ) ;
#1465 = DIRECTION ( 'NONE',  ( 0.000000000000000000, 1.000000000000000000, 0.000000000000000000 ) ) ;
#1466 = EDGE_CURVE ( 'NONE', #635, #1485, #1397, .T. ) ;
#1467 = AXIS2_PLACEMENT_3D ( 'NONE', #296, #1321, #1756 ) ;
#1468 = VERTEX_POINT ( 'NONE', #1498 ) ;
#1469 = ORIENTED_EDGE ( 'NONE', *, *, #838, .T. ) ;
#1470 = DIRECTION ( 'NONE',  ( 0.000000000000000000, 0.000000000000000000, 1.000000000000000000 ) ) ;
#1471 = LINE ( 'NONE', #755, #1392 ) ;
#1472 = FACE_OUTER_BOUND ( 'NONE', #633, .T. ) ;
#1473 = CARTESIAN_POINT ( 'NONE',  ( 12.00000000000000000, 1.000000000000000000, -1.248999599679679662 ) ) ;
#1474 = EDGE_CURVE ( 'NONE', #675, #846, #812, .T. ) ;
#1475 = ORIENTED_EDGE ( 'NONE', *, *, #1750, .T. ) ;
#1476 = DIRECTION ( 'NONE',  ( -0.000000000000000000, -1.000000000000000000, -0.000000000000000000 ) ) ;
#1477 = EDGE_LOOP ( 'NONE', ( #1372, #1433, #535, #720 ) ) ;
#1478 = B_SPLINE_CURVE_WITH_KNOTS ( 'NONE', 3,
 ( #126, #725, #1575, #1290, #867, #585 ),
 .UNSPECIFIED., .F., .F.,
 ( 4, 2, 4 ),
 ( 0.000000000000000000, 0.0001654872759056849325, 0.0003309745518113698650 ),
 .UNSPECIFIED. ) ;
#1479 = CARTESIAN_POINT ( 'NONE',  ( 18.26794919243112858, 3.800000000003822098, 5.000000000000000888 ) ) ;
#1480 = UNCERTAINTY_MEASURE_WITH_UNIT (LENGTH_MEASURE( 1.000000000000000082E-05 ), #1080, 'distance_accuracy_value', 'NONE');
#1481 = DIRECTION ( 'NONE',  ( 0.000000000000000000, 0.000000000000000000, -1.000000000000000000 ) ) ;
#1482 = CARTESIAN_POINT ( 'NONE',  ( 0.000000000000000000, 3.600000000000000089, -4.800000000000001599 ) ) ;
#1483 = CIRCLE ( 'NONE', #491, 5.200000000000001066 ) ;
#1484 = AXIS2_PLACEMENT_3D ( 'NONE', #1207, #1172, #429 ) ;
#1485 = VERTEX_POINT ( 'NONE', #196 ) ;
#1486 = AXIS2_PLACEMENT_3D ( 'NONE', #1202, #919, #1470 ) ;
#1487 = CYLINDRICAL_SURFACE ( 'NONE', #523, 0.1999999999999996503 ) ;
#1488 = VERTEX_POINT ( 'NONE', #1086 ) ;
#1489 = CARTESIAN_POINT ( 'NONE',  ( 20.00000000000000000, 1.599999999999999867, 4.000000000000000000 ) ) ;
#1490 = FACE_OUTER_BOUND ( 'NONE', #1184, .T. ) ;
#1491 = ORIENTED_EDGE ( 'NONE', *, *, #1747, .F. ) ;
#1492 = AXIS2_PLACEMENT_3D ( 'NONE', #512, #794, #1236 ) ;
#1493 = CARTESIAN_POINT ( 'NONE',  ( 20.00000000000000000, 0.000000000000000000, 4.000000000000000000 ) ) ;
#1494 = EDGE_CURVE ( 'NONE', #233, #2, #1791, .T. ) ;
#1495 = ORIENTED_EDGE ( 'NONE', *, *, #1137, .T. ) ;
#1496 = EDGE_CURVE ( 'NONE', #393, #1585, #941, .T. ) ;
#1497 = DIRECTION ( 'NONE',  ( 0.000000000000000000, 0.000000000000000000, 1.000000000000000000 ) ) ;
#1498 = CARTESIAN_POINT ( 'NONE',  ( -6.957010852370451026, 3.000000000000112355, -0.7745966692415879873 ) ) ;
#1499 = LINE ( 'NONE', #632, #207 ) ;
#1500 = LINE ( 'NONE', #228, #582 ) ;
#1501 = ORIENTED_EDGE ( 'NONE', *, *, #1137, .F. ) ;
#1502 = CARTESIAN_POINT ( 'NONE',  ( 20.00000000000000000, 1.599999999999999867, 5.099999999999999645 ) ) ;
#1503 = CYLINDRICAL_SURFACE ( 'NONE', #1198, 1.100000000000000311 ) ;
#1504 = VERTEX_POINT ( 'NONE', #793 ) ;
#1505 = CARTESIAN_POINT ( 'NONE',  ( -6.999999999999999112, 1.600000000000000977, -1.599999999999999201 ) ) ;
#1506 = ADVANCED_FACE ( 'NONE', ( #950 ), #887, .F. ) ;
#1507 = DIRECTION ( 'NONE',  ( 0.000000000000000000, 1.000000000000000000, 0.000000000000000000 ) ) ;
#1508 = DIRECTION ( 'NONE',  ( 1.000000000000000000, 0.000000000000000000, -1.548860246407863583E-16 ) ) ;
#1509 = AXIS2_PLACEMENT_3D ( 'NONE', #1318, #1188, #1617 ) ;
#1510 = VECTOR ( 'NONE', #528, 1000.000000000000000 ) ;
#1511 = ORIENTED_EDGE ( 'NONE', *, *, #1239, .T. ) ;
#1512 = ORIENTED_EDGE ( 'NONE', *, *, #213, .F. ) ;
#1513 = AXIS2_PLACEMENT_3D ( 'NONE', #1055, #1045, #1189 ) ;
#1514 = CARTESIAN_POINT ( 'NONE',  ( 20.50000000000000000, 1.000000000000000000, 2.000000000000000888 ) ) ;
#1515 = CONICAL_SURFACE ( 'NONE', #1486, 3.600000000000035616, 0.7853981633974537191 ) ;
#1516 = ORIENTED_EDGE ( 'NONE', *, *, #1399, .T. ) ;
#1517 = DIRECTION ( 'NONE',  ( -1.000000000000000000, -0.000000000000000000, -0.000000000000000000 ) ) ;
#1518 = DIRECTION ( 'NONE',  ( 0.000000000000000000, 1.000000000000000000, 0.000000000000000000 ) ) ;
#1519 = DIRECTION ( 'NONE',  ( -1.095209583345261554E-16, 0.7071067811865512365, -0.7071067811865437980 ) ) ;
#1520 = EDGE_CURVE ( 'NONE', #270, #480, #1142, .T. ) ;
#1521 = PRODUCT_DEFINITION_SHAPE ( 'NONE', 'NONE',  #546 ) ;
#1522 = CARTESIAN_POINT ( 'NONE',  ( 18.16696972201766513, 3.600000000000000089, 4.800000000000001599 ) ) ;
#1523 = B_SPLINE_CURVE_WITH_KNOTS ( 'NONE', 3,
 ( #1432, #705, #147, #264, #847, #1697 ),
 .UNSPECIFIED., .F., .F.,
 ( 4, 2, 4 ),
 ( 0.000000000000000000, 0.0001654555133768225870, 0.0003309110267536451741 ),
 .UNSPECIFIED. ) ;
#1524 = VERTEX_POINT ( 'NONE', #728 ) ;
#1525 = EDGE_CURVE ( 'NONE', #382, #393, #167, .T. ) ;
#1526 = ORIENTED_EDGE ( 'NONE', *, *, #275, .F. ) ;
#1527 = CARTESIAN_POINT ( 'NONE',  ( 3.267949192431116590, 3.743830492418971811, -5.000000000000002665 ) ) ;
#1528 = ORIENTED_EDGE ( 'NONE', *, *, #318, .T. ) ;
#1529 = AXIS2_PLACEMENT_3D ( 'NONE', #121, #1550, #257 ) ;
#1530 = CARTESIAN_POINT ( 'NONE',  ( 21.96356818063442518, 3.600000000000000089, 4.380000000000002558 ) ) ;
#1531 = CIRCLE ( 'NONE', #1059, 5.999999999999982236 ) ;
#1532 = CYLINDRICAL_SURFACE ( 'NONE', #1032, 0.1999999999999996503 ) ;
#1533 = FACE_OUTER_BOUND ( 'NONE', #527, .T. ) ;
#1534 = DIRECTION ( 'NONE',  ( 1.000000000000000000, -0.000000000000000000, 0.000000000000000000 ) ) ;
#1535 = VERTEX_POINT ( 'NONE', #1158 ) ;
#1536 = ADVANCED_FACE ( 'NONE', ( #281 ), #1423, .T. ) ;
#1537 = FACE_OUTER_BOUND ( 'NONE', #809, .T. ) ;
#1538 = CARTESIAN_POINT ( 'NONE',  ( 21.88679229126815073, 3.920574300415526459, 4.665473421714889213 ) ) ;
#1539 = CARTESIAN_POINT ( 'NONE',  ( 0.000000000000000000, 3.600000000000000089, 4.800000000000001599 ) ) ;
#1540 = DIRECTION ( 'NONE',  ( 0.000000000000000000, 0.000000000000000000, 1.000000000000000000 ) ) ;
#1541 = ORIENTED_EDGE ( 'NONE', *, *, #122, .T. ) ;
#1542 = AXIS2_PLACEMENT_3D ( 'NONE', #849, #1414, #128 ) ;
#1543 = CARTESIAN_POINT ( 'NONE',  ( 0.000000000000000000, 0.000000000000000000, 0.000000000000000000 ) ) ;
#1544 = ORIENTED_EDGE ( 'NONE', *, *, #428, .F. ) ;
#1545 = CIRCLE ( 'NONE', #521, 2.000000000000000000 ) ;
#1546 = EDGE_CURVE ( 'NONE', #250, #286, #715, .T. ) ;
#1547 = CIRCLE ( 'NONE', #685, 2.000000000000000444 ) ;
#1548 = CARTESIAN_POINT ( 'NONE',  ( 5.000000000000000888, 1.599999999999999867, 5.100000000000000533 ) ) ;
#1549 = EDGE_CURVE ( 'NONE', #78, #1690, #1251, .T. ) ;
#1550 = DIRECTION ( 'NONE',  ( 0.000000000000000000, 1.000000000000000000, 0.000000000000000000 ) ) ;
#1551 = CARTESIAN_POINT ( 'NONE',  ( 6.716738160419342130, 3.913509087185956137, 5.027109739229026708 ) ) ;
#1552 = ORIENTED_EDGE ( 'NONE', *, *, #1348, .F. ) ;
#1553 = ORIENTED_EDGE ( 'NONE', *, *, #221, .F. ) ;
#1554 = EDGE_CURVE ( 'NONE', #1563, #1578, #169, .T. ) ;
#1555 = CARTESIAN_POINT ( 'NONE',  ( 18.26794919243110726, 3.858647194959659465, -4.999999999999999112 ) ) ;
#1556 = AXIS2_PLACEMENT_3D ( 'NONE', #1135, #1404, #1154 ) ;
#1557 = ADVANCED_FACE ( 'NONE', ( #857 ), #1259, .T. ) ;
#1558 = FACE_OUTER_BOUND ( 'NONE', #1302, .T. ) ;
#1559 = CARTESIAN_POINT ( 'NONE',  ( 5.000000000000000888, -6.056854249492380937, 1.999999999999999556 ) ) ;
#1560 = ORIENTED_EDGE ( 'NONE', *, *, #1855, .F. ) ;
#1561 = ORIENTED_EDGE ( 'NONE', *, *, #1494, .T. ) ;
#1562 = APPLICATION_CONTEXT ( 'automotive_design' ) ;
#1563 = VERTEX_POINT ( 'NONE', #1588 ) ;
#1564 = CARTESIAN_POINT ( 'NONE',  ( 20.50000000000000000, 1.000000000000000000, 2.000000000000000888 ) ) ;
#1565 = ORIENTED_EDGE ( 'NONE', *, *, #1224, .T. ) ;
#1566 = DIRECTION ( 'NONE',  ( -1.000000000000000000, 0.000000000000000000, 1.548860246407863583E-16 ) ) ;
#1567 = ORIENTED_EDGE ( 'NONE', *, *, #1112, .F. ) ;
#1568 = FACE_OUTER_BOUND ( 'NONE', #1430, .T. ) ;
#1569 = EDGE_CURVE ( 'NONE', #143, #1694, #1291, .T. ) ;
#1570 = PRODUCT ( 'LineFix', 'LineFix', '', ( #3 ) ) ;
#1571 = CARTESIAN_POINT ( 'NONE',  ( 21.82352711978304072, 4.000000000000001776, -4.823810699426100967 ) ) ;
#1572 = EDGE_LOOP ( 'NONE', ( #1553, #1814, #1347, #1491 ) ) ;
#1573 = ORIENTED_EDGE ( 'NONE', *, *, #557, .F. ) ;
#1574 = ADVANCED_FACE ( 'NONE', ( #424, #881 ), #1434, .F. ) ;
#1575 = CARTESIAN_POINT ( 'NONE',  ( 18.21359691358125943, 3.619313354450182540, -4.900325263955361166 ) ) ;
#1576 = ORIENTED_EDGE ( 'NONE', *, *, #864, .T. ) ;
#1577 = CARTESIAN_POINT ( 'NONE',  ( 21.89983551919633697, 3.799999999999999822, 4.625000000000000000 ) ) ;
#1578 = VERTEX_POINT ( 'NONE', #157 ) ;
#1579 = AXIS2_PLACEMENT_3D ( 'NONE', #6, #1323, #1317 ) ;
#1580 = CARTESIAN_POINT ( 'NONE',  ( 12.58771878748232176, 2.833288496562340164, -1.041029518625646411 ) ) ;
#1581 = DIRECTION ( 'NONE',  ( -0.000000000000000000, -1.000000000000000000, -0.000000000000000000 ) ) ;
#1582 = CARTESIAN_POINT ( 'NONE',  ( 18.40000000000000213, 4.000000000000000000, 5.200000000000001066 ) ) ;
#1583 = EDGE_CURVE ( 'NONE', #1714, #382, #734, .T. ) ;
#1584 = FACE_OUTER_BOUND ( 'NONE', #742, .T. ) ;
#1585 = VERTEX_POINT ( 'NONE', #101 ) ;
#1586 =( LENGTH_UNIT ( ) NAMED_UNIT ( * ) SI_UNIT ( .MILLI., .METRE. ) );
#1587 = ORIENTED_EDGE ( 'NONE', *, *, #31, .T. ) ;
#1588 = CARTESIAN_POINT ( 'NONE',  ( 5.000000000000000888, 1.599999999999999867, -1.999999999999999556 ) ) ;
#1589 = DIRECTION ( 'NONE',  ( -0.000000000000000000, -1.000000000000000000, -0.000000000000000000 ) ) ;
#1590 = DIRECTION ( 'NONE',  ( -0.000000000000000000, 1.000000000000000000, -0.000000000000000000 ) ) ;
#1591 = DIRECTION ( 'NONE',  ( 0.000000000000000000, 0.000000000000000000, 1.000000000000000000 ) ) ;
#1592 = AXIS2_PLACEMENT_3D ( 'NONE', #94, #1628, #653 ) ;
#1593 = CARTESIAN_POINT ( 'NONE',  ( 0.000000000000000000, 3.799999999999999822, 5.000000000000000888 ) ) ;
#1594 = EDGE_LOOP ( 'NONE', ( #538, #974, #1596, #1200 ) ) ;
#1595 = VECTOR ( 'NONE', #1087, 1000.000000000000000 ) ;
#1596 = ORIENTED_EDGE ( 'NONE', *, *, #902, .F. ) ;
#1597 = ADVANCED_FACE ( 'NONE', ( #1735 ), #446, .F. ) ;
#1598 = DIRECTION ( 'NONE',  ( -0.000000000000000000, -1.000000000000000000, -0.000000000000000000 ) ) ;
#1599 = CARTESIAN_POINT ( 'NONE',  ( 13.66450213862247764, 1.113922956967097866, -1.599999999999999867 ) ) ;
#1600 = FACE_OUTER_BOUND ( 'NONE', #724, .T. ) ;
#1601 = CARTESIAN_POINT ( 'NONE',  ( 0.000000000000000000, 3.799999999999999822, 5.200000000000001066 ) ) ;
#1602 = CARTESIAN_POINT ( 'NONE',  ( -6.843756564667969064E-16, 4.000000000000000000, -5.999999999999982236 ) ) ;
#1603 = ORIENTED_EDGE ( 'NONE', *, *, #1569, .F. ) ;
#1604 = DIRECTION ( 'NONE',  ( -1.000000000000000000, 0.000000000000000000, -0.000000000000000000 ) ) ;
#1605 = CARTESIAN_POINT ( 'NONE',  ( 13.85065498726466338, 0.7168514973461183049, -1.599999999999999867 ) ) ;
#1606 = EDGE_CURVE ( 'NONE', #944, #909, #166, .T. ) ;
#1607 = AXIS2_PLACEMENT_3D ( 'NONE', #968, #1121, #991 ) ;
#1608 = DIRECTION ( 'NONE',  ( -0.000000000000000000, -1.000000000000000000, -0.000000000000000000 ) ) ;
#1609 = EDGE_CURVE ( 'NONE', #519, #820, #197, .T. ) ;
#1610 = VECTOR ( 'NONE', #932, 1000.000000000000000 ) ;
#1611 = FACE_OUTER_BOUND ( 'NONE', #1834, .T. ) ;
#1612 = DIRECTION ( 'NONE',  ( 0.000000000000000000, 0.000000000000000000, -1.000000000000000000 ) ) ;
#1613 = ORIENTED_EDGE ( 'NONE', *, *, #243, .T. ) ;
#1614 = ORIENTED_EDGE ( 'NONE', *, *, #305, .T. ) ;
#1615 = DIRECTION ( 'NONE',  ( -0.000000000000000000, -1.000000000000000000, -0.000000000000000000 ) ) ;
#1616 = DIRECTION ( 'NONE',  ( 0.000000000000000000, 0.000000000000000000, 1.000000000000000000 ) ) ;
#1617 = DIRECTION ( 'NONE',  ( 0.000000000000000000, 0.000000000000000000, 1.000000000000000000 ) ) ;
#1618 = EDGE_CURVE ( 'NONE', #1300, #215, #110, .T. ) ;
#1619 = DIRECTION ( 'NONE',  ( 0.000000000000000000, 0.000000000000000000, 1.000000000000000000 ) ) ;
#1620 = CYLINDRICAL_SURFACE ( 'NONE', #29, 1.999999999999999112 ) ;
#1621 = CIRCLE ( 'NONE', #1467, 1.100000000000000311 ) ;
#1622 = ORIENTED_EDGE ( 'NONE', *, *, #1463, .T. ) ;
#1623 = CARTESIAN_POINT ( 'NONE',  ( 18.26794919243112858, 3.799999999999999822, -5.000000000000000888 ) ) ;
#1624 = DIRECTION ( 'NONE',  ( 1.000000000000000000, 0.000000000000000000, 0.000000000000000000 ) ) ;
#1625 = ORIENTED_EDGE ( 'NONE', *, *, #1161, .F. ) ;
#1626 = DIRECTION ( 'NONE',  ( -0.000000000000000000, -1.000000000000000000, -0.000000000000000000 ) ) ;
#1627 = DIRECTION ( 'NONE',  ( -0.000000000000000000, 1.000000000000000000, -0.000000000000000000 ) ) ;
#1628 = DIRECTION ( 'NONE',  ( 0.000000000000000000, 1.000000000000000000, 0.000000000000000000 ) ) ;
#1629 = EDGE_CURVE ( 'NONE', #909, #393, #744, .T. ) ;
#1630 = VERTEX_POINT ( 'NONE', #42 ) ;
#1631 = CARTESIAN_POINT ( 'NONE',  ( 6.600000000000000533, 4.000000000000000000, -5.200000000000001066 ) ) ;
#1632 = CARTESIAN_POINT ( 'NONE',  ( 0.000000000000000000, 3.799999999999999822, 0.000000000000000000 ) ) ;
#1633 = ORIENTED_EDGE ( 'NONE', *, *, #188, .T. ) ;
#1634 = DIRECTION ( 'NONE',  ( 0.000000000000000000, 1.000000000000000000, 0.000000000000000000 ) ) ;
#1635 = CIRCLE ( 'NONE', #400, 1.099999999999999423 ) ;
#1636 = LINE ( 'NONE', #84, #1610 ) ;
#1637 = CARTESIAN_POINT ( 'NONE',  ( -6.834279645308753537, 2.171107305059538195, 1.521306972663150292 ) ) ;
#1638 = AXIS2_PLACEMENT_3D ( 'NONE', #1721, #1287, #1410 ) ;
#1639 = VECTOR ( 'NONE', #625, 1000.000000000000000 ) ;
#1640 = ORIENTED_EDGE ( 'NONE', *, *, #805, .F. ) ;
#1641 = EDGE_LOOP ( 'NONE', ( #1679, #947, #323, #1209, #1220, #667 ) ) ;
#1642 = AXIS2_PLACEMENT_3D ( 'NONE', #869, #1450, #1724 ) ;
#1643 = EDGE_CURVE ( 'NONE', #1116, #124, #463, .T. ) ;
#1644 = CARTESIAN_POINT ( 'NONE',  ( 6.732050807568878525, 3.858420630869452417, -5.000000000000000888 ) ) ;
#1645 = DIRECTION ( 'NONE',  ( 0.000000000000000000, 1.000000000000000000, 0.000000000000000000 ) ) ;
#1646 = CARTESIAN_POINT ( 'NONE',  ( 18.16696972201766513, 3.600000000000000089, 4.800000000000001599 ) ) ;
#1647 = CARTESIAN_POINT ( 'NONE',  ( 5.000000000000000888, 0.000000000000000000, 2.899999999999999911 ) ) ;
#1648 = ORIENTED_EDGE ( 'NONE', *, *, #1237, .T. ) ;
#1649 = MANIFOLD_SOLID_BREP ( '\X2\52079664\X0\-\X2\62c94f38\X0\7', #1377 ) ;
#1650 = DIRECTION ( 'NONE',  ( -0.000000000000000000, 1.000000000000000000, -0.000000000000000000 ) ) ;
#1651 = CARTESIAN_POINT ( 'NONE',  ( 13.33725830020306979, 1.599999999999999645, 1.600000000000000089 ) ) ;
#1652 = VERTEX_POINT ( 'NONE', #1631 ) ;
#1653 = ADVANCED_FACE ( 'NONE', ( #1316 ), #1515, .F. ) ;
#1654 = DIRECTION ( 'NONE',  ( 1.000000000000000000, 0.000000000000000000, 0.000000000000000000 ) ) ;
#1655 = CARTESIAN_POINT ( 'NONE',  ( 18.25348942729488044, 3.690960450513040225, 4.975445185366104361 ) ) ;
#1656 = FACE_BOUND ( 'NONE', #1049, .T. ) ;
#1657 = ORIENTED_EDGE ( 'NONE', *, *, #509, .F. ) ;
#1658 = DIRECTION ( 'NONE',  ( 0.000000000000000000, 0.000000000000000000, 1.000000000000000000 ) ) ;
#1659 = ORIENTED_EDGE ( 'NONE', *, *, #318, .F. ) ;
#1660 = EDGE_CURVE ( 'NONE', #1007, #1288, #17, .T. ) ;
#1661 = ORIENTED_EDGE ( 'NONE', *, *, #23, .T. ) ;
#1662 = CARTESIAN_POINT ( 'NONE',  ( 0.000000000000000000, 3.600000000000000089, -4.800000000000001599 ) ) ;
#1663 = CARTESIAN_POINT ( 'NONE',  ( 20.00000000000000000, 1.599999999999999867, -5.099999999999999645 ) ) ;
#1664 = EDGE_CURVE ( 'NONE', #729, #1337, #487, .T. ) ;
#1665 = LINE ( 'NONE', #358, #1268 ) ;
#1666 = AXIS2_PLACEMENT_3D ( 'NONE', #1339, #1517, #1774 ) ;
#1667 = AXIS2_PLACEMENT_3D ( 'NONE', #1493, #1784, #201 ) ;
#1668 = ORIENTED_EDGE ( 'NONE', *, *, #606, .F. ) ;
#1669 = EDGE_LOOP ( 'NONE', ( #1681, #1120, #434, #547, #1723, #369 ) ) ;
#1670 = CARTESIAN_POINT ( 'NONE',  ( 3.400000000000001243, 4.000000000000000000, 5.200000000000001066 ) ) ;
#1671 = COLOUR_RGB ( '',0.7921568627450980005, 0.8196078431372548767, 0.9333333333333333481 ) ;
#1672 = ORIENTED_EDGE ( 'NONE', *, *, #891, .T. ) ;
#1673 = CARTESIAN_POINT ( 'NONE',  ( 21.91175567240759037, 3.685403259190279002, 4.589546766303334024 ) ) ;
#1674 = DIRECTION ( 'NONE',  ( 1.000000000000000000, 0.000000000000000000, -0.000000000000000000 ) ) ;
#1675 = ADVANCED_FACE ( 'NONE', ( #60 ), #1070, .F. ) ;
#1676 = ORIENTED_EDGE ( 'NONE', *, *, #1128, .T. ) ;
#1677 = ORIENTED_EDGE ( 'NONE', *, *, #1418, .T. ) ;
#1678 = CARTESIAN_POINT ( 'NONE',  ( 3.267949192431124583, 3.799999999999999822, -5.000000000000000888 ) ) ;
#1679 = ORIENTED_EDGE ( 'NONE', *, *, #691, .F. ) ;
#1680 = AXIS2_PLACEMENT_3D ( 'NONE', #1057, #1448, #1745 ) ;
#1681 = ORIENTED_EDGE ( 'NONE', *, *, #351, .F. ) ;
#1682 = DIRECTION ( 'NONE',  ( 1.000000000000000000, -0.000000000000000000, 0.000000000000000000 ) ) ;
#1683 = DIRECTION ( 'NONE',  ( -1.000000000000000000, 0.000000000000000000, -0.000000000000000000 ) ) ;
#1684 = DIRECTION ( 'NONE',  ( 0.000000000000000000, 0.000000000000000000, 1.000000000000000000 ) ) ;
#1685 = DIRECTION ( 'NONE',  ( 0.000000000000000000, 0.000000000000000000, 1.000000000000000000 ) ) ;
#1686 = LINE ( 'NONE', #132, #58 ) ;
#1687 = ORIENTED_EDGE ( 'NONE', *, *, #1520, .T. ) ;
#1688 = LINE ( 'NONE', #1107, #1025 ) ;
#1689 = ORIENTED_EDGE ( 'NONE', *, *, #182, .T. ) ;
#1690 = VERTEX_POINT ( 'NONE', #1623 ) ;
#1691 = CARTESIAN_POINT ( 'NONE',  ( 0.000000000000000000, 3.799999999999999822, 0.000000000000000000 ) ) ;
#1692 = CARTESIAN_POINT ( 'NONE',  ( 21.84846725487738084, 3.986582316843565010, -4.765549635369831449 ) ) ;
#1693 = CARTESIAN_POINT ( 'NONE',  ( 20.00000000000000000, 0.000000000000000000, -5.099999999999999645 ) ) ;
#1694 = VERTEX_POINT ( 'NONE', #324 ) ;
#1695 = ADVANCED_FACE ( 'NONE', ( #770 ), #52, .T. ) ;
#1696 = VECTOR ( 'NONE', #1654, 1000.000000000000000 ) ;
#1697 = CARTESIAN_POINT ( 'NONE',  ( 6.833030277982337530, 3.600000000000000089, -4.800000000000001599 ) ) ;
#1698 = EDGE_LOOP ( 'NONE', ( #372, #597, #1565, #44, #983, #548, #1526 ) ) ;
#1699 = AXIS2_PLACEMENT_3D ( 'NONE', #235, #1776, #336 ) ;
#1700 = ADVANCED_FACE ( 'NONE', ( #926 ), #1487, .T. ) ;
#1701 = VECTOR ( 'NONE', #1598, 1000.000000000000000 ) ;
#1702 = CARTESIAN_POINT ( 'NONE',  ( 18.36503738415573395, 4.000000000000000000, -5.153383178874307191 ) ) ;
#1703 = DIRECTION ( 'NONE',  ( 0.000000000000000000, 0.000000000000000000, 1.000000000000000000 ) ) ;
#1704 = CARTESIAN_POINT ( 'NONE',  ( 6.667361750022610778, 3.983951539161194155, 5.105463306682158198 ) ) ;
#1705 = CARTESIAN_POINT ( 'NONE',  ( 27.00000000000000711, 2.999999999999993339, -7.000000000000003553 ) ) ;
#1706 = ORIENTED_EDGE ( 'NONE', *, *, #1732, .F. ) ;
#1707 = EDGE_LOOP ( 'NONE', ( #422, #617, #664, #655 ) ) ;
#1708 = EDGE_CURVE ( 'NONE', #78, #1652, #630, .T. ) ;
#1709 = AXIS2_PLACEMENT_3D ( 'NONE', #470, #603, #732 ) ;
#1710 = DIRECTION ( 'NONE',  ( 0.000000000000000000, 0.000000000000000000, 1.000000000000000000 ) ) ;
#1711 = ADVANCED_FACE ( 'NONE', ( #1795, #945, #1537 ), #808, .F. ) ;
#1712 = DIRECTION ( 'NONE',  ( 0.000000000000000000, -0.000000000000000000, 1.000000000000000000 ) ) ;
#1713 = ORIENTED_EDGE ( 'NONE', *, *, #1077, .T. ) ;
#1714 = VERTEX_POINT ( 'NONE', #1824 ) ;
#1715 = DIRECTION ( 'NONE',  ( 0.000000000000000000, 0.000000000000000000, 1.000000000000000000 ) ) ;
#1716 = DIRECTION ( 'NONE',  ( 0.000000000000000000, 0.000000000000000000, 1.000000000000000000 ) ) ;
#1717 = VERTEX_POINT ( 'NONE', #1670 ) ;
#1718 = CARTESIAN_POINT ( 'NONE',  ( 12.85725326908603883, 2.346825098821394118, -1.428889344181624610 ) ) ;
#1719 = ADVANCED_FACE ( 'NONE', ( #1783 ), #90, .F. ) ;
#1720 = CARTESIAN_POINT ( 'NONE',  ( 20.00000000000000000, 0.000000000000000000, -4.000000000000000000 ) ) ;
#1721 = CARTESIAN_POINT ( 'NONE',  ( -6.999999999999999112, 1.600000000000000755, -1.599999999999999201 ) ) ;
#1722 = VERTEX_POINT ( 'NONE', #1395 ) ;
#1723 = ORIENTED_EDGE ( 'NONE', *, *, #938, .T. ) ;
#1724 = DIRECTION ( 'NONE',  ( 0.000000000000000000, 0.000000000000000000, -1.000000000000000000 ) ) ;
#1725 = AXIS2_PLACEMENT_3D ( 'NONE', #901, #1018, #570 ) ;
#1726 = CARTESIAN_POINT ( 'NONE',  ( 5.000000000000000888, -6.056854249492380937, 4.000000000000000000 ) ) ;
#1727 = CIRCLE ( 'NONE', #1021, 1.099999999999999423 ) ;
#1728 = DIRECTION ( 'NONE',  ( 0.000000000000000000, 0.000000000000000000, 1.000000000000000000 ) ) ;
#1729 = AXIS2_PLACEMENT_3D ( 'NONE', #1130, #985, #1352 ) ;
#1730 = DIRECTION ( 'NONE',  ( 0.000000000000000000, 1.000000000000000000, 0.000000000000000000 ) ) ;
#1731 = LINE ( 'NONE', #1473, #1124 ) ;
#1732 = EDGE_CURVE ( 'NONE', #331, #1524, #1248, .T. ) ;
#1733 = VERTEX_POINT ( 'NONE', #508 ) ;
#1734 = ORIENTED_EDGE ( 'NONE', *, *, #999, .T. ) ;
#1735 = FACE_OUTER_BOUND ( 'NONE', #935, .T. ) ;
#1736 = DIRECTION ( 'NONE',  ( 1.000000000000000000, -0.000000000000000000, 0.000000000000000000 ) ) ;
#1737 = AXIS2_PLACEMENT_3D ( 'NONE', #962, #368, #74 ) ;
#1738 = FACE_BOUND ( 'NONE', #239, .T. ) ;
#1739 = FACE_OUTER_BOUND ( 'NONE', #216, .T. ) ;
#1740 = EDGE_CURVE ( 'NONE', #605, #370, #1688, .T. ) ;
#1741 = EDGE_CURVE ( 'NONE', #1714, #270, #1240, .T. ) ;
#1742 = CARTESIAN_POINT ( 'NONE',  ( 28.00000000000000000, 4.000000000000000000, -7.000000000000003553 ) ) ;
#1743 = CARTESIAN_POINT ( 'NONE',  ( 26.00000000000000355, 4.000000000000000888, -7.000000000000003553 ) ) ;
#1744 = CARTESIAN_POINT ( 'NONE',  ( 3.213774312378221865, 3.619617089673845545, 4.900661025638828328 ) ) ;
#1745 = DIRECTION ( 'NONE',  ( 0.000000000000000000, 0.000000000000000000, -1.000000000000000000 ) ) ;
#1746 = ORIENTED_EDGE ( 'NONE', *, *, #305, .F. ) ;
#1747 = EDGE_CURVE ( 'NONE', #1630, #1769, #1081, .T. ) ;
#1748 = CARTESIAN_POINT ( 'NONE',  ( 14.00000000000001421, 0.1486428490859471319, -1.600000000000000755 ) ) ;
#1749 = AXIS2_PLACEMENT_3D ( 'NONE', #1720, #1590, #427 ) ;
#1750 = EDGE_CURVE ( 'NONE', #1116, #5, #687, .T. ) ;
#1751 = VECTOR ( 'NONE', #1329, 1000.000000000000000 ) ;
#1752 = CARTESIAN_POINT ( 'NONE',  ( 5.000000000000000888, -6.056854249492380937, -4.000000000000000000 ) ) ;
#1753 = VECTOR ( 'NONE', #1196, 1000.000000000000000 ) ;
#1754 = CARTESIAN_POINT ( 'NONE',  ( 0.000000000000000000, 3.799999999999999822, 5.000000000000000888 ) ) ;
#1755 = AXIS2_PLACEMENT_3D ( 'NONE', #1344, #190, #1770 ) ;
#1756 = DIRECTION ( 'NONE',  ( 0.000000000000000000, 0.000000000000000000, 1.000000000000000000 ) ) ;
#1757 = ORIENTED_EDGE ( 'NONE', *, *, #1348, .T. ) ;
#1758 = ORIENTED_EDGE ( 'NONE', *, *, #1043, .T. ) ;
#1759 = CARTESIAN_POINT ( 'NONE',  ( 5.000000000000000888, 0.000000000000000000, -2.899999999999999911 ) ) ;
#1760 = ORIENTED_EDGE ( 'NONE', *, *, #468, .F. ) ;
#1761 = EDGE_CURVE ( 'NONE', #1652, #989, #1547, .T. ) ;
#1762 = LINE ( 'NONE', #1235, #291 ) ;
#1763 = FACE_OUTER_BOUND ( 'NONE', #134, .T. ) ;
#1764 = CARTESIAN_POINT ( 'NONE',  ( 13.20501954046308413, 1.787013847495694030, 1.600000000000000755 ) ) ;
#1765 = DIRECTION ( 'NONE',  ( -0.000000000000000000, -1.000000000000000000, -0.000000000000000000 ) ) ;
#1766 = CARTESIAN_POINT ( 'NONE',  ( 6.746368559145101251, 3.691200633673811460, 4.975714314598380206 ) ) ;
#1767 = CARTESIAN_POINT ( 'NONE',  ( -6.929367164611837104, 2.862630403045746785, 1.022877411171922990 ) ) ;
#1768 = CARTESIAN_POINT ( 'NONE',  ( 28.00000000000000000, 4.000000000000000000, 7.000000000000000000 ) ) ;
#1769 = VERTEX_POINT ( 'NONE', #1502 ) ;
#1770 = DIRECTION ( 'NONE',  ( 0.000000000000000000, 8.881784197001252323E-16, -1.000000000000000000 ) ) ;
#1771 = CARTESIAN_POINT ( 'NONE',  ( 20.00000000000000000, 1.599999999999999867, -2.900000000000000799 ) ) ;
#1772 = ORIENTED_EDGE ( 'NONE', *, *, #1794, .T. ) ;
#1773 = CIRCLE ( 'NONE', #1666, 0.1999999999999996503 ) ;
#1774 = DIRECTION ( 'NONE',  ( 0.000000000000000000, 0.000000000000000000, 1.000000000000000000 ) ) ;
#1775 = AXIS2_PLACEMENT_3D ( 'NONE', #651, #1634, #921 ) ;
#1776 = DIRECTION ( 'NONE',  ( -0.000000000000000000, -1.000000000000000000, -0.000000000000000000 ) ) ;
#1777 = FACE_OUTER_BOUND ( 'NONE', #1840, .T. ) ;
#1778 = CIRCLE ( 'NONE', #958, 0.1999999999999996503 ) ;
#1779 = LINE ( 'NONE', #237, #683 ) ;
#1780 = VECTOR ( 'NONE', #674, 1000.000000000000000 ) ;
#1781 = EDGE_CURVE ( 'NONE', #1798, #1468, #858, .T. ) ;
#1782 = EDGE_LOOP ( 'NONE', ( #1175, #996 ) ) ;
#1783 = FACE_OUTER_BOUND ( 'NONE', #1384, .T. ) ;
#1784 = DIRECTION ( 'NONE',  ( 0.000000000000000000, 1.000000000000000000, 0.000000000000000000 ) ) ;
#1785 = VERTEX_POINT ( 'NONE', #1373 ) ;
#1786 = CARTESIAN_POINT ( 'NONE',  ( 12.00000000000000000, 0.000000000000000000, -1.600000000000000089 ) ) ;
#1787 = DIRECTION ( 'NONE',  ( 0.000000000000000000, 0.000000000000000000, 1.000000000000000000 ) ) ;
#1788 = DIRECTION ( 'NONE',  ( -0.000000000000000000, 1.000000000000000000, -0.000000000000000000 ) ) ;
#1789 = DIRECTION ( 'NONE',  ( 1.095209583345273140E-16, 0.7071067811865439090, 0.7071067811865512365 ) ) ;
#1790 = EDGE_LOOP ( 'NONE', ( #1661, #1587, #837, #854, #1009 ) ) ;
#1791 = B_SPLINE_CURVE_WITH_KNOTS ( 'NONE', 3,
 ( #776, #1340, #1214, #1766, #504, #1073 ),
 .UNSPECIFIED., .F., .F.,
 ( 4, 2, 4 ),
 ( 0.000000000000000000, 0.0001654872759056929014, 0.0003309745518113858028 ),
 .UNSPECIFIED. ) ;
#1792 = VERTEX_POINT ( 'NONE', #395 ) ;
#1793 = AXIS2_PLACEMENT_3D ( 'NONE', #723, #1272, #261 ) ;
#1794 = EDGE_CURVE ( 'NONE', #635, #877, #1138, .T. ) ;
#1795 = FACE_BOUND ( 'NONE', #718, .T. ) ;
#1796 = CYLINDRICAL_SURFACE ( 'NONE', #710, 1.099999999999999423 ) ;
#1797 = ORIENTED_EDGE ( 'NONE', *, *, #703, .F. ) ;
#1798 = VERTEX_POINT ( 'NONE', #388 ) ;
#1799 = DIRECTION ( 'NONE',  ( -0.000000000000000000, 1.000000000000000000, -0.000000000000000000 ) ) ;
#1800 = LINE ( 'NONE', #495, #1110 ) ;
#1801 = PLANE ( 'NONE',  #1592 ) ;
#1802 = ORIENTED_EDGE ( 'NONE', *, *, #1258, .F. ) ;
#1803 = ORIENTED_EDGE ( 'NONE', *, *, #1453, .F. ) ;
#1804 = CARTESIAN_POINT ( 'NONE',  ( -6.799817145947637975, 3.200239116798406780, -0.2747414733051988800 ) ) ;
#1805 = ORIENTED_EDGE ( 'NONE', *, *, #784, .F. ) ;
#1806 = ORIENTED_EDGE ( 'NONE', *, *, #654, .T. ) ;
#1807 = ADVANCED_FACE ( 'NONE', ( #977 ), #1265, .T. ) ;
#1808 = FACE_BOUND ( 'NONE', #1782, .T. ) ;
#1809 = DIRECTION ( 'NONE',  ( -0.000000000000000000, 0.000000000000000000, 1.000000000000000000 ) ) ;
#1810 = FACE_OUTER_BOUND ( 'NONE', #269, .T. ) ;
#1811 = CIRCLE ( 'NONE', #738, 1.999999999999999556 ) ;
#1812 = AXIS2_PLACEMENT_3D ( 'NONE', #576, #754, #448 ) ;
#1813 = ORIENTED_EDGE ( 'NONE', *, *, #1374, .F. ) ;
#1814 = ORIENTED_EDGE ( 'NONE', *, *, #308, .F. ) ;
#1815 = CIRCLE ( 'NONE', #195, 4.800000000000001599 ) ;
#1816 = CARTESIAN_POINT ( 'NONE',  ( -6.957010852370432374, 3.000000000000083489, 0.7745966692415569010 ) ) ;
#1817 = VERTEX_POINT ( 'NONE', #67 ) ;
#1818 = DIRECTION ( 'NONE',  ( 0.7071067811865487940, 0.7071067811865462405, 0.000000000000000000 ) ) ;
#1819 = DIRECTION ( 'NONE',  ( 0.000000000000000000, 0.000000000000000000, 1.000000000000000000 ) ) ;
#1820 = DIRECTION ( 'NONE',  ( 0.000000000000000000, 0.000000000000000000, 1.000000000000000000 ) ) ;
#1821 = DIRECTION ( 'NONE',  ( -0.000000000000000000, 1.000000000000000000, -0.000000000000000000 ) ) ;
#1822 = CARTESIAN_POINT ( 'NONE',  ( 12.00000000000000000, 0.000000000000000000, 1.600000000000000089 ) ) ;
#1823 = ORIENTED_EDGE ( 'NONE', *, *, #618, .T. ) ;
#1824 = CARTESIAN_POINT ( 'NONE',  ( -6.814690014960326891, 1.599999999999999645, 1.600000000000000089 ) ) ;
#1825 = ORIENTED_EDGE ( 'NONE', *, *, #1750, .F. ) ;
#1826 = AXIS2_PLACEMENT_3D ( 'NONE', #1114, #1674, #1261 ) ;
#1827 = FACE_OUTER_BOUND ( 'NONE', #1421, .T. ) ;
#1828 = CYLINDRICAL_SURFACE ( 'NONE', #475, 1.100000000000000311 ) ;
#1829 = EDGE_CURVE ( 'NONE', #34, #760, #646, .T. ) ;
#1830 = CARTESIAN_POINT ( 'NONE',  ( 0.000000000000000000, 4.000000000000000000, 0.000000000000000000 ) ) ;
#1831 = CARTESIAN_POINT ( 'NONE',  ( -6.814690014960329556, 1.743979552642387798, -1.599999999999999201 ) ) ;
#1832 = EDGE_CURVE ( 'NONE', #878, #1300, #1364, .T. ) ;
#1833 = VERTEX_POINT ( 'NONE', #290 ) ;
#1834 = EDGE_LOOP ( 'NONE', ( #1351, #61 ) ) ;
#1835 = DIRECTION ( 'NONE',  ( -0.000000000000000000, 1.000000000000000000, -0.000000000000000000 ) ) ;
#1836 = CARTESIAN_POINT ( 'NONE',  ( 3.283262530739516905, 3.913409910962070359, 5.027101011557626009 ) ) ;
#1837 = CARTESIAN_POINT ( 'NONE',  ( 21.79599554565148978, 4.000000000000000000, -4.880000000000000782 ) ) ;
#1838 = CARTESIAN_POINT ( 'NONE',  ( -6.943183705740521461, 2.931288850598841922, -0.8987846666618941605 ) ) ;
#1839 = VECTOR ( 'NONE', #326, 1000.000000000000000 ) ;
#1840 = EDGE_LOOP ( 'NONE', ( #474, #1657 ) ) ;
#1841 = AXIS2_PLACEMENT_3D ( 'NONE', #307, #1589, #1295 ) ;
#1842 = EDGE_CURVE ( 'NONE', #648, #34, #1401, .T. ) ;
#1843 = AXIS2_PLACEMENT_3D ( 'NONE', #1416, #130, #722 ) ;
#1844 = VERTEX_POINT ( 'NONE', #717 ) ;
#1845 = DIRECTION ( 'NONE',  ( 1.000000000000000000, 0.000000000000000000, 0.000000000000000000 ) ) ;
#1846 = LINE ( 'NONE', #530, #811 ) ;
#1847 = FACE_OUTER_BOUND ( 'NONE', #1790, .T. ) ;
#1848 = CARTESIAN_POINT ( 'NONE',  ( -6.926902993637221506, 2.845546653510045321, -1.014155117536887474 ) ) ;
#1849 = ORIENTED_EDGE ( 'NONE', *, *, #330, .F. ) ;
#1850 =( NAMED_UNIT ( * ) SI_UNIT ( $, .STERADIAN. ) SOLID_ANGLE_UNIT ( ) );
#1851 = EDGE_CURVE ( 'NONE', #1733, #1690, #1478, .T. ) ;
#1852 = CARTESIAN_POINT ( 'NONE',  ( 21.89983551918342641, 3.739839447457706356, 4.625000000039251269 ) ) ;
#1853 = ORIENTED_EDGE ( 'NONE', *, *, #561, .T. ) ;
#1854 = PLANE ( 'NONE',  #1169 ) ;
#1855 = EDGE_CURVE ( 'NONE', #78, #1205, #1523, .T. ) ;
#1856 = FACE_OUTER_BOUND ( 'NONE', #507, .T. ) ;
#1857 = CARTESIAN_POINT ( 'NONE',  ( -6.999999999999999112, 6.875503885280622960E-16, -1.600000000000000089 ) ) ;
ENDSEC;
END-ISO-10303-21;
